track_id,x_mm,_split,true_width_mm,pred_width_mean_mm,pred_width_std_mm,true_y_left_mm,pred_y_left_mean_mm,pred_y_left_std_mm,true_y_right_mm,pred_y_right_mean_mm,pred_y_right_std_mm,true_centerline_y_mm,pred_centerline_y_mm_mean,pred_centerline_y_mm_std,true_peak_depth_mm,pred_peak_depth_mm_mean,pred_peak_depth_mm_std,true_profile_skewness,pred_profile_skewness_mean,pred_profile_skewness_std,true_profile_waviness_mm,pred_profile_waviness_mm_mean,pred_profile_waviness_mm_std
Track_14,22.572664687555424,in-sample (trained on),0.0035395589139726427,0.0035118397974737148,0.0010023678814358062,0.36280444264411926,0.36290229041979394,0.0006832455326500074,0.3663440015580919,0.3665754857500636,0.0007484937725195549,0.4220919907093048,0.412050618047769,0.13039482437025812,0.06227719783782959,0.06227854498367387,0.00018715692680306968,-2.137977634471844,-2.1379788602960614,0.0004863220139252293,0.004313304549524194,0.004313303038949622,5.981283378439175e-07
Track_14,22.78829844396801,in-sample (trained on),0.0015225278980591718,0.0015374521259268192,0.0006431213062604172,0.6669849968131851,0.666949807690526,0.0004382517888218258,0.6685075247112442,0.6684312911544108,0.0004801658301392639,0.4220919907093048,0.5056095710414391,0.1294335299810095,0.06227719783782959,0.06227578804126167,0.00018715670077574284,-2.6466660276241867,-2.6466612706970163,0.000486322004980167,0.004365939919077383,0.004365935472511378,5.981282422983496e-07
Track_14,22.982886888992454,in-sample (trained on),0.0028356672687964006,0.0029503345728897346,0.0012759696798912458,0.7747403307620323,0.7746583370468291,0.0008705562140873769,0.7775759980308287,0.7774332157991817,0.0009533184742504734,0.4220919907093048,0.9782450624519796,0.1251715316982345,0.06227719783782959,0.06227349300738161,0.0001871535103380786,-0.7860419167637783,-0.7860423087126298,0.00048632181135847716,0.004591496351542831,0.004591502484817757,5.981269648704807e-07
Track_14,23.148895957007582,in-sample (trained on),0.007926072960808163,0.007818745885235567,0.0023471332842717246,0.8487727822292419,0.848791080179613,0.001616190122455838,0.8566988551900501,0.8567407673284486,0.001762393220610035,1.7281880378723145,1.4095664638121899,0.12277310454840365,0.05876574665307999,0.05877148495384295,0.00018714363152404039,-0.27153829834628734,-0.2715363089045746,0.0004863207944672712,0.004853717597637371,0.004853706011610615,5.981216572491399e-07
Track_14,23.186166371745674,in-sample (trained on),0.009452918236670287,0.009058041445334397,0.0025131541665568808,0.8238931140821913,0.8240926905187975,0.0017448234534892396,0.8333460323188616,0.8335806778472765,0.0018958828398946287,1.7281880378723145,1.4467944919441775,0.11972805313979319,0.05876574665307999,0.058764918559993384,0.0001871339805885113,-0.12463479227623285,-0.12463773077179896,0.0004863202265480798,0.004776845191680341,0.004776843181844046,5.981176158311968e-07
Track_14,23.253481861657935,in-sample (trained on),0.013665497811003164,0.013860542095268547,0.003805027564528618,0.8118755002929405,0.8123620477289581,0.0026629866258642337,0.8255409981039438,0.8267721384556701,0.0028825579150186147,1.7281880378723145,1.2623896153076206,0.12312408536739733,0.05876574665307999,0.05876787381096832,0.00018714454577764143,0.11110167166251621,0.11110242513256796,0.00048632104028243397,0.0040252713713974965,0.0040252726698826,5.981224350351846e-07
Track_14,23.28742466717511,in-sample (trained on),0.015160039652671133,0.015453622041536885,0.004028821970160294,0.831640700623393,0.8313451557560372,0.0027715906851215515,0.8468007402760642,0.846405272525097,0.003022152603139117,0.4220919907093048,0.9407316104022965,0.13014910875697377,0.06227719783782959,0.06227583088688224,0.00018715548692929844,0.48947873721220375,0.4894761922206755,0.0004863217977931367,0.003526426317384318,0.0035264291481313026,5.981273199458478e-07
Track_14,23.95442944537607,in-sample (trained on),0.09651152340762587,0.11921903514949517,0.026526987102320657,0.7499273430451332,0.7474437720732408,0.01889831155670438,0.846438866452759,0.8613767782801852,0.020139573350555155,0.752597987651825,0.7521259210795274,0.13792269932912787,0.0728888018677632,0.07288887085887197,0.00018716033242036266,0.17944579346600098,0.1794451912461995,0.0004863224033979189,4.6001104128594265e-05,4.600184584236755e-05,5.981302516098387e-07
Track_14,24.0119166174494,in-sample (trained on),0.13002578255189842,0.15823196148876684,0.031076465176740106,0.7340999454912911,0.7314224211976059,0.02424269643831567,0.8641257280431895,0.880523076401085,0.02462689357102124,0.7446339726448059,0.7426426003501121,0.1343220178253689,0.07216932268246361,0.07216964136853123,0.00018715955821938172,0.26603032214635625,0.26602978610592176,0.0004863223412660458,8.904218615971302e-05,8.904322352178942e-05,5.981298743348114e-07
Track_14,24.211431343433368,in-sample (trained on),0.2723783165869485,0.2912651863227239,0.04444736003670626,0.6979287897507508,0.695594849424356,0.03674762100696513,0.9703071063376992,0.9872035008701483,0.035743927929133536,0.7446339726448059,0.7418834149685749,0.1364307441624271,0.07050961016788396,0.07050925619117963,0.00018716008388859785,0.18891827150593635,0.1889175866826781,0.0004863223778252682,0.00016250164260035081,0.00016250207905542716,5.981301171956229e-07
Track_14,24.421219769710717,in-sample (trained on),0.41076471609067156,0.3615127870142448,0.05029457900466932,0.5841958890576286,0.6025007580800099,0.04053095825820197,0.9949606051483002,0.9974224708721858,0.03991020473082266,0.5853539705276489,0.6061198300478915,0.13838666849604905,0.06597731138269107,0.06597726921545914,0.0001871604400392037,-0.8426323420496231,-0.8426313826128756,0.0004863224176616551,0.0007487737427585573,0.0007487719840888914,5.981303307187934e-07
Track_14,24.57880470964926,in-sample (trained on),0.4946212845425757,0.4588327939153716,0.04663981044482811,0.6512150158957829,0.6532431375240749,0.037115864303523115,1.1458363004383587,1.1307074872716127,0.036999512246368466,0.6570299863815308,0.6723927304909707,0.13788961385670048,0.06766968701154955,0.06766998136174844,0.00018716027708690395,-0.19664029328223523,-0.19664074572393597,0.00048632241277276635,0.0003601063383659655,0.0003601075792643158,5.981302793450528e-07
Track_14,24.720502591191895,in-sample (trained on),0.5359835446593296,0.5150724714461654,0.045847323793737016,0.7519316891750016,0.7546103340919157,0.03311790398709312,1.2879152338343312,1.285000553520448,0.03480901306334471,0.752597987651825,0.7665673503468299,0.14124364385464222,0.06757053236166637,0.06757073298811718,0.00018716080298856425,-0.6670538587055628,-0.667053718103046,0.0004863224603454134,0.00016053974203288643,0.00016054080981576965,5.98130552237026e-07
Track_14,25.593718248860107,in-sample (trained on),0.4366397816405828,0.4381066736295247,0.022081199648772334,0.8682346442246817,0.8670734455271447,0.01506553827150774,1.3048744258652645,1.3054839875086708,0.01645554253916667,1.3021140098571777,1.286060632790692,0.14328769420416157,0.0647060578983081,0.06470607089259998,0.00018716101752225454,-0.7614170797984318,-0.7614170180461975,0.0004863224729974266,0.00021040904146662858,0.00021040948248732375,5.981306755504585e-07
Track_14,27.169171678695186,in-sample (trained on),0.7172359387238187,0.7097623973300969,0.01926223907794707,0.6850150474514144,0.6849216967776617,0.013497156986829347,1.4022509861752332,1.3982811148062757,0.01456083360974603,0.6888859868049622,0.7075555471571191,0.13821453484923163,0.04775550321210176,0.04775568870886991,0.00018716040416626354,-0.3704386219407361,-0.37043855475050536,0.00048632242499498834,0.00041616716186859584,0.00041616731455963306,5.98130325961354e-07
Track_14,27.578399370525442,in-sample (trained on),0.7563896281310761,0.74355814999964,0.01658245634641938,0.6611865058363197,0.6656051139423231,0.01150534905883395,1.4175761339673958,1.4196820190009503,0.01248050126809948,0.6809219717979431,0.7163659150632246,0.13882963596972842,0.04658968996169955,0.04658984338361957,0.00018716046020307553,-0.09771470186065125,-0.09771499235798731,0.0004863224335908366,0.0005345992284256555,0.0005345987722890664,5.981303755675697e-07
Track_14,27.885813512320265,in-sample (trained on),0.7722541696996803,0.7662634641435973,0.012221609098666068,0.65925103354739,0.6621795430054911,0.009325259854107449,1.4315052032470703,1.4322527854719624,0.009446716001039369,0.7048140168190002,0.749609389810012,0.1251874704061547,0.04381514680346203,0.04381558700065097,0.0001871308411191508,-0.22951780547597025,-0.22951785835044963,0.00048631784612618913,0.0005094346570408486,0.0005094335608506659,5.981097815642674e-07
Track_14,27.895877249514747,in-sample (trained on),0.7721287641260359,0.771400058772931,0.012463091415425597,0.6599532914540124,0.6585712976652004,0.009393896681219135,1.4320820555800484,1.4314595190184094,0.009565424359633696,0.7048140168190002,0.7420495192873084,0.12575768227215797,0.043746607575928215,0.043746355495654365,0.00018713257665096264,-0.23266966559492502,-0.2326698555713893,0.00048631790361146283,0.0005007486351864903,0.0005007496669296291,5.981103742489608e-07
Track_14,28.515193167768675,in-sample (trained on),0.6180032256589942,0.6091812515575542,0.026931277319978807,0.7386847988542807,0.7372693515317936,0.021285298975628936,1.356688024513275,1.3520728931917383,0.02119957980874779,0.7406520247459412,0.7294808458236023,0.13058979704761184,0.038357262289331805,0.03835719834056067,0.00018715851156584124,-0.6121311289278313,-0.6121310008498578,0.00048632209631112604,0.0002290304730760523,0.00022903060330215267,5.98128886305577e-07
Track_14,28.654337897055846,in-sample (trained on),0.6033602530262859,0.6086198469937388,0.026749020874879893,0.7361464709399705,0.7316075335740011,0.020713867520402315,1.3395067239662566,1.3341991217386222,0.02102654421860318,0.7406520247459412,0.756534520878909,0.131871656054167,0.03872153711206508,0.03872153191546117,0.00018715863466047935,-0.5745051849773497,-0.5745053470181711,0.0004863221694027429,0.00022347153158173538,0.00022347218818934448,5.981291838444127e-07
Track_14,28.81701186373606,in-sample (trained on),0.5923185324763872,0.5989305781764267,0.026618088865553363,0.7346869322408243,0.7300601183503811,0.01970284628298782,1.3270054647172114,1.3214504104720144,0.02062519019851059,1.3260060548782349,1.2587590590515518,0.13596331353809094,0.03847928274245489,0.03847933951375897,0.0001871598318395371,-0.5822044377376693,-0.5822042996243199,0.00048632236643576793,0.000241417846368657,0.0002414186593928825,5.981300395733406e-07
Track_14,28.99064869722845,in-sample (trained on),0.6029795062731936,0.6111996146706761,0.027803288288599064,0.7241687393520932,0.72347671503495,0.02051546575587939,1.327148245625287,1.3291811397978301,0.0214746203502342,1.3260060548782349,1.2727294955046582,0.13646152560702315,0.038639248354094366,0.03863931151416297,0.00018716000346739953,-0.5631791389954143,-0.5631791111618231,0.00048632236901452274,0.0002712033308898031,0.0002712033914736297,5.981300828693626e-07
Track_14,30.694078981406882,in-sample (trained on),0.7457445221118243,0.7444738599851461,0.015426600483790538,0.6750679811633441,0.6750169954607133,0.01055568456420628,1.4208125032751684,1.4197523330994393,0.011527158336456409,0.6769400238990784,0.6958272994440264,0.14200164102830443,0.027829347539227455,0.02782951404220939,0.00018716088762975446,-0.7883101428808044,-0.7883099909166348,0.0004863224668460232,0.00028773164301011103,0.0002877319226484207,5.981306020910062e-07
Track_14,31.107960531276824,in-sample (trained on),0.750662530085955,0.7504031930103064,0.015853833333537664,0.6714667300304094,0.6713758152814309,0.010808133243981157,1.4221292601163644,1.4218337683156401,0.011822813208665107,0.6769400238990784,0.7174487465579034,0.14321191808753414,0.024909588886481343,0.024909563083884013,0.00018716102197704988,-0.7094989869512082,-0.7094989750927951,0.00048632247286311647,0.00033518357810538476,0.00033518380896653847,5.981306712555503e-07
Track_14,31.251525114863277,in-sample (trained on),0.7476641322037139,0.7462648771728851,0.016311766376914654,0.6649622682081275,0.6653334664579191,0.011151746769379701,1.4126264004118414,1.41248827881794,0.012182186384648411,0.6769400238990784,0.7043141265148176,0.14250135762972438,0.024388183209765164,0.024388410519444802,0.00018716092819186255,-0.5837960111621895,-0.583796122353323,0.0004863224707141546,0.00038971712170672427,0.00038971747554778576,5.981306320892904e-07
Track_14,31.514315012166474,in-sample (trained on),0.7350994168049786,0.7357803936605224,0.016588480627968073,0.6701341069552053,0.6701348806260601,0.011389428571699773,1.4052335237601838,1.4055491927907122,0.012405945512840178,0.6809219717979431,0.6942285599264196,0.14068154595761648,0.02208296519851214,0.02208298054778173,0.00018716081072584916,-0.6466828730494977,-0.6466828958840809,0.0004863224439058543,0.0003289989349258191,0.00032899915195419306,5.981304947843558e-07
Track_14,31.617635573540348,in-sample (trained on),0.7289915688009376,0.7288606051409264,0.015415392505045627,0.6744492623910486,0.6743081433269833,0.010796235792755208,1.4034408311919861,1.402815897322915,0.011611907684683785,0.6809219717979431,0.6748443349662917,0.13406543112908992,0.021629989536150415,0.02162982982746271,0.00018716003793363162,-0.5699007767207843,-0.5699007883082627,0.0004863222773344085,0.0003494706350848933,0.0003494707169538055,5.981297251030545e-07
Track_14,31.673504427498926,in-sample (trained on),0.7278334579144816,0.7269419077296956,0.01441107826691066,0.6773048803150892,0.6776914777611733,0.010546102184512216,1.4051383382295708,1.405033186848102,0.011017822938878931,0.6809219717979431,0.6825512247020971,0.1272638054294289,0.021238826896296813,0.021238327656330595,0.00018715770875234896,-0.5242894036390905,-0.5242893888041136,0.0004863218075172026,0.00038135395696000627,0.0003813534427857656,5.981275899648717e-07
Track_14,31.750952302213527,in-sample (trained on),0.7140154420617092,0.71410417468249,0.01640137526431619,0.6877596136108338,0.6872658301928003,0.011791998520695821,1.401775055672543,1.401444823932688,0.012458965085250155,0.6888859868049622,0.7013414343330946,0.1319365573232304,0.02098109485814348,0.02098162271043673,0.00018715902059095323,-0.4982162841572517,-0.4982164577391155,0.0004863220382353829,0.00037402942076923646,0.00037402972823471646,5.98128774472432e-07
Track_14,32.09405413906467,in-sample (trained on),0.6541743874549866,0.6527644729311451,0.016901627301278754,0.7325134878139572,0.7321839586673745,0.013026351919335247,1.3866878752689438,1.384267148397466,0.013125366071757986,0.7406520247459412,0.7367851620033168,0.12642164006268608,0.01897323283910579,0.01897262213077315,0.0001871514214125219,-0.6578982375041958,-0.6578985390078681,0.0004863208261377051,0.00022303664804289213,0.00022303553208246225,5.981233339381259e-07
Track_14,32.10926740627608,in-sample (trained on),0.6510490727614596,0.6528596983841626,0.01737991092399456,0.7324817586705029,0.7322054857400616,0.013179027566604551,1.3835308314319625,1.3846371057843883,0.013377918747404323,0.7326880097389221,0.7391785986611964,0.1274102489778777,0.018873370382370372,0.01887367709974701,0.00018715233609701632,-0.6756652689096393,-0.6756650682311877,0.0004863208833808675,0.00020474732924711706,0.00020474854104662453,5.981237401917262e-07
Track_14,32.3204436439246,in-sample (trained on),0.6298064496887632,0.6315896097909672,0.021650521991789275,0.7338619735611387,0.7339269107120083,0.015224719710593868,1.363668423249902,1.3653982702703518,0.016353988208707496,0.7406520247459412,0.7397545827133475,0.13771016419942922,0.01772160754500035,0.0177217789841424,0.0001871604796635544,-0.7939238992298709,-0.7939237049895356,0.0004863224047947443,0.0001702607033798023,0.0001702607993152432,5.981302728366108e-07
Track_14,32.617603740320035,in-sample (trained on),0.6394044970611177,0.6404711120034581,0.017692516895658348,0.7261518076121569,0.7263769889514015,0.012562114972928397,1.3655563046732746,1.3659689150967929,0.013362210092234102,0.7406520247459412,0.741252957768308,0.1246973327241257,0.018389619339657368,0.018392743693964424,0.00018704790680279537,-0.620996311613959,-0.6209951592135641,0.0004863044861493877,0.00021902716007079337,0.00021902755901430588,5.980485338229137e-07
Track_14,32.626507382960526,in-sample (trained on),0.6392848203106533,0.6427272247312641,0.01770634957428989,0.7257669038242764,0.7248892478771496,0.012566385031387493,1.3650517241349296,1.3662334450486224,0.013372269142982137,0.7406520247459412,0.7439006562930214,0.12475029582060951,0.018422599452851195,0.01841968357325394,0.00018704823196462472,-0.6108240091595286,-0.6108252281251514,0.0004863045056250746,0.00021937918006331093,0.0002193789677877765,5.980487339435248e-07
Track_14,33.17164505681874,in-sample (trained on),0.682175302885443,0.6818548955375108,0.026539694359951942,0.6772890185929864,0.6777298654763095,0.0181099583809623,1.3594643214784294,1.360572913038224,0.01975477687341252,0.6809219717979431,0.723927346488939,0.14327562874632505,0.017683474171418148,0.01768336507711138,0.00018716102361829022,-0.4494635166201986,-0.4494637513352703,0.0004863224730242886,0.00037428863214654623,0.00037428902900058024,5.981306747079957e-07
Track_14,33.58755647420577,in-sample (trained on),0.7019107933063431,0.7010731617000041,0.02368483519351784,0.6708480126829262,0.6701410304354886,0.016736256068811243,1.3727588059892692,1.3724491771662055,0.017936611687864593,0.6888859868049622,0.7049917376878966,0.13852223383888743,0.016786679868664355,0.01678675182282647,0.00018716048927656131,-0.4285951465600174,-0.4285952977669637,0.0004863224133368689,0.0004727956656875951,0.00047279528223814765,5.981303203449323e-07
Track_14,33.91538270412236,in-sample (trained on),0.7400174243041718,0.7399008025518624,0.018490238584646126,0.6615196616051207,0.6618888099219736,0.012705467842811725,1.4015370859092926,1.4022740253174173,0.013837372555896012,0.6649940013885498,0.6792448285735229,0.14142881723735767,0.01575554218361078,0.015755518397985266,0.00018716083276538623,-0.43881713792968347,-0.43881726582223995,0.00048632246174223865,0.0003567419300442274,0.0003567422400611943,5.981305634863836e-07
Track_14,34.02019254378454,in-sample (trained on),0.7421531556617647,0.7410312493474305,0.016180213119145723,0.6558132736928879,0.6570459638280761,0.011319238475283168,1.3979664293546525,1.3981139900767559,0.012212573980530543,0.6649940013885498,0.6896256405494777,0.13581538060509318,0.01598206273013214,0.01598198868321911,0.00018716015516566606,-0.3990369703152466,-0.3990369857356928,0.0004863223703307622,0.0004037669429157252,0.000403767095073981,5.981300810192465e-07
Track_14,34.51422041846447,in-sample (trained on),0.7201731434417149,0.7243227080360599,0.015479724039574221,0.6705877579866893,0.669641841142419,0.010721211200676588,1.3907609014284044,1.3911013011416915,0.01163403696380814,0.6729580163955688,0.6895509368662004,0.13834776570400562,0.015909264152022925,0.01590923324305902,0.00018716041166910128,-0.5004739434293421,-0.5004740462378401,0.0004863224122892498,0.000247067487238041,0.0002470678899560572,5.981302934356644e-07
Track_14,34.72545091447498,in-sample (trained on),0.710176214753869,0.7110341923865322,0.01600185673063536,0.6709114693075537,0.671659418080787,0.01136730330837259,1.3810876840614228,1.3815292245552637,0.012178784537808116,0.6729580163955688,0.6734607010391305,0.1332296366038841,0.015287352994303493,0.015287536577352396,0.00018715952680110347,-0.5811118535589794,-0.5811117980286405,0.00048632231085822607,0.0002069450345021703,0.00020694493717745449,5.981297498483716e-07
Track_14,35.43972918690892,in-sample (trained on),0.7337985195486669,0.7357706045884489,0.020911105453673366,0.6550945233538806,0.654878233447351,0.014848454698223981,1.3888930429025474,1.3892516966943438,0.015923207388785134,0.6570299863815308,0.7155099749896893,0.13737812511412784,0.01232855421302345,0.012328661814088803,0.00018715992914223798,-0.5585499500888246,-0.5585498395758064,0.0004863223935126927,0.000327665165506227,0.00032766536845111363,5.981301317652862e-07
Track_14,35.4859313332386,in-sample (trained on),0.7435552143005736,0.7424573498410143,0.014951741588881398,0.6510332001157966,0.6514265126742885,0.011131386372746481,1.3945884144163703,1.394033849441558,0.011481742353733476,0.6689760088920593,0.6968438448617287,0.12416426907305093,0.012577089880865932,0.012577922092200601,0.00018710313609070792,-0.5357974304987596,-0.5357975691925168,0.00048631666944949593,0.0003859413820429269,0.000385942670095323,5.981000094507115e-07
Track_14,35.488978942186286,in-sample (trained on),0.7435552143005736,0.7426297020535798,0.01544327055891631,0.6510332001157966,0.6506341238531165,0.011402697650456154,1.3945884144163703,1.3940408867269876,0.011821214185007162,0.6689760088920593,0.7009495150340277,0.1251699312169888,0.012577089880865932,0.012576033644822958,0.00018710787974453717,-0.5357974304987596,-0.5357972979928077,0.00048631693565525215,0.0003859413820429269,0.0003859392918161075,5.981020061699424e-07
Track_14,35.923618538059344,in-sample (trained on),0.7724605990307671,0.7700280328649565,0.015956852167498495,0.6376414500058644,0.6378181581622918,0.011063262638826968,1.4101020490366316,1.4090818980691604,0.011996371623561507,0.6849039793014526,0.6703842459922392,0.1383028832760097,0.013493474919578708,0.013493491891147935,0.00018716043746010364,-0.3400603361783946,-0.3400604822546,0.0004863224045798481,0.0006329967786571449,0.0006329961528688431,5.981302840033793e-07
Track_14,35.991630285803275,in-sample (trained on),0.7656545218718479,0.7623864035550854,0.01654824127716842,0.6405943321041851,0.6418401445989618,0.011651195090610926,1.4062488539760332,1.4060504438212056,0.012553909979316531,0.6769400238990784,0.707097801203515,0.13655403452825526,0.013351876052572976,0.013351957606750864,0.00018715999385436767,-0.3064097366513989,-0.30641004213801165,0.00048632238948338854,0.0006132087346835104,0.0006132098373134412,5.981301331693921e-07
Track_14,36.07286056566859,in-sample (trained on),0.7594197572939899,0.7526781927586026,0.017335233153603365,0.6397217813715992,0.6405095459434107,0.012122204184101914,1.3991415386655892,1.3946205759985733,0.01310809559991976,1.3777719736099243,1.2695073399233727,0.13816610295486953,0.013300983298329577,0.013300653172483082,0.00018716019877596413,-0.26696960071806874,-0.266969983626674,0.0004863224257471251,0.0005512354052485232,0.0005512391858969741,5.981302991016429e-07
Track_14,36.17179056268462,in-sample (trained on),0.7633382991490612,0.7631455010274903,0.014624212933709949,0.6357556450889406,0.6365641779908869,0.011338928296054995,1.3990939442380017,1.3998948608948114,0.01154238805675705,1.3777719736099243,1.3266341014164182,0.1269858955277076,0.013379334591520138,0.013379574898562915,0.00018715035314165957,-0.22437442317506506,-0.22437458574825797,0.00048632146513326275,0.000583437865743037,0.000583438992137691,5.981254197987402e-07
Track_14,36.18524737449275,in-sample (trained on),0.7644012233175604,0.7619722908557274,0.014701400590452628,0.6359142903312743,0.6354047092372433,0.011375737393394965,1.4003155136488348,1.3981143927801052,0.011580399856399992,1.3777719736099243,1.2862203789538704,0.12706449195390024,0.01356861557966719,0.01356837481815916,0.00018715048679308888,-0.20758026218050954,-0.2075805720505956,0.00048632145288415456,0.0005859480154161917,0.000585946855847639,5.981254016608532e-07
Track_14,36.33826431000673,in-sample (trained on),0.7683039029755915,0.7622806237403044,0.016678519734931174,0.6413716927942527,0.6423340418444395,0.012225045302897853,1.4096755957698441,1.407627310171045,0.012895278764615242,0.6968500018119812,0.7206026109328492,0.13114772424901594,0.013821817473009495,0.013822019616552246,0.00018715860840029668,-0.19122420617199015,-0.1912246401220158,0.0004863221860303455,0.0006918242737692973,0.000691821561400663,5.981292576013797e-07
Track_14,36.528010390789404,in-sample (trained on),0.7479179625017235,0.7477075065300288,0.010498060888772654,0.6499226812822411,0.649709258480302,0.00791894535200278,1.3978406437839646,1.3969688109749492,0.008044912124798152,0.7008320093154907,0.7000292495893996,0.1230742754162706,0.012871130737899378,0.01287048632884589,0.00018713089458530826,-0.23543635200902094,-0.2354371838010662,0.00048631598075223276,0.0004659467327602136,0.00046594527290409895,5.981024500863287e-07
Track_14,36.53747845730117,in-sample (trained on),0.7466646639474359,0.7458728774555394,0.010117811574923998,0.6508904180203776,0.6509862018238526,0.007803976727525052,1.3975550819678135,1.397055716139776,0.007824835028377981,0.7008320093154907,0.6982774264384806,0.12198158016832629,0.012832137936305615,0.012832515588001275,0.000187126072251658,-0.24771980367402005,-0.24771885812007882,0.00048631549056723817,0.0004606752820776963,0.0004606785180834689,5.980995445028885e-07
Track_14,36.83588298338134,in-sample (trained on),0.7331639350173008,0.7349290583769236,0.015056011031272883,0.6683890085771265,0.668408456045994,0.010623469794901507,1.4015529435944272,1.4020871535785844,0.01144517934472415,0.6809219717979431,0.7436702628229708,0.1351844995236855,0.011051606843606211,0.011051578872121472,0.000187159582134784,-0.5671232357546252,-0.5671230527265331,0.0004863223715664155,0.0004188018168875469,0.0004188019585259572,5.981299949227657e-07
Track_14,37.04065231044344,in-sample (trained on),0.7385261505248537,0.7354540044176344,0.014573754628715914,0.6711970334983917,0.6710264955647172,0.010183230181521346,1.4097231840232454,1.4074358577953159,0.011012779087276433,0.7127779722213745,0.7076234498757035,0.1362154762809141,0.010299302592436423,0.01029920306074285,0.00018715994883723635,-0.7625321772091647,-0.7625320697267002,0.0004863223788191633,0.0005332433896087283,0.0005332427643537922,5.981300930945578e-07
Track_14,37.26812812269457,in-sample (trained on),0.7269291725766611,0.7291722022429181,0.013200900972452691,0.6771621020191694,0.6771474259967379,0.00939205425969733,1.4040912745958305,1.4055675466725652,0.01007550189634667,0.6968500018119812,0.7176897779098828,0.1320160402572872,0.009516948975528343,0.00951708409445396,0.00018715877979481532,-0.7743924161167179,-0.7743919579009255,0.0004863222596323276,0.0003973431905582335,0.0003973439760907027,5.98129489014837e-07
Track_14,37.419720042111564,in-sample (trained on),0.7209799683901418,0.7197694531531484,0.012294688086306503,0.6735608496988912,0.6739400751688381,0.008675601876855501,1.394540818089033,1.3943643551794316,0.009336155216847802,0.6769400238990784,0.6967651190086879,0.13168393678270252,0.009969216816567827,0.009969156491378446,0.00018715878026374677,-0.5895305181349753,-0.5895307992069301,0.00048632221702913785,0.0004186868216576951,0.0004186875262631647,5.981293625460473e-07
Track_14,37.48299358583544,in-sample (trained on),0.7205198967599299,0.7202080089753642,0.009351988783457959,0.6719902599475298,0.6717226983668766,0.007088963708911339,1.3925101567074598,1.3922200311189479,0.007227619158916888,0.6769400238990784,0.6735675250771228,0.12235099929723445,0.010081456534988943,0.010081779018599012,0.00018706416068311926,-0.5453365924793514,-0.5453366058670439,0.00048631245693218954,0.00045150733832505707,0.0004515040582106897,5.980788286910328e-07
Track_14,37.485484074805825,in-sample (trained on),0.7202501995155061,0.7178114407317793,0.009661650009316172,0.6720378536627112,0.6725299770078964,0.007228048577830649,1.3922880531782174,1.391213280089154,0.007427879761648812,0.6769400238990784,0.6748851247568803,0.12340899758043619,0.010080978094819053,0.010080598198570878,0.0001870717078120012,-0.5445243801149073,-0.5445246475609169,0.000486312986500738,0.000450873678306926,0.00045087473180905854,5.980822760401418e-07
Track_14,38.0532836178857,in-sample (trained on),0.7427461239921145,0.7427579254453549,0.00976159612289973,0.6513187621694162,0.6512815688151482,0.0066508951710794505,1.3940648861615306,1.3940824621720802,0.007283949243964535,0.6729580163955688,0.7076628984094027,0.14341342201161356,0.010131229207944618,0.010131239730454707,0.00018716103370019498,-0.436718984758595,-0.4367192381366757,0.0004863224731317367,0.00040559905213389906,0.0004055992206316917,5.98130680720867e-07
Track_14,38.26577936522244,in-sample (trained on),0.7319899621712734,0.7314821879349274,0.014175627111163745,0.6554594087410733,0.6555903995019439,0.009671510979024587,1.3874493709123468,1.3874205084330111,0.010579216669818132,0.6610119938850403,0.6886094139419361,0.14297947822598903,0.007983126761797448,0.00798314287594308,0.0001871609854008324,-0.6398447760249425,-0.6398448042014909,0.00048632247248704815,0.0002207472602347372,0.00022074780127743273,5.981306588498731e-07
Track_14,38.3897667673583,in-sample (trained on),0.7000546398390812,0.6944990044635031,0.019094678704730254,0.6747824205345366,0.6752792060120157,0.013610204864696726,1.3748370603736177,1.3724091380043455,0.014553104508121206,0.6769400238990784,0.6823772452579773,0.13534288525865087,0.007897155737373396,0.007897183163930304,0.0001871598592718699,-0.6246129054542326,-0.6246131062040606,0.00048632236936372913,0.00018720120699873384,0.00018720128643724975,5.981300323215456e-07
Track_14,38.4547164630841,in-sample (trained on),0.6911863599165502,0.6900605915239464,0.020478253779031858,0.6817786838428908,0.6804844840987736,0.014419904543735438,1.372965043759441,1.3696622391973132,0.015511931979839343,0.6888859868049622,0.7107369635849654,0.13792905051956236,0.007693930651730625,0.007693959633886185,0.00018716034531586975,-0.6092118940194049,-0.6092119371516853,0.00048632241747362096,0.000192043933627719,0.00019204427878638107,5.981302956326766e-07
Track_14,39.073123750233975,in-sample (trained on),0.674322351041543,0.669552120780187,0.023044228223339073,0.6885528421971903,0.6884694788347694,0.016091771715609153,1.3628751932387333,1.3601235917308159,0.01735630807494447,0.6888859868049622,0.6956677239663629,0.13959068318817688,0.005870383394182312,0.005870468458677242,0.0001871606437879947,-0.5558625768298018,-0.5558627118646354,0.00048632243197911505,0.00023655424871839846,0.0002365542685464874,5.981304203833048e-07
Track_14,39.250818839829336,in-sample (trained on),0.6992296813968644,0.6964612179465642,0.02500904272884766,0.6830478462564993,0.6840535664255407,0.01748721502406376,1.3822775276533636,1.3827809826460002,0.01884131259053218,0.6888859868049622,0.6957958229067691,0.14001917033426667,0.006538929708929371,0.006538857661642677,0.00018716069208744542,-0.48579504319008165,-0.48579511472656073,0.0004863224436640961,0.00027325778413376324,0.0002732582255197809,5.98130463448035e-07
Track_14,39.49211285961522,in-sample (trained on),0.7265484245174909,0.726503841953897,0.018929425416975267,0.6698644130353434,0.6699356323932262,0.013311753902885541,1.3964128375528344,1.396943632062411,0.014323268513273453,0.6809219717979431,0.6811527266246721,0.13739117276084406,0.006375164351306416,0.006375101050404916,0.000187160206513274,-0.4292444473381373,-0.4292446210237953,0.0004863223896176987,0.00035461005887991363,0.00035461018133251855,5.981301850717497e-07
Track_14,39.54429691008347,in-sample (trained on),0.7326245445654211,0.7316737094349923,0.017487202815871752,0.666516994100168,0.6663052841764102,0.012397850817156116,1.3991415386655892,1.398013450116277,0.013309534986631722,0.6809219717979431,0.6774068606176904,0.13594596726110794,0.006594327666699518,0.006594375312045285,0.00018715984614186496,-0.40913695081272455,-0.40913699771558554,0.00048632237422575636,0.00038435428415610826,0.00038435406061014147,5.981300580910215e-07
Track_14,39.89874111131601,in-sample (trained on),0.7372411235395181,0.7388307885500337,0.016979962164768974,0.6714032743556566,0.6708550246970524,0.011837552256607545,1.4086443978951746,1.4079966907178887,0.012798601219721992,0.6809219717979431,0.6699302214900804,0.13731085747989924,0.005568876606508178,0.0055688920639587825,0.00018716033101358,-0.5235494772591409,-0.5235493746651062,0.00048632240044309586,0.0004089155464993322,0.0004089151660325839,5.981302361316393e-07
Track_14,40.561964299004075,in-sample (trained on),0.7475530787768117,0.746449318576983,0.011998839898748071,0.6497005817899666,0.6496757270304878,0.008308307854643726,1.3972536605667782,1.396440143916919,0.009031126232831749,0.6809219717979431,0.6867483986009204,0.13674777524810902,0.008802642181340482,0.0088025593237821,0.00018715999549561704,-0.2940543152362421,-0.2940546398882426,0.0004863224045529861,0.00043482548976313663,0.00043482513767321095,5.98130184113654e-07
Track_14,40.746870852725294,in-sample (trained on),0.7591817889555517,0.7584726845227772,0.012914289414436446,0.6401025334677374,0.6395792429238963,0.009348706912327018,1.399284322423289,1.3978942934997034,0.00993652144087132,1.3937000036239624,1.3484683843670233,0.12803959076387772,0.008663863243782544,0.008663853010016279,0.0001871570649046942,-0.2518807692457315,-0.25188095057288734,0.00048632208548572204,0.0004389688025313149,0.00043896914943253166,5.981285210554747e-07
Track_14,40.84309795162252,in-sample (trained on),0.7496154714390576,0.7471704402388589,0.013436731890755714,0.6390713379677548,0.6400800769627031,0.010751594183924495,1.3886868094068126,1.3886904626801313,0.010683637280886138,1.3618439435958862,1.34314000545797,0.12151776304832733,0.008755792038054901,0.008755605090700471,0.00018714990904306685,-0.30614517680762976,-0.30614583337889273,0.00048632117128889063,0.0004254214183378038,0.00042542050064861797,5.981237635992464e-07
Track_14,40.875820251691295,in-sample (trained on),0.7444436312671676,0.7493746577794547,0.01648764756484818,0.6415303418360858,0.640900539462842,0.01217687966474865,1.3859739731032534,1.3870199953300963,0.012702308181477835,1.3698079586029053,1.293369546546336,0.12941760883586154,0.008492541277549883,0.00849244674852186,0.00018715703254812576,-0.36027227630037145,-0.3602721746749315,0.00048632191896787755,0.0004078968100153534,0.0004078969031080533,5.981279598573682e-07
Track_14,41.0384035194877,in-sample (trained on),0.7304669744464981,0.7302859744796509,0.017075641324624215,0.650208245473079,0.6501043180114751,0.012572780697408584,1.380675219919577,1.3814505764406704,0.013178189865336259,1.3737900257110596,1.3839207109092726,0.12961390565741235,0.00727204107509815,0.0072721942292459365,0.0001871574569345569,-0.4955399177858135,-0.495539298957088,0.0004863220454075495,0.0003794310086244199,0.0003794318932581955,5.981284909084141e-07
Track_14,41.16254248501901,in-sample (trained on),0.7439201049120777,0.7450158834871804,0.013614949544790476,0.6426249946731021,0.6432792616978842,0.010160922348125153,1.3865450995851798,1.387283867505368,0.010489301726909915,1.3737900257110596,1.3563011138130738,0.1225117793841018,0.00697803043294698,0.006978470967156318,0.00018706517924543662,-0.3182900828041812,-0.3182902509098947,0.0004863143182097038,0.0004660710264574978,0.000466070209866854,5.98085242584165e-07
Track_14,41.166904831230966,in-sample (trained on),0.7441898023939703,0.7460850962128375,0.014320701092000565,0.6423711620004053,0.6416706195739543,0.010612953801925125,1.3865609643943757,1.3870404339360944,0.011020292603838428,1.3737900257110596,1.3338894058223387,0.12398023253153527,0.00697803043294698,0.0069774999257420575,0.00018707700467169566,-0.31413060900546713,-0.31413063136252883,0.00048631508397764376,0.0004693410036998721,0.0004693412385812863,5.980904342444697e-07
Track_14,41.47719971984182,in-sample (trained on),0.7245336350691746,0.7271524392713988,0.021673090923619694,0.659838021751419,0.661403034180407,0.016221814763746418,1.3843716568205937,1.3888054647712278,0.01691527683762587,0.6729580163955688,0.6914215942079804,0.13314953804571383,0.0035102078612748596,0.003510274076923202,0.00018715901238466347,-0.5259173826995928,-0.5259173317703805,0.00048632229855541506,0.0003885386660661438,0.0003885382175536546,5.981296383127284e-07
Track_14,41.55014449978596,in-sample (trained on),0.7049088182430419,0.7098070101833625,0.02392587655685164,0.6729105926222272,0.6704359462839462,0.01764402222606853,1.377819410865269,1.3753672242503594,0.01852128145497758,0.6729580163955688,0.6832512048155421,0.13549995206812424,0.0023675542486016102,0.002367463001861912,0.00018715957674209552,-0.6193265557883099,-0.6193265551707771,0.0004863223372636032,0.0003184778172727012,0.00031847807908488564,5.981299086280458e-07
Track_14,42.0002132259623,in-sample (trained on),0.6994414660665724,0.7071913743567062,0.022341024546017246,0.663113609665916,0.6624818892712998,0.015578991298636324,1.3625550757324885,1.36582629293182,0.016836090180059327,0.6649940013885498,0.671170453437023,0.14003524687738217,0.0010544226003075046,0.0010542926649501519,0.00018716064566370175,-0.587804898173529,-0.587804860897866,0.00048632244661891885,0.0003184011449533057,0.00031840092602583114,5.981304688662288e-07
Track_14,42.966320371342945,in-sample (trained on),0.6371993242032025,0.6409078923439812,0.01815823574181202,0.7331797998264966,0.7324796546992267,0.013807790421251902,1.370379124029699,1.3716096958497868,0.014038471144149696,0.7366700172424316,0.7462458812494952,0.1265290427337139,0.0041316891640976626,0.004131742477333769,0.0001871514157851233,-0.6682108296782945,-0.6682104989032591,0.0004863209419939907,0.00011144848695199912,0.00011145061026456395,5.981235836404894e-07
Track_14,43.01020119880781,in-sample (trained on),0.6427995073367875,0.6420677268683737,0.01646858219465199,0.7316409389811208,0.7312578690473828,0.013166521659728495,1.3744404463179083,1.372461370241604,0.01295865955414564,0.7326880097389221,0.7602506526264421,0.12298273041306088,0.004192145228827078,0.004191939425215336,0.00018714687441930515,-0.6439041537315647,-0.643904284709677,0.00048632046210219445,0.00013256077238594057,0.00013255920969525083,5.981208648756759e-07
Track_14,43.04977121959155,in-sample (trained on),0.6456075320205841,0.6421762687247305,0.021716653235044733,0.7289281017276871,0.7290275739332631,0.0157286169126783,1.374535633748271,1.3733885052872272,0.016598288483932175,0.7326880097389221,0.7592629295337964,0.13387059686793423,0.004365893099955948,0.004366030021535508,0.00018715943207730734,-0.6333243410711898,-0.6333243390985767,0.0004863222369070453,0.00013865824497841638,0.0001386583923381509,5.981295360276534e-07
Track_14,43.20518500077445,in-sample (trained on),0.6603456935084674,0.6566549556521074,0.021569632980042098,0.7130952897774746,0.7142263397281251,0.016058189279831964,1.373440983285942,1.3724210879368455,0.016820278645804692,0.716759979724884,0.7079862116083498,0.13391587474401617,0.00395593458673677,0.003955971587996585,0.00018715907404906064,-0.6292972563212503,-0.6292971806017509,0.0004863223249607929,0.00018465976681572712,0.00018465969193044306,5.981297506577979e-07
Track_14,43.24193333271377,in-sample (trained on),0.6628681559011755,0.669165040356769,0.021860132950874297,0.7108901183443715,0.7087174648452507,0.016146385355443802,1.3737582742455472,1.3729146823118414,0.016972559663994417,0.7127779722213745,0.7048970286571761,0.13461087946703607,0.0036982758859711224,0.003698261833946635,0.0001871592681862696,-0.6290638031190722,-0.6290636509987038,0.0004863223350071926,0.00019457050774485964,0.00019457057189236222,5.98129835895331e-07
Track_14,44.449471258550325,in-sample (trained on),0.6868553403839172,0.6888250793433245,0.015979771097420745,0.6559670750363414,0.6558954939372439,0.011800694202337925,1.3428224154202586,1.3438244312021665,0.01231929449760309,0.6610119938850403,0.679755519780337,0.1293522258830073,-0.00187871570783389,-0.0018792582550817049,0.00018715673078768577,-0.7588838066135337,-0.7588838134589457,0.0004863219242597022,0.00026427562605662105,0.00026427517141177666,5.98127964433118e-07
Track_14,44.554146515393114,in-sample (trained on),0.6849674596729507,0.6896486643657955,0.015245668977023357,0.6607264368182635,0.6607068866073998,0.011939983447620336,1.3456938964912142,1.3482533096354443,0.012123554389723172,0.6610119938850403,0.6652621302117956,0.12532187534837955,-0.0023142267031616005,-0.0023139292488073403,0.00018715427682652308,-0.7972042293327745,-0.7972040808932933,0.0004863217778883493,0.00026062204669945573,0.0002606220670897956,5.981269700409215e-07
Track_14,44.67437168935112,in-sample (trained on),0.6659141448864424,0.6687782940221442,0.01674421082826893,0.6777173610797441,0.67727393064473,0.012482233360750602,1.3436315059661865,1.3442176772850005,0.01300406509766619,0.6849039793014526,0.6873269342448384,0.1297227178840999,-0.0024622063688565826,-0.002462423372364903,0.00018715701238388466,-0.8564962751833237,-0.8564963005872527,0.0004863219994465848,0.00018157216033960164,0.00018157185239219746,5.981283398757473e-07
Track_14,44.724983856326986,in-sample (trained on),0.6624398100898561,0.6644692116577569,0.016765155974292793,0.6800494490866642,0.6798155660970775,0.012881098334977472,1.3424892591765203,1.3437702061435233,0.013195272966030435,0.6849039793014526,0.6738393303060422,0.1278315071672306,-0.002703182695602829,-0.0027030790267979924,0.00018715593945554967,-0.8894789783345082,-0.8894785402134827,0.00048632190986164117,0.000164693326653352,0.00016469466449036736,5.981277857641035e-07
Track_14,44.79878384403884,in-sample (trained on),0.6620749244651947,0.6660783676881306,0.019575508459511334,0.6832540866388268,0.6825655127263363,0.013782052805441663,1.3453290111040215,1.3465700594812182,0.01484153919593288,0.6849039793014526,0.6690664207487454,0.13783393712756048,-0.002831998557948898,-0.0028319432933647205,0.00018716026325353672,-0.904163619797654,-0.9041632980996042,0.00048632241938082485,0.00014179606006448742,0.0001417968189097263,5.981302940138255e-07
Track_14,44.901006181201765,in-sample (trained on),0.672783490433636,0.6739157725030037,0.019827692921471508,0.6820166512314542,0.6817874169899255,0.013762481464032592,1.35480014166509,1.3550669809462197,0.014911565765805407,0.6849039793014526,0.6795977467545458,0.13982528930396576,-0.002701272756679805,-0.0027012323479233685,0.00018716061448006947,-0.8223064508588248,-0.8223063151925811,0.00048632244285823535,0.00014281604091817513,0.0001428164621119296,5.981304475073125e-07
Track_14,45.1188164499322,in-sample (trained on),0.6818580064640577,0.6821980307568821,0.0196835849059788,0.6675164602192275,0.6675346358389026,0.013548657701885783,1.3493744666832852,1.3497864124397052,0.014734883387983025,0.6689760088920593,0.6924992790436226,0.14107532612649903,-0.0017189877340861017,-0.0017190146365080239,0.00018716081752528108,-0.6996303637270525,-0.6996303232268295,0.0004863224564772819,0.00024644596557907934,0.0002464460970985065,5.981305384602791e-07
Track_14,45.31319942590976,in-sample (trained on),0.6853622427535435,0.6881206400390316,0.019475252553873033,0.6663845391973616,0.6666551714051745,0.013662476572659565,1.3517467819509053,1.3538255544761622,0.014723146362515642,0.6689760088920593,0.6771273006568139,0.1377978907718676,-0.0021796094578603415,-0.0021796463612090344,0.00018716037181027245,-0.6428747155541453,-0.6428747944856422,0.00048632241153711306,0.0002226763722167752,0.00022267640386301068,5.981302799727706e-07
Track_14,46.487038378707624,in-sample (trained on),0.6680241286517139,0.673964129433545,0.019865161461232603,0.6571410500195872,0.6569385217694993,0.014035259136056452,1.325165178671301,1.3291277281469596,0.015082507029177327,0.6610119938850403,0.662314679696389,0.13756078990926504,-0.008524873009996443,-0.008524895248041035,0.00018716023277323243,-0.7122567536743547,-0.7122564216611685,0.00048632241363235116,0.00019092704773275245,0.0001909277036990073,5.981302562186087e-07
Track_14,46.968911425782736,in-sample (trained on),0.7478545038586119,0.7473387591795235,0.013999949688759243,0.6297588496806612,0.6297847117655351,0.009583079631296131,1.3776133535392732,1.3775511858730138,0.01046125161332607,0.6371200084686279,0.6757291890036631,0.14113475359878422,-0.01030027711960046,-0.010300246093979597,0.00018716083886142793,-0.5283677686582808,-0.5283678416712498,0.0004863224528509086,0.0002980645827115397,0.00029806499163497456,5.98130528466356e-07
Track_14,47.23326663743103,in-sample (trained on),0.7508370390688756,0.7509964360609643,0.01600783420900315,0.63072658784361,0.6310692672051164,0.01139200685351423,1.3815636269124856,1.382187905372369,0.012225625785452082,0.645084023475647,0.6593676393166813,0.13480520804441676,-0.010955449743795465,-0.010955565535560798,0.0001871594632611366,-0.43910559070847005,-0.43910550199385767,0.00048632237309755114,0.0003356015159298919,0.00033560237348293084,5.981299616206702e-07
Track_14,47.29295762463016,in-sample (trained on),0.7575318743270707,0.7580759157190218,0.01642769719326258,0.6296636639125793,0.6291348214455145,0.011505189228822044,1.3871955382396501,1.3860120193039678,0.012433581539808834,0.645084023475647,0.6447764696094458,0.1373518848594445,-0.010854313212316917,-0.010854615244294583,0.00018716011812035108,-0.39118586745782813,-0.3911861691285805,0.0004863224147336943,0.0003568885198454967,0.00035688874289660575,5.981302454317742e-07
Track_14,47.30775316885915,in-sample (trained on),0.7599274199084932,0.762280135405525,0.01690788479542262,0.6287752500330784,0.6283101210834799,0.01176316522505719,1.3887026699415717,1.3889523071956014,0.012747470972366778,0.6291559934616089,0.6122882879951735,0.13873605234431272,-0.011180700962431728,-0.011180732808748999,0.00018716038165774858,-0.3846210416596366,-0.384621101126046,0.0004863224327312518,0.00037311732414510606,0.0003731174246561381,5.981303630132164e-07
Track_14,47.691321392721775,in-sample (trained on),0.7756174509506302,0.7740510271186118,0.016608620393883965,0.6272205250909129,0.6273873315529727,0.011861116532718055,1.402837976041543,1.4017171759817684,0.012704424112223263,0.6291559934616089,0.6304772170943165,0.13484844955082279,-0.011243284241006266,-0.011243337436421955,0.0001871594738120551,-0.382099578488054,-0.38209964616046116,0.0004863223678057314,0.0005886951481185895,0.0005886938142397341,5.981299510485759e-07
Track_14,47.88430149167894,in-sample (trained on),0.7534546840238381,0.7537595248164356,0.019149739832689274,0.6385954022407532,0.6383943997662674,0.01357348899622456,1.3920500862645913,1.392016304952655,0.014570164095088151,0.645084023475647,0.6461963173629273,0.13715854695574417,-0.010107557234518668,-0.010107570150219746,0.00018716003347881287,-0.40001116535236453,-0.40001129622738246,0.00048632239920744257,0.00042185537650126404,0.00042185578218702344,5.98130173954536e-07
Track_14,48.057814262687174,in-sample (trained on),0.7473785627885644,0.7478590437676641,0.0190268590750057,0.6390237459148543,0.6389962835209707,0.013193154066409137,1.3864023087034187,1.3867251874863094,0.014306692580708862,0.645084023475647,0.6867094003056844,0.1399667728668321,-0.010178043202347593,-0.01017801717672708,0.00018716060650831302,-0.4280573700432583,-0.4280574885754455,0.00048632244167630623,0.0003699103857533465,0.000369910825405719,5.98130447573388e-07
Track_14,49.23647899056971,in-sample (trained on),0.7251364804834008,0.723359610292104,0.015474314212169419,0.6364536864824029,0.636842850974491,0.010652227334308598,1.3615901669658037,1.3615375770025486,0.011598171851980203,0.645084023475647,0.6439931307726616,0.14009614548584454,-0.019577943149286542,-0.019577967928030314,0.0001871606665309415,-0.5326339490534286,-0.5326340794877886,0.00048632244729046944,0.0002766093329213605,0.000276609514854921,5.981304702868527e-07
Track_14,49.380014881268835,in-sample (trained on),0.7398905046432617,0.7409206411744211,0.012398870732269288,0.6240000207110705,0.6237970310934224,0.008580304586110326,1.363890525354332,1.364176598376429,0.009327675518074195,0.645084023475647,0.6813445441305515,0.1374287644487871,-0.019995589602776632,-0.019995959325047753,0.00018716006231790083,-0.4216755095028377,-0.4216755504450219,0.00048632240170561113,0.00034431448573577807,0.0003443155602423794,5.981302062489675e-07
Track_14,49.53135105028328,in-sample (trained on),0.7348931723856831,0.7325491988379373,0.010747203281965201,0.6230164205885503,0.6232621537021317,0.008253135846368949,1.3579095929742335,1.3564469305742808,0.00842867521034538,0.6490659713745117,0.6567438148765504,0.12563088674988143,-0.02071647669270056,-0.020716289829154116,0.0001871405649080454,-0.35723515085116625,-0.35723519760376926,0.0004863203567757536,0.00036278594458015267,0.0003627859499217716,5.98120159259838e-07
Track_14,49.540664119892625,in-sample (trained on),0.7339730286503218,0.7355435237985491,0.010755956407476083,0.62319093064008,0.6231835928595925,0.008319099346358954,1.357163959290402,1.3587481817688063,0.00846734474819802,0.6490659713745117,0.6693591716912183,0.1254805050363771,-0.020736147713188716,-0.020736906182802328,0.00018714012219315897,-0.36740565510863554,-0.3674059320225541,0.0004863203516450848,0.0003528865060432828,0.0003528862098146849,5.98120062011489e-07
Track_14,50.24348675184654,in-sample (trained on),0.6769717307204745,0.6758830942742946,0.01853178997992631,0.6481617178574977,0.648664107278127,0.013099347998458055,1.325133448577972,1.3252700940081135,0.014068402949271717,1.3140599727630615,1.1759150544058568,0.1361440393863362,-0.0235165727473575,-0.023516622795560486,0.00018716011155535782,-0.41707954065756603,-0.4170798054947475,0.0004863223905041456,0.0003369107913721346,0.00033691073621831624,5.98130140388148e-07
Track_14,50.3379540577101,in-sample (trained on),0.6537936339340362,0.6507189531383133,0.01831629078519289,0.6572521010718023,0.6580129694012503,0.013643092330220673,1.3110457350058384,1.309031787475877,0.013999094877589227,1.3100780248641968,1.054294973885872,0.1278788379464564,-0.02341852396543772,-0.02341870219288338,0.00018715670335489438,-0.4266434426647409,-0.42664379153280685,0.00048632142666676394,0.00031325826138917307,0.00031325720183589224,5.981262436348654e-07
Track_14,50.38976653966833,in-sample (trained on),0.6361363997972344,0.6426020041476979,0.01993798577579015,0.663280626692145,0.6618340599359357,0.015158947357908436,1.2994170264893794,1.3037994771395032,0.015264925147082149,0.6649940013885498,0.952354643742695,0.12834855585669072,-0.023422005049736294,-0.023421788227156973,0.00018715706115320828,-0.4610504980974687,-0.461050318073601,0.0004863214458194275,0.00027492508718785673,0.000274926372595272,5.981263750104564e-07
Track_14,50.71744278200647,in-sample (trained on),0.5910493691129038,0.6035079867159775,0.023012339978301107,0.6908373367263976,0.6904700070759813,0.0168633912831397,1.2818867058393015,1.2891161430397546,0.01777018757079401,0.6968500018119812,0.6850638193536298,0.13516274003484127,-0.02496191309831983,-0.024961951148320737,0.00018715961120840618,-0.6163460831675786,-0.6163460080587769,0.0004863223441671451,0.0002228634285384771,0.00022286393353174915,5.981299098669632e-07
Track_14,50.813789152702284,in-sample (trained on),0.5735825076996093,0.579391097560418,0.01982892779430438,0.7066225559113035,0.7048132211113407,0.014954645627657368,1.2802050636109128,1.2803869439085704,0.015490545100353189,0.7127779722213745,0.6987364100719173,0.1301948589762149,-0.025134859870828634,-0.025135167347045056,0.00018715821637284587,-0.5705924617029005,-0.570592523809311,0.0004863221655883332,0.0002330298052812835,0.00023303098586638496,5.981290381640519e-07
Track_14,51.076495427780266,in-sample (trained on),0.573439728216346,0.5718668230100143,0.019492809693346564,0.692630031194345,0.6937283292026752,0.014614093573143869,1.2660697594106909,1.2682466252667304,0.015093595515013993,0.6928679943084717,0.6904473633682793,0.12917589034054636,-0.026030182700929227,-0.026029958454290035,0.00018715677064729005,-0.5377179116197711,-0.5377178745949425,0.0004863219726919827,0.0003760693708463441,0.00037606822445917853,5.981281003510418e-07
Track_14,51.15865442467964,in-sample (trained on),0.5899206582042906,0.5883507893859711,0.018358829117780508,0.6860891180852103,0.6860250043036575,0.01501340895642193,1.2760097762895009,1.2747281701896964,0.014706091462227311,0.6928679943084717,0.6894369846349712,0.12357357262478906,-0.026397861328117455,-0.026397808232265303,0.0001871493104227576,-0.49445471074063824,-0.4944550102882924,0.0004863213106494213,0.000398876475825936,0.0003988768356836613,5.981241707611031e-07
Track_14,51.21566295515193,in-sample (trained on),0.5952058802562881,0.598896438990005,0.015655844645145616,0.6844121977627515,0.6842592903153857,0.011904315194343977,1.2796180780190396,1.2820968057433428,0.012225931226661062,0.6849039793014526,0.6865478198337747,0.11816942280650004,-0.0269429529386182,-0.026946187214028645,0.00018164920445370975,-0.5282658887996524,-0.5282657701890245,0.00048540251166937734,0.00038808981123881293,0.0003880849381169019,5.933291721179382e-07
Track_14,51.217152151961166,in-sample (trained on),0.5952058802562881,0.5992952961892997,0.01570993001305982,0.6844121977627515,0.68416536092191,0.011977575965569085,1.2796180780190396,1.282415362282848,0.012275370951272306,0.6849039793014526,0.6862602043399346,0.11821450889142934,-0.0269429529386182,-0.026939785712938768,0.0001817900401335362,-0.5282658887996524,-0.5282656980124656,0.00048541679652149635,0.00038808981123881293,0.0003880946100301179,5.93414877000378e-07
Track_14,51.28712491208455,in-sample (trained on),0.6131169465908491,0.6154516618073811,0.02519450577557777,0.6849198633456135,0.6845071422384164,0.019224583496155172,1.2980368099364628,1.3001227639853303,0.01959586937400778,0.6928679943084717,0.6979164139327073,0.13131949921997932,-0.027607157644702167,-0.0276074796518915,0.00018715902504579614,-0.5176208907800528,-0.5176213969700912,0.0004863221859497594,0.0003617042812323171,0.0003617039165038053,5.98129232096172e-07
Track_14,51.37340915167263,in-sample (trained on),0.6296160700786636,0.6215929400133203,0.022763635135040393,0.6818262777955408,0.6829698804117219,0.017786472046772396,1.3114423478742046,1.3061618723682678,0.018028158931350843,0.6849039793014526,0.690195595010124,0.1294867881747119,-0.028611868766672682,-0.02861179488967581,0.00018715811437992354,-0.48861743933515844,-0.48861771650282415,0.00048632215376903523,0.000391116746190382,0.00039111596159769853,5.98128947227376e-07
Track_14,51.48269101919527,in-sample (trained on),0.64456046909925,0.6500729957309492,0.020082796212005784,0.688061043085805,0.6839926660542601,0.016146683553536035,1.3326215121850549,1.328855661499711,0.015988007701305856,0.6888859868049622,0.682137418093447,0.12604361407624678,-0.029447008161836822,-0.029446725956399817,0.00018715687545456193,-0.48082870217903356,-0.48082938819708304,0.00048632194754910223,0.0003615335269370766,0.0003615331619480159,5.981279542078864e-07
Track_14,51.81101904467687,in-sample (trained on),0.6851736998178094,0.6853944747145627,0.019293717882678814,0.652952811869967,0.652164070143856,0.014783249069616264,1.3381265116877765,1.336233500533444,0.015115861786914526,0.6689760088920593,0.687146914907447,0.12810122695227463,-0.03102674589929532,-0.031027130618915277,0.0001871575861260363,-0.5738032066914929,-0.573803106425087,0.00048632202606687524,0.00039371296965579533,0.00039371256189049523,5.981284545337121e-07
Track_14,51.89227014696334,in-sample (trained on),0.6920589104116676,0.6854564649616642,0.019012392281288117,0.6439100223708438,0.6461005774565878,0.014211205233252368,1.3359689327825113,1.3360102331292005,0.01476063637179622,0.6689760088920593,0.6769242619708931,0.12980293614354282,-0.03139801354457935,-0.031398215298601775,0.00018715816455575895,-0.6481406971730186,-0.6481403901306945,0.000486322109795872,0.00038426010922199417,0.00038425992779673735,5.981289102084636e-07
Track_14,52.572622508644805,in-sample (trained on),0.7007845967771515,0.7038923912754117,0.015257145301101123,0.6360296880205473,0.6353435569307402,0.010684661025388138,1.3368142847976987,1.3371842609153393,0.011536843970606791,0.6371200084686279,0.6573827313444651,0.1357125728436065,-0.03452090496447549,-0.0345210500684911,0.00018715989350366423,-0.7252108669197117,-0.725210582497467,0.0004863223641793575,0.0002977348289103425,0.000297735522065571,5.981300399202373e-07
Track_14,52.84028826919372,in-sample (trained on),0.7237721229216967,0.7237515649946457,0.018336935586505877,0.6246028764551854,0.6249163679204514,0.01277402544637573,1.348374999376882,1.3491139369559686,0.013820044339001665,0.6411020159721375,0.6593318937177841,0.1387616854531038,-0.032540311911938395,-0.03254040732647402,0.0001871603621972595,-0.5198448790855402,-0.5198451330045364,0.00048632241889730836,0.0004504712922944997,0.00045047079241318283,5.981303083687389e-07
Track_14,53.01533237832104,in-sample (trained on),0.7354960188685186,0.737276680936463,0.017090351489182826,0.6254436961445675,0.6248354833111482,0.01239012122822022,1.3609397150130862,1.3601843484733118,0.013155834919166262,0.6371200084686279,0.6306677414375812,0.13231956178478052,-0.03248393718364104,-0.032484296187731146,0.00018715907100101106,-0.5010571040111104,-0.5010576522642104,0.000486322292001079,0.0004191283518215105,0.00041912709113441174,5.98129635223693e-07
Track_14,53.21976090137797,in-sample (trained on),0.7308318453480998,0.7299656097137339,0.018220291186415626,0.6315515440298741,0.6313709823577037,0.0127840184688923,1.362383389377974,1.3616474489687054,0.013801405858781875,0.6371200084686279,0.6313539849108026,0.1382912014642278,-0.03271955908395541,-0.03271951995357461,0.00018716024942016848,-0.5512562170539714,-0.5512562199634039,0.0004863224270902264,0.00032239749464220245,0.0003223974025315894,5.981303178836181e-07
Track_14,53.38902439755139,in-sample (trained on),0.7345124198146076,0.7347835684123432,0.0170780637827132,0.6204780924367714,0.6209410284697203,0.011960339854803603,1.354990512251379,1.3560971889044857,0.012903973707833798,0.6411020159721375,0.6663978071348649,0.13695536529145422,-0.03234820370180685,-0.03234819215937944,0.0001871601938522213,-0.49796498753142066,-0.497964968593657,0.00048632238634053126,0.0004896002624802847,0.0004895997827868726,5.981301666862237e-07
Track_14,53.672362961566904,in-sample (trained on),0.7229313031135802,0.7226598382081864,0.01752050224045289,0.6470511992614107,0.6465285847194027,0.012256500812295559,1.369982502374991,1.3685447813469191,0.013228213615710445,0.6530479788780212,0.6950479193346129,0.13717381911943777,-0.03433881365688321,-0.034338733167913554,0.0001871602768524401,-0.47322063299593947,-0.47322072989740116,0.00048632238948338854,0.0004048433228688562,0.00040484326956023996,5.981302030277839e-07
Track_14,53.827319146020926,in-sample (trained on),0.6987220162889397,0.7024283150504805,0.012764886892237311,0.6547296355920009,0.6538058098016277,0.008890937883290236,1.3534516518809405,1.3537877258411954,0.009637713393221906,0.6610119938850403,0.639468413674233,0.13568006455354414,-0.03553219093272915,-0.03553223341661853,0.00018715978025736187,-0.5345494884593872,-0.5345496103575159,0.00048632238983259494,0.0003883355413234896,0.0003883359539404718,5.981300838604962e-07
Track_14,54.150238393964145,in-sample (trained on),0.6849039994862925,0.6851821854328741,0.01180556139518045,0.6521119888560231,0.651987799315107,0.008084088674448644,1.3370159883423156,1.337019900310185,0.008828353715165028,0.6530479788780212,0.6597096466108671,0.14058224236019418,-0.03646979442366013,-0.03646978220775707,0.0001871607155337762,-0.49099598669735456,-0.4909961212605741,0.0004863224461354024,0.0003937393747382804,0.0003937395938326216,5.981304799173614e-07
Track_14,54.47420836189312,in-sample (trained on),0.6889970519865651,0.6911305184782746,0.011158545782252283,0.6402135846386867,0.6401707617151015,0.008061013296297924,1.3292106366252519,1.3301647453197938,0.008567507965888038,0.6530479788780212,0.6451292840174678,0.12849730553539615,-0.03607741477800176,-0.036077550810960035,0.00018715640862798438,-0.4097109695245534,-0.40971116254069023,0.0004863219470655853,0.00043572017265356366,0.0004357204327358124,5.981279740306291e-07
Track_14,54.49627923632203,in-sample (trained on),0.6934232606118419,0.692106162594901,0.01181686305594094,0.6364536880259495,0.6364073205799864,0.008489731755758147,1.3298769486377913,1.3293748884727163,0.00904160162400565,0.6530479788780212,0.6498301738211066,0.13034306665538464,-0.03598502778301114,-0.03598504031686951,0.00018715718190412314,-0.4080131919710753,-0.40801339131582404,0.00048632199047466014,0.00045057899476744364,0.0004505787067904718,5.981283264788853e-07
Track_14,54.57039383878953,in-sample (trained on),0.702291541246779,0.7028945617479201,0.012357113926845475,0.631281846666716,0.6306180630727103,0.008568097976378083,1.333573387913495,1.3322709917103843,0.009304673483607319,0.6490659713745117,0.6545737734962875,0.13623507102480298,-0.03599133213777193,-0.03599168727468055,0.00018716000323293534,-0.413177763344777,-0.413178256389259,0.0004863223952318625,0.00045957307272900545,0.0004595729582108257,5.981301440718609e-07
Track_14,54.85920530577911,in-sample (trained on),0.6959457213422692,0.6964567278978779,0.01407019368615332,0.649050134942826,0.6490949974994715,0.01002970867650958,1.3449958562850952,1.3454356166209467,0.010739302185633166,0.6490659713745117,0.664054243227409,0.13206719191355562,-0.037552777779558316,-0.03755274927426655,0.00018715891531595152,-0.6983201411713196,-0.6983201318566495,0.00048632224727579123,0.0002550594730471772,0.0002550595803926261,5.98129491575268e-07
Track_14,55.03993283117271,in-sample (trained on),0.6906945585492122,0.6914953614272256,0.015110163041764888,0.6595841903848002,0.6594022103625202,0.010568129379641491,1.3502787489340125,1.3505432417639636,0.011422802567396861,0.6610119938850403,0.6805090552396258,0.13686934600778927,-0.0379231234758415,-0.03792311236331475,0.00018715990710259448,-0.6643363663549281,-0.6643363545939118,0.0004863223760523743,0.0002837534282232735,0.0002837536335911625,5.981300969764978e-07
Track_14,55.17660626001794,in-sample (trained on),0.6983985573289886,0.6973472999160928,0.014689986916739598,0.6562873235061055,0.6562985480838198,0.010939485133297584,1.3546858808350941,1.3539821425302967,0.011468745921077826,0.6610119938850403,0.6549884952546776,0.12813877811059166,-0.03825995472172347,-0.038259970230682144,0.00018715725787164908,-0.6437038486221255,-0.6437037940985549,0.0004863221268264073,0.00029958236469442587,0.00029958274432052677,5.981287415667228e-07
Track_14,55.22631257071398,in-sample (trained on),0.6972466145616129,0.7000924639207564,0.015392023824459002,0.6558401576313839,0.654816216834878,0.011123502516075471,1.353086772192997,1.3522344110646143,0.011856519992001107,0.6610119938850403,0.656874413128345,0.13251065795208647,-0.03840413550426672,-0.03840451015221234,0.00018715870054538574,-0.6658553195533531,-0.6658551046878645,0.0004863223068826453,0.0002995800942813556,0.00029958039200731395,5.981296267494941e-07
Track_14,55.36241672164862,in-sample (trained on),0.7001339615103733,0.7021310950745282,0.01615107257893702,0.6538570900837264,0.6524798614795273,0.01133124930461604,1.3539910515940996,1.3519933264391106,0.012241068916808387,0.6610119938850403,0.6975219099508558,0.13695239419739672,-0.038698191505149415,-0.038698442594604546,0.0001871599971368664,-0.6584054369825384,-0.6584052523728299,0.000486322413444317,0.0002830254971971335,0.00028302564217930903,5.981302170358028e-07
Track_14,55.695101065313786,in-sample (trained on),0.7245970814826479,0.7254767425615751,0.014766932709722402,0.6319481583230524,0.6314252972742285,0.010360905558860972,1.3565452398057003,1.355842825511933,0.011175677108137208,0.6371200084686279,0.6189198656056749,0.13519791376161142,-0.03849583816205718,-0.038495630902135994,0.00018715976618949344,-0.6132583979195341,-0.6132580060408696,0.00048632233892904913,0.0003176613391848994,0.00031766260476170347,5.981299400139523e-07
Track_14,55.916374445377656,in-sample (trained on),0.7654958687930468,0.7647047798633779,0.014933331122189777,0.5964909089039047,0.5967642250712203,0.010759656886033293,1.3619867776969514,1.362053536182012,0.011463642631017387,0.6132280230522156,0.619498351142937,0.13202801612141024,-0.0372599032581658,-0.037260172155738486,0.00018715863372261574,-0.3148524613814876,-0.3148528601670274,0.00048632225216468174,0.0006344463755401992,0.0006344456823170386,5.981294297615032e-07
Track_14,55.97531956644029,in-sample (trained on),0.7831848333200135,0.7760475411510739,0.015145072741689318,0.5792778820036892,0.5806656745842717,0.011003253737490325,1.3624627153237028,1.360970019949067,0.011692812566779296,0.6172099709510803,0.6324619290976439,0.13174322474262753,-0.03655883633179368,-0.03655869487827841,0.000187158389408987,-0.29389017819991053,-0.2938905719611995,0.00048632227848947597,0.000856938249093685,0.0008569353459174369,5.981294501293211e-07
Track_14,56.741029800392326,in-sample (trained on),0.771683037815341,0.7649856164465392,0.0174326884677095,0.595237611002656,0.5956466350196258,0.012171762654566638,1.366920648817997,1.36323626241341,0.013169335689868777,0.6530479788780212,0.6787795283357202,0.13840189749457604,-0.04183086266004762,-0.04183104745866807,0.00018716029701632952,-0.7682132531760345,-0.7682131041307825,0.0004863224304211176,0.000719191076193962,0.0007191897371431012,5.981303354927516e-07
Track_14,56.90056102913541,in-sample (trained on),0.7343945643376737,0.7344080344067265,0.017129331594385847,0.6246367472386549,0.6238501201327195,0.013059043830216378,1.3590313115763286,1.357734324366802,0.013433042720541946,0.645084023475647,0.645273822178587,0.1287226952356216,-0.0444754031837307,-0.044475916842059884,0.00018715526840327654,-0.9136525363456556,-0.9136528124817014,0.0004863218904672374,0.00030243268186923576,0.00030243133157088683,5.981276812321332e-07
Track_14,56.926765266543576,in-sample (trained on),0.7259138326839621,0.7256040478906073,0.016709018379251754,0.6300602801648744,0.6297038769166067,0.013112266762554942,1.3559741128488365,1.354116344335889,0.013300640069314248,0.6530479788780212,0.6451964364976128,0.1269754351907744,-0.044989716882507004,-0.04498917239969892,0.00018715423931110176,-0.9545925185267924,-0.9545917680160467,0.0004863218382742605,0.0002279660296544678,0.00022796847997857603,5.981272872052483e-07
Track_14,57.09183259631544,in-sample (trained on),0.680558556129062,0.6795784882993675,0.022402557416748466,0.6511676117541298,0.6507874455347368,0.01633119883388591,1.3317261678831918,1.3301839059001523,0.017292816594352146,0.6530479788780212,0.6688999817317274,0.13600138531339426,-0.0464571265797866,-0.04645699750569439,0.00018715976454824205,-0.9762451725808048,-0.9762446492773386,0.0004863223873612883,0.0002084455546507757,0.00020844602528442087,5.981300764930696e-07
Track_14,57.327761825532995,in-sample (trained on),0.6848405390621657,0.681086860517912,0.02527929543949171,0.6544916729528115,0.65451700485099,0.017790310489638587,1.339332212014977,1.3366831536454375,0.01909557088597658,0.6610119938850403,0.6716914116700066,0.13926730563463596,-0.04777443344263654,-0.04777435502065709,0.00018716055680205926,-0.9282152737993217,-0.9282149839288938,0.00048632242666043395,0.0001995799296735582,0.0001995802421179795,5.981303788713468e-07
Track_14,57.504021668506276,in-sample (trained on),0.6721013112372136,0.6725700260308165,0.02265896857290343,0.6552373078239866,0.6549892637951426,0.016582481858352798,1.3273386190612002,1.326629910269069,0.01746287281103461,0.6570299863815308,0.6593634958090431,0.13457601412256445,-0.0486225043113033,-0.048622264782228725,0.00018715971484176467,-0.9398793785437898,-0.9398789376497718,0.00048632234252856126,0.00022564889163467436,0.00022564925562331057,5.981299037880085e-07
Track_14,57.92997120105842,in-sample (trained on),0.7174897711590467,0.7241749039179723,0.02510492551588241,0.6288069781079235,0.626209575788165,0.018447676991006537,1.3462967492669702,1.3453767032569086,0.019422975248061795,0.6411020159721375,0.646685531470967,0.13628799513530304,-0.04837971721049193,-0.048379716641834714,0.00018715988764205605,-0.7539419556813179,-0.7539417696733871,0.00048632238832832135,0.0003797849058634958,0.0003797855796307613,5.981301065739747e-07
Track_14,57.977618101189485,in-sample (trained on),0.7242956600816126,0.7217903266659015,0.023346822220339045,0.6243807711449277,0.624830072385442,0.01731473635495439,1.3486764312265405,1.3475664175576776,0.018164372612173487,0.6411020159721375,0.6379629893340604,0.13494977299183272,-0.048236004263162616,-0.04823591454975858,0.00018715918846811636,-0.7544124512236025,-0.7544124825347792,0.000486322351124411,0.00038288319599743073,0.00038288316600037207,5.98129839050441e-07
Track_14,58.10693131378525,in-sample (trained on),0.7476324032977283,0.7451386053444283,0.020160788107756854,0.6160518861861818,0.616286407341954,0.014007343276823325,1.36368428948391,1.3621750282781169,0.015151388405292699,0.6172099709510803,0.6534904031263706,0.1391344724908492,-0.048802526007721746,-0.04880245114507506,0.00018716054320317622,-0.7901721475087801,-0.7901719443806816,0.00048632242225506167,0.0003889785777372318,0.0003889785092642256,5.981303490052009e-07
Track_14,58.3380936114985,in-sample (trained on),0.7132204487210229,0.7150038475442093,0.017024650681642352,0.6290927912507739,0.6287641875052379,0.013048789464360904,1.3423132399717967,1.3429288627643283,0.013235247633224171,0.6291559934616089,0.6406285958696394,0.12636789090672784,-0.04863498823062794,-0.04863483911756987,0.00018714525204076632,-0.7241406901048089,-0.724140818599653,0.0004863209445190289,0.000359299358921114,0.00035929870866477083,5.98122522982893e-07
Track_14,58.35079431922194,in-sample (trained on),0.7115564346313477,0.7127012814918442,0.016612291223471153,0.6298223083237727,0.6299345256866636,0.012973987428594675,1.3413787429551205,1.3422335156614846,0.01303625863826145,0.6411020159721375,0.6401878433685597,0.12549717358489065,-0.048561774041743305,-0.04856196181746182,0.00018714328659673297,-0.7308129260896543,-0.7308127975760034,0.0004863208731195409,0.000342796115078958,0.00034279692137976337,5.981219397591739e-07
Track_14,58.5549432729563,in-sample (trained on),0.6956125680668895,0.7005556651979841,0.02318237740613958,0.6404198220526555,0.6388512269853657,0.0167608068186376,1.336032390119545,1.3352817081803454,0.0177968690836314,0.6411020159721375,0.6375897228689289,0.1365683200510853,-0.049275654195635406,-0.04927558723393144,0.0001871600433263068,-0.7379097854663818,-0.7379097761186333,0.00048632238757618455,0.0002897112735678467,0.00028971108660652653,5.98130153074657e-07
Track_14,58.76793196956002,in-sample (trained on),0.7084469826097982,0.702748614566921,0.016370753869059267,0.6337091217477958,0.6359083353178703,0.013053894009989169,1.342156104357594,1.341457852538941,0.013001084863606988,0.6411020159721375,0.6397478244739354,0.12145423610639966,-0.04877856119327206,-0.048777763319101594,0.00018708872380144656,-0.7230928258207482,-0.7230925963703706,0.00048631640353907996,0.0002883968278820534,0.00028839677561065356,5.98095087213386e-07
Track_14,58.78340480044706,in-sample (trained on),0.7087008152824948,0.707331575031338,0.014587674849059538,0.6335346116962661,0.6336301584738155,0.010797501493924846,1.342235426978761,1.3421135303348821,0.011179284645926157,0.6371200084686279,0.642633880047031,0.1190052149462104,-0.048740440351742034,-0.04874147984680732,0.00018701634980885636,-0.7282698833658794,-0.7282704974325149,0.0004863104229473543,0.00028611290748979977,0.00028611204246306766,5.980585623224274e-07
Track_14,58.81992551436585,in-sample (trained on),0.7090014226379848,0.7125200046383648,0.018197567132910337,0.633896475036939,0.632650276971991,0.014471549332362929,1.342897897674924,1.343948271469111,0.014390344956830928,0.6411020159721375,0.6446103871338862,0.12440678132582955,-0.04871955934618966,-0.04871906977508954,0.00018713879286976192,-0.751103053856679,-0.751102463048569,0.0004863202928975797,0.00027607761369350536,0.0002760789618315393,5.981183929782474e-07
Track_14,59.0885482676221,in-sample (trained on),0.7138885238256113,0.7170978648977971,0.021173560376093237,0.6369930812087192,0.6357982402379705,0.015799109086793616,1.3508816050343304,1.350454333616837,0.016500240730880703,0.6371200084686279,0.624386340271099,0.13267574664004125,-0.04891538589727133,-0.04891500800064577,0.00018715913289985418,-0.835992999546813,-0.8359924345053769,0.00048632229175932067,0.0002440328491986976,0.00024403412465107165,5.9812964417694e-07
Track_14,60.23347145074832,in-sample (trained on),0.7568814248677744,0.7556741632977373,0.016648146769044286,0.6142750600894609,0.6146155894168918,0.012207833299173687,1.3711564849572353,1.3717428243729581,0.012869201144556293,0.6172099709510803,0.6258175218903772,0.130693849115386,-0.048623764034674825,-0.04862387261082231,0.00018715845576291196,-0.9537445790324041,-0.9537444997810809,0.00048632217926111157,0.0003672337823897973,0.00036723404198965397,5.981292050381849e-07
Track_14,60.343384822311755,in-sample (trained on),0.7608634235849419,0.7581207112133029,0.01671849508846606,0.6164485019041722,0.6163793310168566,0.012403746172086215,1.3773119254891142,1.3750989371461504,0.01300278668562645,0.6172099709510803,0.6172970916385044,0.13014119870636406,-0.048741510661404114,-0.04874128526670092,0.0001871580876507347,-0.9679007037930685,-0.9679003175988882,0.0004863221824039702,0.00041791049890530917,0.0004179101919205278,5.981291059081497e-07
Track_14,60.44476208602224,in-sample (trained on),0.7513654744104733,0.7498826031121173,0.016183875086999346,0.6168307613522287,0.6173818765592154,0.012154162982899145,1.368196235762702,1.3686104860168367,0.012673455667182938,0.6172099709510803,0.6117684398512484,0.12866817791033225,-0.04908800119911874,-0.04908792202522666,0.00018715747827108688,-0.9514676347251624,-0.9514675615533188,0.00048632212451627167,0.00038558158943713947,0.000385581304114071,5.981288156871607e-07
Track_14,60.60498923700818,in-sample (trained on),0.7287694561291501,0.7191543462624179,0.018111258989285665,0.6297271233868313,0.6310928978943848,0.012921777093063433,1.3584965795159816,1.3553840877961403,0.013840624096842044,0.6331380009651184,0.6336251053843296,0.13565016521474982,-0.05001094317259757,-0.050010498478780085,0.0001871596323102259,-1.0373154426989812,-1.037314682722167,0.0004863223771268555,0.00036437356827232056,0.0003643734921601237,5.981300225423595e-07
Track_14,61.05916246592043,in-sample (trained on),0.7017680083612997,0.702060176271715,0.022610393693392725,0.6369296236342168,0.6360169561307586,0.016574069846280227,1.3386976319955164,1.3372212330015767,0.017513732768821226,0.6411020159721375,0.6170298663950697,0.1356887669723547,-0.048760162794898296,-0.04876004758634121,0.0001871597877602246,-0.8323971383193411,-0.8323968572615594,0.000486322387065806,0.00031235075654511635,0.00031235072874224903,5.981300889483156e-07
Track_14,61.460751825100274,in-sample (trained on),0.7077806676289,0.709828437975928,0.022908305561784272,0.615258659855778,0.6158302151957816,0.016854316237671422,1.323039327484678,1.325731208399515,0.017768598681117794,0.6411020159721375,0.6188675702516159,0.13555420650146344,-0.046922976745141516,-0.04692279683186182,0.0001871597917461203,-0.5950756065824218,-0.5950756679846478,0.0004863223883014593,0.0003882521327542931,0.0003882521599851439,5.981300797307729e-07
Track_14,61.92065731947101,in-sample (trained on),0.7017521403462763,0.7013747925839244,0.025377756354727988,0.6168927067067044,0.6175706546556636,0.018180835873182057,1.3186448470529808,1.3204106571000656,0.01935775930423173,0.6729580163955688,0.6655264886481471,0.137884113146432,-0.04695722406494965,-0.046957050639948816,0.00018716009279823287,-0.4090233644448626,-0.409023642851076,0.0004863223923307635,0.0005624997584013011,0.0005624990858695837,5.981301727156191e-07
Track_14,61.98178706633945,in-sample (trained on),0.6928679978563672,0.691884504403173,0.017517902908543305,0.6268015610320228,0.6280815865514688,0.013435060811454404,1.31966955888839,1.3205166346906978,0.013656368627929853,0.6530479788780212,0.6505956873909744,0.12379617478508827,-0.047323466691921445,-0.047323456018511165,0.00018712090224552106,-0.46800946272922045,-0.4680093893640098,0.0004863192876613933,0.0004468923056276121,0.0004468921807200022,5.981127997270594e-07
Track_14,61.98744056986171,in-sample (trained on),0.6903772649774513,0.6934468349415938,0.017914483648250018,0.6292035910950239,0.6283546885476542,0.013595008356189027,1.3195808560724753,1.321857773948832,0.013922859453778906,0.6530479788780212,0.6526787784546584,0.12459718987881384,-0.047361344567494475,-0.047361030841677684,0.00018712358271196592,-0.4774854359935682,-0.47748576372433693,0.0004863194457722732,0.00042642818742039113,0.0004264279850934574,5.981138783088647e-07
Track_14,62.52720588357058,in-sample (trained on),0.6780145066598106,0.6806323136932206,0.02247476123976311,0.656824578605001,0.6562809477368776,0.015561310867725739,1.3348390852648115,1.3354451506799678,0.01687310161030257,0.6729580163955688,0.6769534100642149,0.14108331898001147,-0.048313720859805044,-0.048313707788928115,0.0001871607628953555,-0.7961182488861647,-0.7961180971965514,0.00048632245897545017,0.00030049978055166526,0.00030049992018899485,5.981305382620526e-07
Track_14,62.702647091061436,in-sample (trained on),0.670382342168263,0.679041983686341,0.02143342277323374,0.6634612447685666,0.6607139916174432,0.015508842010870506,1.3338435869368295,1.3334524681337183,0.01648665788632727,0.6729580163955688,0.6946511711704282,0.1361651764493715,-0.047337623443573146,-0.047337967077752965,0.00018715985270686755,-0.8314060059602439,-0.8314055643507705,0.00048632238959083667,0.0002687421674400313,0.00026874380602908175,5.981301103898391e-07
Track_14,62.83526408883575,in-sample (trained on),0.7008637322847586,0.7032951204960985,0.020197449887572962,0.6425774011953893,0.6417946580768104,0.014154020949528659,1.343441133480148,1.343394811032173,0.015280109281576837,0.645084023475647,0.6376593438418092,0.13902334175996162,-0.04649163218292259,-0.04649157541230593,0.00018716041987532967,-0.8080609000025156,-0.8080606842376156,0.0004863224391244139,0.00030485733768815555,0.00030485800508308584,5.98130392400314e-07
Track_14,63.28841729237038,in-sample (trained on),0.7137457398304426,0.7097750188649182,0.018043721725272074,0.6202242616638244,0.6212663736817259,0.012940469934903966,1.333970001494267,1.3337511567325342,0.013820308006995382,0.6251739859580994,0.6579168640927675,0.1346492743852547,-0.04649052335457368,-0.04649033987327668,0.00018715956853583012,-0.7522884754510353,-0.7522887402303104,0.00048632236353466875,0.00035211839566722485,0.00035211747402550146,5.98129962776993e-07
Track_14,64.47229383910513,in-sample (trained on),0.7621801836319654,0.7579693779522125,0.017106835290259442,0.579626901572444,0.5803220445152614,0.013592463166552328,1.3418070852044095,1.3398866900568074,0.013571552687145239,0.609246015548706,0.6027880435129066,0.12496978895430123,-0.041355558454689356,-0.04135571619287676,0.00018714939272437074,-0.3978285172717602,-0.39782853504206933,0.00048632126205590227,0.0006306034879854087,0.0006306023379881512,5.98124415804745e-07
Track_14,64.51002147676223,in-sample (trained on),0.7629416816500554,0.7640305532226211,0.017577465417543212,0.5765650446908882,0.5766843120289793,0.013743869636343485,1.3395067263409437,1.341235060677668,0.01382244348195003,0.609246015548706,0.614157454484701,0.12589004159491632,-0.04102963338972944,-0.04102948756952615,0.0001871511660691412,-0.3637586295787642,-0.3637590440381174,0.0004863213160755629,0.0006489429415744867,0.000648942683610766,5.9812499525971e-07
Track_14,64.59030748527445,in-sample (trained on),0.7708014295924277,0.7749741861253132,0.015747314561174786,0.5661076667999464,0.5643094169238726,0.012789404175628825,1.3369090963923742,1.3384052922839578,0.012615978940846422,0.601282000541687,0.6093299223555034,0.12334711039005901,-0.04102905386501981,-0.04102904957278926,0.0001871443366181965,-0.37255460931579026,-0.3725546197671168,0.0004863211162753162,0.00067427725119348,0.0006742798737990994,5.981229584923542e-07
Track_14,64.64214119035216,in-sample (trained on),0.7791393787499918,0.7745997291848645,0.016888391306630113,0.5577179686244266,0.5596044477928598,0.013027366240865024,1.3368573473744183,1.3354610740893056,0.013253691114993962,0.601282000541687,0.6064605525959265,0.12656489795162448,-0.04095636620754149,-0.0409562594144216,0.0001871481467069005,-0.382420403902804,-0.3824205423777409,0.00048632136550180114,0.0007365949708104883,0.0007365921009457151,5.981245650378267e-07
Track_14,65.43827866465267,in-sample (trained on),0.7649864490543093,0.7682365656136108,0.022438997302396322,0.586949957505105,0.5858231948633068,0.01637017595175384,1.3519364065594144,1.351343702662948,0.01730108120870305,0.6132280230522156,0.6405102412964696,0.1352270819311941,-0.04231438923765112,-0.042314283358388285,0.00018715963629612492,-0.6063234169886088,-0.6063235331384306,0.000486322354723923,0.0004923011020314653,0.00049230136473265,5.981299613728867e-07
Track_14,65.6348742844313,in-sample (trained on),0.7613076391923,0.7573123266559838,0.020121492824969296,0.5832440133588722,0.584063980105586,0.015908293218592665,1.3445516525511723,1.3425492856702073,0.016063233748253553,0.6411020159721375,0.6395540951515861,0.12799709431977527,-0.042180234696282896,-0.04218028602444493,0.000187156923051581,-0.50985359946377,-0.5098540603816505,0.0004863220372683492,0.0005819632177000876,0.0005819614631664587,5.981284399805269e-07
Track_14,65.76020448664374,in-sample (trained on),0.7625768035056582,0.7644212834680552,0.01834450033220297,0.5875908974632323,0.5870485155601826,0.01462964215668197,1.3501677009688906,1.3512291036117436,0.014531083687424185,0.6132280230522156,0.6183935280469443,0.12463160055654628,-0.042388473914817294,-0.04238820794060667,0.0001871501221823857,-0.6183072255520291,-0.6183073382070277,0.0004863210562653848,0.0004895622880257437,0.0004895637038924319,5.981239179864388e-07
Track_14,65.78717145140172,in-sample (trained on),0.7670347391371708,0.7629593274910195,0.016778084613894875,0.5879399178037605,0.5880632614017449,0.013725912466564353,1.3549746569409313,1.3519641115476855,0.01339161205521089,0.6132280230522156,0.6130629028148635,0.12191711154991065,-0.04246900979688461,-0.04246925863620031,0.00018714567528150118,-0.6360100518140946,-0.636009618131816,0.0004863205856411354,0.00051102468868167,0.0005110242280013161,5.98121430623201e-07
Track_14,66.12141033738769,in-sample (trained on),0.7747449067484335,0.7552952737163393,0.018565021780999336,0.591350793838501,0.5947178092401739,0.013953568647450064,1.3660957005869345,1.3591434079453044,0.01455750273949435,0.6251739859580994,0.6127713336785952,0.13057694132859118,-0.04338098833328682,-0.04338078161008806,0.00018715819151940327,-0.8192706004920425,-0.8192703983240784,0.0004863222402379378,0.0006101790309988072,0.0006101760119521048,5.981292991464534e-07
Track_14,66.51597705437439,in-sample (trained on),0.6960409138782091,0.7017668972495622,0.016065070066415967,0.630885233442147,0.6290335084390998,0.01210303261420088,1.326926147320356,1.3275490208976994,0.012599554775566716,0.6331380009651184,0.6435460114948729,0.1281676560625342,-0.04484573674252194,-0.044845600682982836,0.00018715638307089554,-0.7157004393247244,-0.7157006037830034,0.00048632207490207626,0.00028481046240312385,0.00028481168167550033,5.981284237919663e-07
Track_14,66.58397172792375,in-sample (trained on),0.6873630083414662,0.6849282570651445,0.014900298514156649,0.6356604609831396,0.6371767656880011,0.011779504416673836,1.323023469324606,1.3204268036543496,0.011814354906739795,0.6371200084686279,0.6519653967372516,0.12233710575789132,-0.04450700975146638,-0.04450672669278423,0.00018714358486157984,-0.7022879996579738,-0.7022877879681082,0.0004863207670141877,0.0002931277506838022,0.0002931277427232517,5.981214775210169e-07
Track_14,66.65336174082816,in-sample (trained on),0.6677544328321023,0.6880876859560656,0.015383423985045412,0.6407529797212062,0.6359490409881713,0.013000070964270456,1.3085074125533085,1.3165552411271884,0.012577620237320893,0.6411020159721375,0.6343449245003452,0.121653137785586,-0.04445386051255114,-0.04445414820020541,0.00018714527924075367,-0.6968615235073519,-0.6968623762341368,0.000486320958541049,0.0003054279917997392,0.00030542799494436,5.981225065629049e-07
Track_14,67.0537325138491,in-sample (trained on),0.6377545837387145,0.6436025571418027,0.019978896967455625,0.6351527954002776,0.6346289309659936,0.014141593268623699,1.2729073791389922,1.2764369324708993,0.01518837011757186,0.6371200084686279,0.627843411092999,0.1374165377666261,-0.04276347194594898,-0.0427633661815975,0.00018716018400473527,-0.6203089602871732,-0.6203091408564955,0.00048632241876299826,0.00038427295816116544,0.00038427286703133823,5.981302590598576e-07
Track_14,67.81533689210893,in-sample (trained on),0.7313448680298669,0.7323742738329022,0.01754675938676387,0.5922118862943043,0.5919097312464672,0.012365077579507847,1.3235567543241713,1.3233647849889922,0.013323700264093373,0.601282000541687,0.6295870628716178,0.13723159317026137,-0.039769091898644415,-0.03976913146384105,0.00018716001120471748,-0.5841249471152444,-0.5841249588162307,0.00048632241040890795,0.00039212502148100974,0.00039212514402395433,5.981302119479846e-07
Track_14,68.06187622932967,in-sample (trained on),0.747315107944952,0.7446676202486898,0.019807587689957596,0.5919060544426222,0.5920605699119899,0.014299872571262456,1.3392211623875743,1.3376676367220621,0.015230961071355997,0.6132280230522156,0.6086003551580357,0.13580847459348547,-0.03898930367739761,-0.03898927525535821,0.0001871596988981748,-0.5212592955831856,-0.521259362211471,0.00048632238448705127,0.0004240076783758964,0.0004240077801735538,5.981300618242916e-07
Track_14,68.20018980802696,in-sample (trained on),0.7445388120484067,0.7434257873501631,0.02097621703805501,0.6061682784224887,0.6062687192319419,0.01478700501412816,1.3507070904708953,1.3500765794227243,0.01589791787694942,0.6132280230522156,0.6185902311195957,0.13836154590450234,-0.03889510412819874,-0.038895085237314025,0.00018716031999378225,-0.560942663735557,-0.5609426906415996,0.00048632241634541585,0.00038899543680977775,0.00038899545583008207,5.981302944102788e-07
Track_14,68.53373623535087,in-sample (trained on),0.7276113452426941,0.7276206052599852,0.021469947748247842,0.6042962616895774,0.6037377377040974,0.015227324418148292,1.3319076069322715,1.3302366121865812,0.01633946335989997,0.6172099709510803,0.6206521510493852,0.13798025211401585,-0.0383153447077017,-0.03831553603931784,0.00018716024707552968,-0.5371775632262962,-0.5371777485715014,0.000486322422577406,0.0003429956960097926,0.00034299561179402074,5.98130300869164e-07
Track_14,69.18603390834734,in-sample (trained on),0.714047161943884,0.7195578986057926,0.027929183041935444,0.6155283576938736,0.6151203738352238,0.02108212507080981,1.3295755196377577,1.3314302391417425,0.021915914534553833,0.6172099709510803,0.6153258343877979,0.136064756788126,-0.037360812812668724,-0.037360548302323354,0.00018715991765348798,-0.5868689641399039,-0.5868693681275015,0.0004863223994223388,0.00038017352078016414,0.0003801734418323444,5.981301486806318e-07
Track_14,69.65966967158504,in-sample (trained on),0.7462997763042906,0.7404144832813692,0.02624196964350001,0.589637426859829,0.59129023429559,0.02058522435000153,1.3359372031641197,1.336386102978509,0.020990335633971652,0.609246015548706,0.6074949764494253,0.13343778589264757,-0.036631760586585314,-0.03663162286609466,0.00018715918542006865,-0.8209985693904546,-0.8209984745860417,0.0004863223319986451,0.0003916234622795546,0.00039162366401441053,5.981297931609336e-07
Track_14,70.02014612300069,in-sample (trained on),0.7811700390629559,0.7668177279671975,0.02461107065582451,0.5706158420479155,0.5739074851928486,0.018501003437729906,1.3517858811108714,1.3488742318996914,0.019225981898815435,0.5813720226287842,0.6137293470665777,0.1339082730683479,-0.035227332281757076,-0.03522707321622602,0.00018715953547630024,-0.7200397594716895,-0.7200398179773909,0.00048632232783503025,0.0006377057485294744,0.0006377042681278565,5.981298550572553e-07
Track_14,70.22933054192595,in-sample (trained on),0.7523441672087665,0.7513097508025639,0.01882576703715288,0.5804201277841134,0.5803791863998776,0.01406758543913694,1.33276429499288,1.3319921337145324,0.014708073352883811,0.5813720226287842,0.6092737417440549,0.1303877169139528,-0.035547966056543846,-0.03554825314709914,0.00018715861543427455,-0.6828263792467881,-0.6828260543024753,0.0004863222560596769,0.00030911694273679424,0.0003091194250451374,5.981294272010719e-07
Track_14,70.42575525475232,in-sample (trained on),0.778457198366226,0.764385291875865,0.01697219245588184,0.559114049274133,0.5604546191981555,0.012695794065671322,1.337571247640359,1.3297823992083846,0.013224642002424897,0.5773900151252747,0.5976216073960514,0.12939526170544316,-0.032570104199376976,-0.032570059671225976,0.00018715747194046834,-0.328939057914471,-0.3289396942981356,0.00048632209483371355,0.0006492904781289141,0.0006492888496812191,5.98128660690032e-07
Track_14,70.61634037048348,in-sample (trained on),0.7590389987861967,0.7467111599742202,0.021003852496968,0.5543070931833579,0.5573979927489304,0.015552030863933057,1.3133460919695545,1.3125565264028254,0.016321638011900355,0.609246015548706,0.577527376426948,0.1331318256940486,-0.03181253993577922,-0.03181244446009787,0.00018715927756487362,-0.33624125625719287,-0.3362416284963045,0.0004863223146994967,0.0007446026546889912,0.0007446005474062108,5.98129756075998e-07
Track_14,70.88607414290993,in-sample (trained on),0.7262311291647148,0.7357054525446284,0.018748065287473928,0.5689500649849257,0.568520480737707,0.014014072437979037,1.2951811941496405,1.302779509909873,0.014566020406101216,0.609246015548706,0.6137404273992907,0.13105453056337107,-0.03166010575174975,-0.031660247834513336,0.00018715800629081185,-0.4383197368121299,-0.43831948128292486,0.00048632211976169006,0.0005912862504861521,0.0005912871967312299,5.981288698362068e-07
Track_14,71.81912060463821,in-sample (trained on),0.7654482812520518,0.7432158744012312,0.020217955446206262,0.585258811356062,0.5887938007152578,0.016551313239494537,1.3507070926081137,1.3413398676795067,0.01635371055093011,0.6052640080451965,0.5982572038512181,0.1259785528974285,-0.030996594358893,-0.030997136204500658,0.00018715442993625834,-0.5866546713918939,-0.5866547635277092,0.0004863219259788736,0.0004743428192755616,0.0004743412451642762,5.98127503554172e-07
Track_14,71.95927189468824,in-sample (trained on),0.7518206376478491,0.7483716430375219,0.022906109734721743,0.5917791382250083,0.5917913109104826,0.018446799344190905,1.3435997758728575,1.3447122496859911,0.018438903334286404,0.6052640080451965,0.5805265146025288,0.12927348916434647,-0.03057942142477259,-0.030579152274545256,0.0001871564834234812,-0.573216331645657,-0.5732164494575582,0.00048632207624517854,0.0004244691568207344,0.00042446991313823366,5.981284721759384e-07
Track_14,72.28230314662821,in-sample (trained on),0.7238038597828839,0.7393666671508787,0.02266548614721341,0.6263321077681158,0.6220209068369813,0.017384143361493402,1.3501359675509996,1.3537821737593494,0.01786583217330652,0.6291559934616089,0.6283906310306837,0.13198886100544124,-0.030236491887473765,-0.03023670436578262,0.0001871587033589755,-0.8740736314693143,-0.8740734513878261,0.0004863222462818959,0.00035324664731556474,0.000353248467810377,5.981294379548834e-07
Track_14,72.50287649345776,in-sample (trained on),0.7182036748682835,0.7144607211157332,0.021198127469290604,0.6121492090215721,0.6127942495455329,0.015340122194960672,1.3303528838898555,1.3290558418390597,0.016279982115095876,0.6251739859580994,0.604164787365153,0.13511758655578265,-0.02886864674381084,-0.02886866584089817,0.0001871596942088834,-0.8051189576018245,-0.8051189175321781,0.00048632235945164024,0.00032765521611753483,0.0003276552405344982,5.981299884143206e-07
Track_14,72.88359117821078,in-sample (trained on),0.7310222259080742,0.7284613436251642,0.014141871475714657,0.6062000054287245,0.6068441425429264,0.011200170769036368,1.3372222313367987,1.3363034758520294,0.011187953920895647,0.609246015548706,0.5971571551804191,0.12286809308519138,-0.02823785965471235,-0.028238332522596905,0.00018713442378691974,-0.9253194394545886,-0.9253191348232409,0.000486319882390124,0.0003043054916119098,0.00030430853680094006,5.981170711586307e-07
Track_14,72.90449799840047,in-sample (trained on),0.7357219073270994,0.7331123470574176,0.014254124626009048,0.6043317040044164,0.6038836118954245,0.011111122184477202,1.3400536113315158,1.337840347161872,0.011210036617551086,0.609246015548706,0.5937701903006626,0.12364581104666152,-0.02813571073165556,-0.02813538895261176,0.00018713537771517124,-0.9265785153283329,-0.9265785843343806,0.0004863199377530461,0.000347576408399609,0.0003475725820705969,5.981175055817916e-07
Track_14,73.32394588566461,in-sample (trained on),0.7453637668098586,0.7458587690852231,0.015826031556087663,0.5844338563571413,0.5851299167617297,0.01122915667646574,1.329797623167,1.3313564633168513,0.012062680988925413,0.5893359780311584,0.5945648866025653,0.13481670638816826,-0.028489708267395792,-0.028489732261433243,0.0001871594203540619,-0.9196556277700272,-0.9196554891391888,0.00048632236517325255,0.0002878309316355484,0.00028783105914535024,5.981299400635091e-07
Track_14,73.49857090356672,in-sample (trained on),0.7421749953729698,0.7368569324035705,0.010082078807378582,0.5906686198663902,0.592676579795107,0.007611288554452461,1.33284361523936,1.332416430574654,0.007819769102858035,0.593317985534668,0.595654071751891,0.1189530257368461,-0.02828506730440864,-0.02828578636811375,0.0001869857292732047,-0.9672449216297687,-0.9672439603438391,0.000486306169598022,0.0002892838096626878,0.0002892807780424625,5.980419947174749e-07
Track_14,73.49955712145925,in-sample (trained on),0.7421749953729698,0.7388782239673745,0.010479732343493047,0.5906686198663902,0.5909439456336489,0.00782486564787495,1.33284361523936,1.3323111607325198,0.008099393226436965,0.593317985534668,0.5912054053319663,0.12002933317733278,-0.02828506730440864,-0.028284454109288922,0.00018699687003363103,-0.9672449216297687,-0.9672451477508561,0.000486307084199135,0.0002892838096626878,0.0002892864962039093,5.980474969713968e-07
Track_14,73.71355939588271,in-sample (trained on),0.7306256074591937,0.7321247823005099,0.014877712625658722,0.6017579349626108,0.6013684601813646,0.01109839133875897,1.3323835424218045,1.33265451947587,0.011646097030866763,0.6052640080451965,0.5975119528845881,0.12835893882190832,-0.027631936116247542,-0.027631855210551146,0.0001871568205890175,-0.8741053462770081,-0.8741054555181252,0.000486322143856942,0.0003062688331459478,0.00030626828359445895,5.981287409555223e-07
Track_14,73.75029273597399,in-sample (trained on),0.7271988654279139,0.7279616404180882,0.014717268507569336,0.6005363657892463,0.600815232600335,0.011169964393741742,1.3277352312171602,1.3289994620243217,0.011612545247549904,0.601282000541687,0.6063402727237118,0.12663703182747832,-0.02755829510656563,-0.02755842805737137,0.0001871553178764648,-0.8535587298807675,-0.8535588661397874,0.00048632203737579736,0.00030677937026543146,0.00030677953729423197,5.981280813046939e-07
Track_14,74.76048845681608,in-sample (trained on),0.7340047592185883,0.7330195757772993,0.02113340713856497,0.5936352909798641,0.5943553205938393,0.01535547537217251,1.3276400501984524,1.32890121145277,0.016306529546019573,0.6052640080451965,0.6259438980189974,0.13556143665728487,-0.024058237617388803,-0.0240581272217866,0.00018715973922607597,-0.737124214529109,-0.7371240509306066,0.0004863223916860748,0.0003327713022309996,0.0003327716451226252,5.981300892126178e-07
Track_14,75.19545844580333,in-sample (trained on),0.7162206070831573,0.7230899363320247,0.023529962269438997,0.6117367340749004,0.6098760213157539,0.017032274036344316,1.3279573411580576,1.3290131830934282,0.01807370916062997,0.6172099709510803,0.6096016322501475,0.13660466400178847,-0.025197759550064803,-0.025197644794080955,0.0001871600468432688,-0.7344600767655024,-0.7344599108819281,0.00048632239372758897,0.0002971985942004643,0.000297199626648717,5.981301655299014e-07
Track_14,75.3026027922981,in-sample (trained on),0.7266277442890334,0.7267311613241968,0.024948307324510886,0.6092777304440381,0.6093089950623204,0.017939598903474397,1.3359054747330714,1.3352035021350286,0.019084646780111604,0.6172099709510803,0.62132625176709,0.1378130620480854,-0.0252918837110648,-0.025291977883712586,0.00018716025059248786,-0.775686430132973,-0.7756863507330102,0.0004863224097910813,0.0003455871228287305,0.00034558670236129515,5.981302626444565e-07
Track_14,76.59974317065996,in-sample (trained on),0.5820830707985257,0.5913363190530366,0.019693728660694042,0.6434880388634545,0.6427660264562837,0.014882777955437484,1.2255711096619804,1.2303514592598448,0.01545009843690169,0.645084023475647,0.6682278664401753,0.1309294812865649,-0.02359526622735086,-0.023595341290071417,0.00018715851461389993,-0.6316425255311554,-0.6316422976334058,0.0004863222239058194,0.0003070394565166158,0.0003070397949391959,5.981293288474625e-07
Track_14,76.78537884729883,in-sample (trained on),0.5892725408789646,0.5912560039408847,0.018950438883278464,0.6527624377216475,0.6520166062112305,0.014194951305382857,1.2420349786006122,1.241978887512876,0.014832128722908277,0.6530479788780212,0.6469871829322889,0.13136732402637596,-0.023493957664094754,-0.023493899903103445,0.00018715844966679264,-0.579128412879235,-0.5791285426628796,0.00048632225622084914,0.0002918372328456398,0.0002918372302848064,5.981294284565092e-07
Track_14,76.85259141626742,in-sample (trained on),0.5998541915796668,0.6001834067639553,0.019399928133117562,0.6416889874346228,0.6420501466951305,0.014543754519966534,1.2415431790142895,1.2416334651973142,0.015153806087818984,0.645084023475647,0.6346675280001619,0.13085626219346352,-0.02352017921021604,-0.023520076754320555,0.00018715862457844537,-0.6046321129004246,-0.6046319975068971,0.00048632222245526945,0.0003157981057611984,0.0003157976399481348,5.981293558063306e-07
Track_14,77.13217736356816,in-sample (trained on),0.6183363807153892,0.6261460143852651,0.01825767997392721,0.6412289152107391,0.6405763494831368,0.012892909410737305,1.2595652959261283,1.263193323559254,0.0138652658594108,0.645084023475647,0.6172701417031522,0.13657759337044334,-0.02409671626536918,-0.024096602740156008,0.0001871600639591496,-0.677186492326343,-0.6771865226811115,0.0004863223910682482,0.00028571435385963626,0.0002857146143868936,5.981301431963596e-07
Track_14,77.41141839962357,in-sample (trained on),0.6142909232363758,0.618706069983703,0.013559609984496143,0.6563954172856304,0.6554757354880787,0.009505311288175068,1.2706863405220061,1.2716059402889706,0.010268161887229385,0.6570299863815308,0.6474216218800679,0.12270699770225506,-0.024065122341479714,-0.024061190701847635,0.00017160413769682617,-0.7191063064434258,-0.7191048109245646,0.00048184033677743415,0.00021365059431655248,0.0002136549257830221,5.79136762436763e-07
Track_14,77.41164339225902,in-sample (trained on),0.6142909232363758,0.618802100887673,0.013562229040785965,0.6563954172856304,0.6554157661468885,0.009506841092270325,1.2706863405220061,1.2716535085880327,0.010269684346747477,0.6570299863815308,0.6475194655617383,0.12270663480495164,-0.024065122341479714,-0.024069253509881476,0.00017161161115702297,-0.7191063064434258,-0.7191077037850312,0.0004818409899297065,0.00021365059431655248,0.00021364737580824203,5.791414460257924e-07
Track_14,77.53625996672042,in-sample (trained on),0.6452109148777814,0.6557189590387744,0.020590008912128414,0.6336139359797139,0.6307093158792298,0.015047185073146263,1.2788248508574953,1.2801591499933773,0.015901107384574717,0.6371200084686279,0.6126295819611535,0.13396929664913906,-0.022150364660774358,-0.022150338541727526,0.0001871595277389626,-0.505785727955524,-0.5057857114130192,0.00048632234330756014,0.0003982770096361281,0.00039827733142004364,5.981298899121334e-07
Track_14,78.09138705474194,in-sample (trained on),0.6715619175795065,0.6747433963451138,0.0245888930319768,0.6077071393865988,0.6068233084802973,0.017594021285801644,1.2792690569661054,1.2794320987543244,0.01876097531503257,0.6132280230522156,0.6047904359297016,0.13788390910397524,-0.02179837572255305,-0.021798380508366463,0.0001871603183525357,-0.45771840418992604,-0.4577186436152928,0.00048632241784968933,0.000403577920246529,0.00040357762094564285,5.981302950049588e-07
Track_14,78.50850245996168,in-sample (trained on),0.66213837966501,0.6599014065976059,0.021243353363370864,0.6058668508472671,0.6066992410094737,0.015438528264451626,1.268005230512277,1.2687275288762423,0.016337602496986025,0.609246015548706,0.6425371787958386,0.1348553224612837,-0.02247561124354107,-0.02247567872264132,0.00018715959526480747,-0.645544678704611,-0.645544732638609,0.0004863223357861915,0.00026389799042376185,0.00026389783647964415,5.981298962058339e-07
Track_14,78.60667331158352,in-sample (trained on),0.6415602431174309,0.6518008881397979,0.0204763484993562,0.6139074664503809,0.6132129363803497,0.015142833469282602,1.2554677095678117,1.2627207906441495,0.015883906316747225,0.6172099709510803,0.6267205380720792,0.1326649121917032,-0.023091915546904637,-0.023091755711353384,0.00018715880417924846,-0.7206951827338401,-0.7206949260587753,0.00048632228023550816,0.00022129392261058657,0.00022129504549061457,5.981295258520056e-07
Track_14,78.77835523313001,in-sample (trained on),0.6253802383325965,0.6323234614844924,0.019935235993764847,0.6157980538696882,0.6151504925372199,0.014808595393062117,1.2411782922022847,1.2447406157785912,0.015493644346441812,0.6172099709510803,0.6400581082720748,0.13216487978557356,-0.023341247492967402,-0.023341293840049997,0.00018715885857528014,-0.8337902127702761,-0.8337901085168866,0.00048632223983500724,0.00015143228719685005,0.00015143256800003834,5.981294552501836e-07
Track_14,78.92749509402176,in-sample (trained on),0.6399121580727072,0.64067286542804,0.01777353706502925,0.6015358306615951,0.6012422111874995,0.013683670974484903,1.2414479887343024,1.240287812874581,0.013954435895154363,0.6052640080451965,0.5982124556227219,0.12728007001931665,-0.022509498789600315,-0.022509355107163915,0.00018715647052770803,-0.8234393166911212,-0.8234389760817912,0.00048632187335610766,0.0001267743906154113,0.00012677481782623573,5.981277864083428e-07
Track_14,78.99961012355936,in-sample (trained on),0.6420538702690269,0.642834246090184,0.01854650901022592,0.6006156874011712,0.6016273632222494,0.014082752358749178,1.242669557670198,1.246130201540561,0.014521455867153851,0.601282000541687,0.627215745296948,0.12915733894407608,-0.022247771076207994,-0.022247776275893985,0.0001871575690099289,-0.7521799167304034,-0.7521803076885434,0.000486322038289107,0.00013152734179306495,0.00013152743712419566,5.981285495176023e-07
Track_14,79.8043171017735,in-sample (trained on),0.7361623311185267,0.73259910876203,0.020210816093035787,0.5933655936167059,0.5941541417263247,0.01418776096164424,1.3295279247352327,1.3287211168903783,0.015289083364773066,0.5972999930381775,0.6051439350186342,0.13864044461949943,-0.020127920181316844,-0.020127918279423326,0.0001871603328892902,-0.9791083354813221,-0.9791081553673604,0.00048632242416226556,0.00017250847265802446,0.00017250905807224585,5.981303105987887e-07
Track_14,79.90578095548773,in-sample (trained on),0.7400808732110665,0.739970826848778,0.018802914126244838,0.6052481359932053,0.6055297957756112,0.013218294618208436,1.3453290092042718,1.3459085735862633,0.014177860511131225,0.6172099709510803,0.6344145522730507,0.13651134117427946,-0.019971484713175374,-0.019971485345361473,0.0001871601734538568,-0.8869038069199481,-0.8869036881152819,0.00048632231666042506,0.0003328939848738675,0.0003328946967974544,5.98129932299627e-07
Track_14,79.98733590836247,in-sample (trained on),0.7438090423426306,0.7427126958792903,0.017925345451853557,0.6062000081596146,0.605911906620963,0.013015093332140742,1.350009050502245,1.3486594274407877,0.013773790264027265,0.6172099709510803,0.61117957779669,0.13316433440962175,-0.02032015194277187,-0.020320162223996907,0.00018715925200817654,-0.9097410052845205,-0.9097409650434876,0.0004863222757495485,0.00038964038396330274,0.000389639426334143,5.981295670501636e-07
Track_14,80.10967447999107,in-sample (trained on),0.7361464679716118,0.7371748247997147,0.018728095599682373,0.6103882472591097,0.6096385795866278,0.013080080896519727,1.3465347152307214,1.3449462007946498,0.014140118680389755,0.6172099709510803,0.6105943369631098,0.13864194762277288,-0.02147770754066901,-0.021477524980212465,0.00018716040674536405,-1.0336176679331437,-1.033617304107789,0.0004863224332953543,0.0003197568606794565,0.00031975653951312876,5.98130362633282e-07
Track_14,80.19524009249193,in-sample (trained on),0.7278017193910136,0.725379766630358,0.018562132150305048,0.617828716438605,0.6177938960689654,0.012822797663700048,1.3456304358296185,1.3437990966341502,0.013932930851473829,0.6211919784545898,0.6287265399614332,0.140453777011656,-0.02145215087985418,-0.02145212937214764,0.00018716067801964552,-1.060638654970457,-1.0606382416629165,0.00048632245266287444,0.0002997132814096486,0.0002997134070680978,5.981304972126314e-07
Track_14,80.44943642189719,in-sample (trained on),0.7256441428604354,0.7254709689713403,0.01927457603147133,0.6065014333601492,0.6047719449321421,0.014170757610821575,1.3321455762205845,1.3281791886922947,0.014941750578097787,0.6172099709510803,0.6071931685261692,0.13262022900078207,-0.019837075053343933,-0.01983691111683494,0.0001871591214110553,-0.9225435003652642,-0.9225429035284332,0.0004863223072318517,0.00029144264561454966,0.00029144395761431977,5.981297031989878e-07
Track_14,80.49025375907357,in-sample (trained on),0.721010624534554,0.7219891899564125,0.01930665290128389,0.6035258250813635,0.603163474685938,0.013896627232618837,1.3245364496159175,1.324329217351107,0.014811128816496226,0.6172099709510803,0.6107508742553073,0.13525843155223985,-0.019379776042393024,-0.019379739997574134,0.00018715957627316607,-0.8604863291214603,-0.8604861704525846,0.00048632236963234944,0.00032293568176840003,0.0003229352071323243,5.981299883317261e-07
Track_14,80.55937329158736,in-sample (trained on),0.7221063474022534,0.7223496007251231,0.01987684366557476,0.6003142627349413,0.6001191823163186,0.013979583204860464,1.3224206101371947,1.3220273913206775,0.015053772815335133,0.601282000541687,0.5980365498801024,0.13810582491283174,-0.018790540609346783,-0.018790475217629745,0.00018716032163502877,-0.8134095931235432,-0.8134094048725546,0.0004863224245651959,0.00033944123773896437,0.00033944120517653224,5.98130300571824e-07
Track_14,80.68580945851565,in-sample (trained on),0.7261993997837918,0.7258486368290664,0.020550301962467696,0.5949520484147319,0.5950666605665667,0.014133018592421732,1.3211514481985236,1.3215414917692565,0.015366368274034335,0.601282000541687,0.6232973419023804,0.14125138093020106,-0.017234815682309706,-0.017234838175414078,0.0001871608562116994,-0.7177008464721281,-0.7177008596687919,0.00048632245236739216,0.00036287338047083186,0.0003628734631339896,5.981305343140401e-07
Track_14,80.93085621272178,in-sample (trained on),0.7564530817873449,0.7559775324026721,0.01767797204962168,0.5537359680075095,0.5543213240380224,0.012472368060598671,1.3101890497948543,1.3112756459462285,0.013416966901742636,0.5694260001182556,0.5785841104098092,0.1363845674753509,-0.014800461297288785,-0.014800463543903415,0.00018716000159168603,-0.6982629245658891,-0.6982630183444899,0.0004863223866091515,0.00044268672235274855,0.00044268694793859266,5.981301279329032e-07
Track_14,81.05086667432394,in-sample (trained on),0.7561992486397109,0.7578219992837734,0.016628018872395834,0.5540691237763105,0.5535774164869183,0.012168043631522057,1.3102683724160213,1.310608329717084,0.012863570738570772,0.5694260001182556,0.5719725554230564,0.1314909926912874,-0.013784381637229906,-0.013784395241033667,0.00018715854110856178,-0.744701236321709,-0.7447011174710151,0.0004863222534003354,0.000390382565550496,0.00039038353075045466,5.981294141511314e-07
Track_14,81.08440613748408,in-sample (trained on),0.7582775027865908,0.7558873261680855,0.016664814976632525,0.5544022793076427,0.5546763962752242,0.012150551239732868,1.3126797820942335,1.3120947717749747,0.012855813116017783,0.5694260001182556,0.5756647446937982,0.1314973456122357,-0.013382469667617738,-0.013382239948325717,0.00018715874017010472,-0.7402636918510406,-0.7402636593959777,0.0004863222328240157,0.0003857639396558898,0.0003857643095589932,5.981294052804755e-07
Track_14,81.09676961882064,in-sample (trained on),0.7596101241995139,0.7626842352177612,0.016988582749163164,0.5539422076774309,0.5538033033941618,0.012150512534592385,1.3135523318769446,1.3150916016139362,0.0129861865564972,0.593317985534668,0.6054437058703687,0.133977870554885,-0.013184561059245922,-0.01318473122519763,0.00018715949421049585,-0.737971994742174,-0.7379721211373799,0.00048632231754687207,0.0003982647003220035,0.00039826464108849995,5.981298350693859e-07
Track_14,81.27757453237716,in-sample (trained on),0.7556915827006457,0.7576890295020208,0.015560209182334401,0.546073395417506,0.5459105136196266,0.010832320153226686,1.3017649781181517,1.3026428375332497,0.011735838561708435,0.5654439926147461,0.5745374362213806,0.1378861916209787,-0.0121628015740065,-0.012162827822037387,0.00018716022808395444,-0.656144470746687,-0.656144511046952,0.0004863224135517651,0.0004885154119791938,0.0004885158547094283,5.981302582999888e-07
Track_14,81.33358949248579,in-sample (trained on),0.7509639504183812,0.7512804099161692,0.014530115271335313,0.548183379301512,0.5483132798985015,0.010144955796916953,1.299147329719893,1.2997061886944232,0.010972915125381523,0.5654439926147461,0.5645019434438596,0.1365116927938552,-0.012079984486307494,-0.012079964034553099,0.00018716004098166545,-0.6752971215867123,-0.6752971697086947,0.0004863223818277105,0.00047812843006148623,0.00047812814972099404,5.981301109845192e-07
Track_14,81.52161476062477,in-sample (trained on),0.7643543823607384,0.7642969158983526,0.011260630911343267,0.5489155407699328,0.5489234509386186,0.0077292305271044835,1.3132699231306713,1.3131835834263,0.008429227412931591,0.5694260001182556,0.5892873980708601,0.1387849615358349,-0.01108544930856634,-0.011085472326837646,0.0001871605228048498,-0.6923514491666033,-0.6923514265504532,0.00048632240466043415,0.00041392019493590864,0.00041392039029355,5.98130305577047e-07
Track_14,81.73757237495072,in-sample (trained on),0.7705883927554248,0.7700422787557681,0.009295389105322306,0.5498491563645017,0.5498951961980368,0.0063630492005851275,1.3204375491199265,1.3201714388663968,0.00695395755080415,0.5654439926147461,0.5712385194850471,0.1395407149072645,-0.010493100965740505,-0.010493191447067654,0.0001871605607879386,-0.7488673510188386,-0.7488672810329494,0.00048632244358351006,0.00035758832519213444,0.000357588537566062,5.981304385871152e-07
Track_14,81.76555960426191,in-sample (trained on),0.7692240426739848,0.7681428559978426,0.00906860914171095,0.5507534350531985,0.5510083498305037,0.006259869908273215,1.3199774777271833,1.3198378999563238,0.006808896663773724,0.5654439926147461,0.58430557673578,0.1325873494018444,-0.010499490712002013,-0.010499491897520294,0.0001871595875274723,-0.7650182483345843,-0.7650183179189739,0.0004863222669388011,0.00034852842085578167,0.00034852860288923275,5.981296696656113e-07
Track_14,81.89481798584016,in-sample (trained on),0.7624657479415377,0.7624032085080279,0.009449448585560564,0.5603514836128964,0.5604514939728893,0.0064913999736983365,1.3228172315544342,1.3229679135196355,0.007083695252113867,0.5654439926147461,0.5789353845042776,0.1378229725566498,-0.010752723230914751,-0.010752792673644575,0.00018716018799062254,-0.9121144622057482,-0.9121142059431788,0.00048632242303406044,0.00025040714441674567,0.00025040711753882976,5.981302872080436e-07
Track_14,82.40867796396343,in-sample (trained on),0.7560564636946674,0.7558730464140634,0.017719297974996977,0.5537201074727502,0.5535347948642475,0.01266067127893766,1.3097765711674176,1.3091031033341587,0.013496067002748852,0.5694260001182556,0.586577066365592,0.13430801119909416,-0.007684628526942852,-0.007684631334579717,0.000187159504292483,-0.5709586716188971,-0.5709586318878382,0.00048632226247970336,0.0002992940679271569,0.00029929456297883957,5.981296640822212e-07
Track_14,82.46859804720069,in-sample (trained on),0.7542796349857908,0.7562263547089068,0.01710447312800353,0.5528634220242975,0.5531198837217338,0.012501033881041753,1.3071430570100884,1.3085310021570986,0.01320745434316022,0.5694260001182556,0.6423873033469201,0.13211432331587,-0.007689352177131252,-0.0076894255980254535,0.0001871587924559637,-0.5429314901677167,-0.5429316132331795,0.0004863222315615,0.0003167082404897133,0.000316708102805225,5.981294034138384e-07
Track_14,83.04506297033276,in-sample (trained on),0.7488063686634915,0.7474198122552688,0.014165630025381008,0.5386646578748863,0.5389301641718509,0.009883775934804506,1.2874710265383777,1.2874073872041132,0.010688829896326883,1.2861859798431396,1.1771888972100564,0.13549281134595959,-0.007815791501483406,-0.007815759351301532,0.00018715997697294468,-0.46109270716611805,-0.46109260444395606,0.000486322354723923,0.0004788723058761935,0.0004788724382995792,5.981300191064294e-07
Track_14,83.08141618121822,in-sample (trained on),0.7507577064740231,0.7490214167219105,0.01329766625478539,0.5388550322606744,0.5392582821493017,0.009366244428128475,1.2896127387346974,1.2897729370957425,0.010083809125356875,1.2861859798431396,1.1311527947830515,0.133073680523445,-0.007776360204477001,-0.007776395995882557,0.00018715930171477683,-0.45078785716403696,-0.450787974582409,0.0004863222819546784,0.0004884323477433172,0.0004884315262036591,5.981296403610728e-07
Track_14,83.49469720395517,in-sample (trained on),0.753692652599745,0.7547364001400525,0.01182151274775786,0.5455498671626665,0.5455754416624798,0.008116092251817985,1.2992425197624116,1.2997233386826785,0.008853826072756863,0.557479977607727,0.6007928420594015,0.13929270213772732,-0.005990436246320546,-0.0059903800873729336,0.00018716053945176003,-0.47132919101701454,-0.4713293470664649,0.0004863224355786265,0.000290585634679027,0.0002905865432434312,5.98130408621859e-07
Track_14,83.96408403336801,in-sample (trained on),0.7464266903846862,0.7490552855885907,0.01182609318239568,0.54402687231383,0.5437280710321133,0.00877172101193967,1.2904535626985163,1.2912534252277552,0.009168017354330406,0.5495160222053528,0.661954680716621,0.12548722140794544,-0.005050090583573168,-0.0050500860177116,0.00018715483111599664,-0.4250028579694242,-0.4250030999848928,0.00048632165966840075,0.00041342171876069145,0.00041342143321794185,5.981266669836424e-07
Track_14,84.02608926327028,in-sample (trained on),0.741284060572821,0.7426043555355544,0.013367472353096616,0.5505273048839872,0.5502760412646659,0.009776724760486164,1.2918113654568082,1.2917903027949234,0.01028300944652662,0.5534980297088623,0.5800862837363648,0.12925053721309135,-0.005407588196310641,-0.005407626961978298,0.00018715682340263558,-0.506412720004494,-0.5064124057045891,0.0004863218550093227,0.0003247884731386024,0.0003247899038214733,5.981277933132668e-07
Track_14,84.34385483066708,in-sample (trained on),0.6973893942823448,0.701261553727524,0.019477863015903447,0.5622552297267306,0.5627191975322626,0.013576619241319669,1.2596446240090753,1.2630665067247222,0.014679082875591101,0.5694260001182556,0.6014085079265674,0.13879129875159013,-0.0038599040468103043,-0.003859820170540768,0.00018716052186699565,-0.4832382707372188,-0.4832385940167278,0.00048632243144187455,0.00033366497129658527,0.00033366493546291314,5.981303792678001e-07
Track_14,84.58787176225948,in-sample (trained on),0.6575672515327968,0.6449434050963302,0.022069075842692,0.5906633356260875,0.5947517126165429,0.01642839349837132,1.2482305871588844,1.2457294541800539,0.01705516388290725,0.593317985534668,0.6238703855134391,0.13189042636125067,-0.0030626128128455232,-0.0030623193856700063,0.000187158489994963,-0.5345768618182786,-0.5345773961322032,0.00048632215304376014,0.00025017122126421164,0.00025017076567111876,5.981290717470206e-07
Track_14,84.96592061701512,in-sample (trained on),0.5975844297144148,0.6244029871621983,0.023982375286404164,0.6292824118383347,0.6236316166853297,0.018631752332430376,1.2268668415527495,1.2367144144029827,0.018893842834998592,0.6331380009651184,0.6130396424491961,0.13166827299538308,-2.442555474540023e-05,-2.469178864459654e-05,0.00018715835892837754,-0.6469790578634025,-0.6469789296852152,0.00048632214775193804,0.00017716673922944136,0.00017716749564583464,5.981290378832302e-07
Track_14,85.19576514749812,in-sample (trained on),0.6446080629331657,0.6651273924650183,0.0329745731368552,0.6061524161067142,0.6027403530642651,0.02575404615486525,1.2507604790398799,1.2587900646270134,0.026237779935148507,0.6132280230522156,0.6165866318322566,0.13650914085984509,0.001303603045266474,0.0013035248285784653,0.00018716000417079207,-0.6043901239629982,-0.6043904233361365,0.0004863224002013376,0.0002189318431806422,0.00021893215957810135,5.981301706837955e-07
Track_14,85.42111573704155,in-sample (trained on),0.689837872269619,0.7089555901269476,0.030115869495597244,0.5939208549332333,0.5880483120502505,0.024469572415505247,1.2837587272028523,1.2880147559345714,0.024223859841087957,0.5972999930381775,0.5937994532852918,0.13227630776384286,0.0017770783238423367,0.0017771532926693337,0.00018715873501185776,-0.4561231345722994,-0.4561231425235972,0.0004863222266994713,0.00033337260506861177,0.00033337256975687814,5.981293715653741e-07
Track_14,85.58782120566394,in-sample (trained on),0.7185050992376776,0.717765352459033,0.03339983721259149,0.5752958831084202,0.5752619149841451,0.02490986535889323,1.2938009823460979,1.2945088538250316,0.02590531453938199,0.5773900151252747,0.5784998806886482,0.13796017813253217,0.002141114664830196,0.0021411150747518274,0.00018716033124804377,-0.4246911473423958,-0.42469132391134534,0.0004863224177959653,0.0003577717768042377,0.00035777189801313353,5.981302930887678e-07
Track_14,85.67646591918388,in-sample (trained on),0.7293564436207729,0.7174424443312745,0.02724321281222177,0.5653329509425449,0.5693596352128958,0.021709168565994502,1.2946893945633178,1.2908071936516026,0.021654329672887135,0.5773900151252747,0.5817003588881742,0.1300725113653779,0.0024462614337124326,0.0024462001595965265,0.00018715837557548026,-0.41629472650504484,-0.41629511015939547,0.0004863221615590271,0.0003748463006111625,0.0003748456081758791,5.98129044094345e-07
Track_14,86.1613153670682,in-sample (trained on),0.6976432255302293,0.7019863824076906,0.023225764736814977,0.5662689587746959,0.5665507894712787,0.01726944457640603,1.263912184304925,1.266723834805668,0.018086099573288446,0.5694260001182556,0.5974847889469868,0.13406527694387493,0.004373522890357601,0.004373430386693605,0.00018715963746844815,-0.4731311332790403,-0.47313161998129794,0.0004863223539449241,0.00036952894230588153,0.00036952883062248,5.981299457625286e-07
Track_14,86.46755732014844,in-sample (trained on),0.6738940039241457,0.6888824792156478,0.02367068837639604,0.5843545351607866,0.5825410238261359,0.017764496101884,1.2582485390849323,1.2671047990456392,0.018461062486939597,0.5853539705276489,0.5927557769620895,0.13324761271615976,0.006841531060717898,0.0068414022062115165,0.0001871594644334609,-0.5607327209069185,-0.5607331125068514,0.00048632231534418547,0.0003147209845894227,0.0003147227298637424,5.98129773040911e-07
Track_14,86.72553677762977,in-sample (trained on),0.681540712298625,0.6982408126516004,0.024485284867286943,0.5711711024145681,0.5667411383425045,0.0178165579219054,1.252711814713193,1.2567466116414403,0.018802897477540544,0.6132280230522156,0.6053008135880305,0.13562497736926374,0.009636221073894525,0.009636215951308574,0.0001871597488391209,-0.47579759661741766,-0.4757977196788985,0.0004863223556909561,0.0003336246052794048,0.00033362776580160363,5.981299723579532e-07
Track_14,87.0900575726254,in-sample (trained on),0.7008002647365706,0.7052113997876711,0.019302128625614482,0.5571627120572732,0.555848385368037,0.015098400851381151,1.2579629767938438,1.2602764262155446,0.015099577919563682,0.557479977607727,0.560095637705927,0.12690961921022198,0.011021861917257623,0.011021834422382963,0.00018715167628660496,-0.5376695543358857,-0.5376697578171036,0.00048632113435350814,0.00029845362006807144,0.0002984528370853031,5.981245602473032e-07
Track_14,87.12930898611265,in-sample (trained on),0.7095416278478159,0.7066603771539908,0.01744648938394295,0.5520384651256273,0.5537087849034112,0.01364810037954765,1.261580092973443,1.2619624612159057,0.013726731953472446,0.557479977607727,0.5538187947254235,0.12473501213677511,0.01091216114655711,0.010912100204532298,0.0001871493582561782,-0.5545463800116925,-0.554546393645121,0.00048632101183546653,0.00029879970468644476,0.0002988009727241909,5.981236267552691e-07
Track_14,87.23437407917251,in-sample (trained on),0.7242480554428709,0.7236091299593973,0.017507696408672883,0.545042202767148,0.5456588999509789,0.012147951669136658,1.2692902582100187,1.2710331673770523,0.013167995895724269,0.5614619851112366,0.5968229230177854,0.1387902876396128,0.01121708100774523,0.01121701236876799,0.00018716049420029634,-0.5913669402060466,-0.5913671044474869,0.00048632242784236307,0.00031088878418894674,0.00031088960517859025,5.981303581071073e-07
Track_14,87.33931840529172,in-sample (trained on),0.759455881451094,0.7552750588328885,0.02894168245974209,0.5149737336037178,0.5167314486184161,0.02268375903754714,1.2744296150548118,1.2748143673147174,0.02305701298344018,0.5455340147018433,0.5420527638631687,0.1340982010644616,0.011939168556047411,0.011939190865946747,0.00018715926912413002,-0.5044631596485325,-0.5044632029171088,0.00048632233911708334,0.0007036180870733842,0.0007036167743407194,5.981298270907569e-07
Track_14,87.40220962271175,in-sample (trained on),0.7596101214983074,0.7557738891464032,0.027692961913456614,0.5147409277311359,0.5167063901924408,0.02234505343693879,1.2743510492294432,1.275044025083887,0.02242942443236267,0.5614619851112366,0.5765712284479136,0.13292020996057438,0.012518067219042481,0.012518009196585052,0.00018715879831760615,-0.48594569482918704,-0.4859456809261329,0.00048632232600841213,0.0007002442651865439,0.0007002437550542235,5.981296885962763e-07
Track_14,87.5576170944733,in-sample (trained on),0.7908474046929899,0.7628095607261509,0.025947217794074256,0.49795624254590487,0.508946734523988,0.0215624418858765,1.2888036472388948,1.2858406624354308,0.021278941429268217,0.5614619851112366,0.5649384095654256,0.13096795412224113,0.013877271856788708,0.013877102698124907,0.00018715853266778495,-0.42105308655702767,-0.4210535681040891,0.0004863222726335525,0.000973212621552284,0.0009732070929292321,5.981294417377142e-07
Track_14,87.82921975695132,in-sample (trained on),0.7895737088447998,0.7742632973978743,0.025601949124638437,0.5074679783826309,0.5105096237331401,0.02018181899127909,1.2970416872274309,1.2914361952518647,0.020221306998345585,0.5734080076217651,0.5855605521708699,0.1284723545393947,0.01474070643943145,0.014740565737166719,0.00018715425525515675,-0.4567314288752089,-0.4567315170937032,0.0004863217131239139,0.0009284236156978631,0.0009284230907118962,5.981268860419036e-07
Track_14,87.85791012845337,in-sample (trained on),0.7884677240394976,0.7869989300010038,0.022948703309619248,0.5103147195807967,0.5103756870407403,0.018912501963161018,1.2987824436202942,1.2987329301932948,0.018435973065128244,0.5734080076217651,0.5733570117392984,0.12450831592716037,0.01473412801754739,0.014734262717928093,0.0001871509175252037,-0.45602978174911957,-0.4560297968010519,0.00048632148772427075,0.0008908485004588238,0.000890847842846302,5.981253946898254e-07
Track_14,87.97009543860636,in-sample (trained on),0.7819315311740119,0.7822603530468499,0.026625413458998787,0.5177869186161523,0.5172088659081885,0.021457436614291506,1.2997184497901644,1.299175694575351,0.02129877267293819,0.601282000541687,0.5959814046331624,0.12946290963769372,0.014809930786388377,0.01480992672155651,0.0001871572440380587,-0.49613973318304494,-0.4961396855082132,0.00048632210103884577,0.0008982541407294123,0.0008982546401390978,5.981286714934141e-07
Track_14,88.06184126119186,in-sample (trained on),0.7675899863539939,0.7739743105519745,0.025309961187695497,0.5277815798067477,0.5255836156831716,0.021598844298418306,1.2953715661607414,1.2968690287338256,0.020837290735651506,0.5972999930381775,0.5914748514482026,0.1276231457741607,0.014886998512106491,0.014887045400528006,0.00018715638893261347,-0.49371692893848174,-0.49371706974187524,0.00048632206082636426,0.0008469316139958374,0.0008469323404822093,5.981283815034795e-07
Track_14,88.22202978787504,in-sample (trained on),0.7737930223820694,0.7603208050792316,0.024061408889546776,0.5286065345681996,0.5343118623874353,0.02129039559904843,1.302399556950269,1.3008068605171081,0.02017533730003787,0.5972999930381775,0.5913618749970204,0.12724154478535238,0.015080261612584925,0.015080264091242726,0.00018715641214501469,-0.5991143809730773,-0.599114787947312,0.00048632211221345594,0.000893018080323524,0.0008930133516154288,5.981285160832747e-07
Track_14,88.36597130704973,in-sample (trained on),0.737621868155392,0.7407338601690655,0.013248731414575339,0.564983927989861,0.5638766170596181,0.009459223632502959,1.302605796145253,1.3026785826484437,0.01009388393126046,0.5972999930381775,0.590708196148782,0.12050226565868051,0.01469986159587279,0.014697055507048347,0.00018508801213465805,-0.8191539200667708,-0.8191641348453889,0.00048577725056708044,0.00040411514169441665,0.00040410474470782033,5.95828212454762e-07
Track_14,88.36659706143504,in-sample (trained on),0.7375232815032914,0.7406017651521586,0.01325504477788178,0.5651121663432273,0.5638574232463642,0.009456168935424721,1.3026354478465185,1.3026069982828672,0.01009354413221021,0.5972999930381775,0.5906199720642724,0.12050171777074216,0.014702749732807649,0.01470558246419036,0.00018508287813987973,-0.8213856032275699,-0.8213748877867937,0.000485776955075798,0.0004036698175168827,0.00040368356113139624,5.958259301552367e-07
Track_14,88.47504553172422,in-sample (trained on),0.7259297015894932,0.7256631977910193,0.016592869977713857,0.5747247572201657,0.5751051765685894,0.012297568744714747,1.300654458809659,1.3008512108268828,0.012928359369186522,0.5972999930381775,0.599870578057565,0.1313660386492413,0.014211145279276643,0.014211122865065942,0.0001871577596316941,-0.9186315728207837,-0.91863146391503,0.00048632221901692864,0.000341741086893924,0.0003417406530193582,5.981291661030939e-07
Track_14,88.5186695473949,in-sample (trained on),0.7171724737877865,0.7164139103255425,0.01636376218746128,0.5809753869634225,0.5808734521344638,0.01183637623015988,1.2981478607512091,1.29751839964471,0.012576522610719048,0.5972999930381775,0.6156875566361926,0.1332952338092225,0.013937296145199302,0.013937278646931518,0.00018715861895126336,-0.9474504254904876,-0.9474502072515163,0.0004863222549314714,0.0003129329111759674,0.0003129333184929586,5.981294601728191e-07
Track_14,89.1969169160997,in-sample (trained on),0.7492029875873094,0.7487331917806703,0.016176548357307977,0.5535931872181683,0.5537107593100193,0.011130191342516086,1.3027961748054777,1.3029651625919099,0.01211749093775097,0.5734080076217651,0.594260445821843,0.140281924334204,0.021188718134597426,0.021188728278419746,0.00018716071342360659,-0.5849871511061734,-0.5849872626671325,0.000486322447854572,0.00043017806622180454,0.0004301779241666821,5.9813048378278e-07
Track_14,89.78577332053285,in-sample (trained on),0.8023967954267068,0.7975057684063454,0.020054865051032725,0.5158355784606173,0.516420766947229,0.014007387513669417,1.3182323738873243,1.316404857598523,0.015117101452393554,0.5534980297088623,0.5892610913683021,0.138691140685135,0.02646969487433305,0.02646967061640758,0.00018716050850257362,-0.27139952872638357,-0.2713998690702153,0.00048632241545896895,0.0006282517102697096,0.0006282509405891301,5.98130332816692e-07
Track_14,90.21590032938545,in-sample (trained on),0.7966220989170303,0.7969492447788409,0.022430876865243858,0.5367133154337149,0.5368243517115905,0.01616167190030064,1.3333354143507452,1.3333179772893293,0.01709176401285254,0.557479977607727,0.5683874339817798,0.13507353799765265,0.027330835571601278,0.02733084462104976,0.00018715991038509473,-0.5173004287543663,-0.517300536628899,0.0004863222861720177,0.0004963549086149466,0.0004963550782574103,5.981298150154402e-07
Track_14,90.26929730891871,in-sample (trained on),0.7985734367275618,0.7986128625026728,0.02140990240614512,0.5360470053209252,0.5359808084248,0.015799898593013683,1.334620442048487,1.3341950165197898,0.016537639652463257,0.557479977607727,0.5552811686372721,0.13305751501207272,0.027532942476017133,0.027532912866470943,0.00018715937768144233,-0.536030350995758,-0.5360304479638658,0.00048632225321230114,0.0005017330874033326,0.0005017328426031496,5.981295782334642e-07
Track_14,90.50849472378533,in-sample (trained on),0.7826930269064656,0.7802174172840904,0.021109220324180087,0.5423928220196074,0.5427838448740538,0.014700291004301322,1.325085848926073,1.3243015481090232,0.01588664202785658,0.557479977607727,0.5694162951309115,0.13942366406677148,0.02798156732302389,0.02798147612726962,0.00018716059923994655,-0.6896774281888725,-0.6896773253187364,0.00048632243308045813,0.0004788001048154488,0.00047879980792622985,5.98130407630726e-07
Track_14,90.72520070461812,in-sample (trained on),0.7737612921403224,0.7749325082103248,0.016789334621106784,0.540980877866783,0.5411691565248855,0.01291745096035121,1.3147421700071054,1.3157027820088123,0.013061546383137909,0.557479977607727,0.5772660600636395,0.12657739833210316,0.028976445443726875,0.02897645061286632,0.00018714645165024453,-0.4143848403701309,-0.4143849546417671,0.00048632074380531746,0.0005054428305659735,0.0005054426879553677,5.981223684136305e-07
Track_14,90.73027024097391,in-sample (trained on),0.7732694912479219,0.768721828203037,0.016646548845002156,0.5410126068915029,0.5416425744560251,0.012844067721786586,1.3142820981394248,1.311600970318363,0.012980330235667518,0.557479977607727,0.5733783554573257,0.12640540569923833,0.028969451634062303,0.028969307925460874,0.00018714610321091091,-0.4130644772153699,-0.41306477114894147,0.0004863207382179967,0.000500615902751721,0.0005006152711895095,5.981222959938618e-07
Track_14,90.83189744138912,in-sample (trained on),0.7524869408740466,0.7526783474891717,0.01475974300616702,0.5430274035826147,0.543295235152452,0.010255830956559908,1.2955143444566612,1.295709805806363,0.011114602183957137,0.557479977607727,0.5823096528922184,0.13758334368585526,0.029017762549835995,0.029017714530340688,0.0001871602044030986,-0.4542590009649365,-0.4542591527269454,0.0004863223967898601,0.00030886917303196286,0.00030886956472929016,5.981301935789784e-07
Track_14,91.13302643813572,in-sample (trained on),0.7703980074460763,0.7705734366735484,0.013986219179123797,0.5289079618169017,0.5289993492639078,0.009655522281385867,1.299305969262978,1.2994315159867285,0.010490789175240232,0.5375699996948242,0.5595264645958189,0.13822949928367248,0.030023421381007543,0.030023450496039255,0.00018716041073124658,-0.35420245556156527,-0.3542027780393426,0.0004863223906653178,0.00047633546190058607,0.00047633548536620105,5.981302242380388e-07
Track_14,91.2180834864788,in-sample (trained on),0.7616090538254772,0.7612073617018115,0.014519633967401602,0.5396165274291399,0.5396054162552953,0.010311318691791102,1.3012255812546172,1.3009434614461362,0.011055867244582221,0.593317985534668,0.5771739870155921,0.13326728819222852,0.029952952905517558,0.02995290250716543,0.00018715925107031601,-0.4417103541203305,-0.4417102667702728,0.00048632230766164423,0.00045407595131503035,0.00045407541719081403,5.981296713175018e-07
Track_14,92.15549569556435,in-sample (trained on),0.6938357349648419,0.6906999259868511,0.02033922246401088,0.5886538269747776,0.5888613906920354,0.014290506481921117,1.2824895619396195,1.281226185288555,0.01538144612440266,0.593317985534668,0.5992919828696371,0.13761741857835738,0.030671930912396183,0.030671922963297033,0.00018716034789497104,-0.9580833370665417,-0.9580829228425674,0.00048632240871660025,0.00017618717138429764,0.0001761874564962919,5.981302663281687e-07
Track_14,92.27699252238313,in-sample (trained on),0.7161121299815556,0.7178587275417535,0.022708439248586478,0.5684621062070604,0.567891166584064,0.01631872180974939,1.284574236188616,1.2844952789485042,0.017396406047918554,0.5734080076217651,0.5801240189641581,0.13719399844150743,0.03220541501838353,0.0322055529452963,0.00018716006325575728,-0.9042309874121179,-0.9042307165646428,0.00048632240911953065,0.00019317999894888065,0.00019318064998408196,5.981302202074297e-07
Track_14,92.51127532611949,in-sample (trained on),0.722344313128536,0.7249078605821249,0.019990170334626186,0.5594313418960192,0.5592642081510513,0.015136420906129405,1.2817756550245551,1.2829354370063117,0.015510253042325447,0.5614619851112366,0.5657788815498073,0.1292634796888454,0.03473885495450113,0.034738996212325526,0.00018715723161127323,-0.7785287445870676,-0.7785282717166976,0.00048632189320716704,0.00017698302258317475,0.00017698384367490513,5.981280524130512e-07
Track_14,92.54530953106041,in-sample (trained on),0.7288329096666846,0.7306044623890905,0.018259118522382902,0.5564964018257491,0.5566255324697137,0.014411699651996478,1.2853293114924336,1.2873841427889492,0.0144892531135092,0.557479977607727,0.5646907442645843,0.12656551828088647,0.03551676645874977,0.03551654891665314,0.00018715541377469291,-0.6965648726576746,-0.696564931230783,0.00048632177627662556,0.00022621541781073264,0.00022621609739581955,5.981272586769847e-07
Track_14,92.74401769772857,in-sample (trained on),0.7727776920178022,0.7685958768064999,0.014763766463363198,0.538014210790277,0.5383424231459774,0.010400136623076595,1.3107919028080792,1.3087657207973566,0.011195054527316185,0.5654439926147461,0.5609240175238255,0.1338225046161733,0.037613929814084415,0.03761399890565499,0.00018715939385952453,-0.5559813550038347,-0.5559815574600417,0.00048632231717080364,0.0005125408193436997,0.0005125395563281716,5.98129788568679e-07
Track_14,93.05847837880876,in-sample (trained on),0.7582775027865908,0.7573180290029561,0.020392744351682836,0.5271469994607675,0.527733237376913,0.015467468437524345,1.2854245022473583,1.2857462584779167,0.016091771970155048,0.5415520071983337,0.5506561074975344,0.1323947527993213,0.039120683027011854,0.039120584979107934,0.0001871584391158164,-0.40901443693702333,-0.4090150063171431,0.00048632230427702813,0.0005621609944828103,0.0005621599892026715,5.981295657947265e-07
Track_14,93.24601206745908,in-sample (trained on),0.7400015491650874,0.7410014777472025,0.019312771379905228,0.5367926403108346,0.5361011136548761,0.01410160495836572,1.276794189475922,1.2761902197529864,0.01492345453310021,0.5415520071983337,0.5615133387861676,0.13377863112018723,0.038450461708837085,0.038450613760989114,0.00018715908928930775,-0.5654118883432875,-0.5654116145297374,0.0004863223273246517,0.0003607521626222144,0.000360753405533453,5.981297701335841e-07
Track_14,93.85568181505093,in-sample (trained on),0.7709532738681808,0.7661418338690131,0.01713795191454082,0.5281940575139931,0.5287067700795453,0.01287997948964039,1.299147331382174,1.2979592642788296,0.013347451772512337,0.5415520071983337,0.5872957428474955,0.12931490017920289,0.04214889707009485,0.04214880990233745,0.00018715705271236472,-0.6986493377814768,-0.6986489708650445,0.00048632198303387225,0.0005600854062680543,0.0005600874295353995,5.981282920534086e-07
Track_14,93.88626842874822,in-sample (trained on),0.7805671858122625,0.7806621454528032,0.017539030391184072,0.5261158026547071,0.5257825270229151,0.012981259196208343,1.3066829884669695,1.3058064823500688,0.01355096342008001,0.5455340147018433,0.569292211911409,0.13076567214293627,0.042396239236573485,0.04239629311410241,0.00018715759644259342,-0.6854148895417913,-0.6854149243626128,0.00048632201615477936,0.0006246756052068107,0.0006246742799948183,5.981285494515265e-07
Track_14,94.51333975484573,in-sample (trained on),0.7315616122042515,0.7302528262195782,0.0160736690525424,0.5350475407454122,0.5353504305019945,0.011073714640538438,1.2666091529496637,1.2665436202491422,0.012052663903562466,0.5455340147018433,0.5971109895961714,0.14030596847048915,0.0453824589795926,0.04538243745511922,0.00018716061424560606,-0.5544822334517144,-0.5544822897005972,0.0004863224494662935,0.00033168937442310724,0.00033168956576341575,5.98130464307017e-07
Track_14,94.72283705209014,in-sample (trained on),0.7344013668626428,0.7341880253294886,0.013041547702977593,0.5266393335217023,0.5265427346354645,0.01003989572524563,1.2610407003843451,1.2610663626095762,0.010198974093499714,1.2583119869232178,1.1958993453351219,0.12571143964604545,0.04683716047023024,0.04683723414331882,0.00018714091030934545,-0.28054696139848745,-0.28054746423164695,0.00048632041646342575,0.0005256632435689695,0.0005256633974684604,5.981200701224017e-07
Track_14,94.74123851461209,in-sample (trained on),0.7332908480290873,0.7307894455183495,0.012509330021841214,0.5268773020976093,0.5275305613137454,0.009781581478204293,1.2601681501266966,1.259622189689683,0.009836678278066115,1.2583119869232178,1.2227821382634214,0.12418415014191819,0.04672749542764255,0.04672734449225928,0.00018713779698485434,-0.28518310737112545,-0.28518293809785566,0.0004863201784648334,0.0005424891076569225,0.0005424885745741554,5.981185924477549e-07
Track_14,94.84810127561317,in-sample (trained on),0.7186478767024569,0.7182002574980805,0.01635146688303254,0.5304785514495287,0.530726872976877,0.011540615707557458,1.2491264281519856,1.2496278456011993,0.01242256270628263,1.238402009010315,1.1715884876828682,0.13586662656905835,0.04680869497264488,0.046808789860091515,0.0001871596351238017,-0.32542972747703,-0.32542997862121814,0.00048632235888753766,0.0005156612291664927,0.0005156612558343708,5.981299718789051e-07
Track_14,95.44857865868059,in-sample (trained on),0.7495361413376265,0.7500918932300575,0.015900783906674335,0.5212771152832594,0.5214276286665779,0.011006361527502187,1.2708132566208858,1.2713410716987887,0.011941076856377601,0.5495160222053528,0.5717296097638138,0.13836316460487855,0.05113606656945887,0.05113594895875845,0.00018716048857317057,-0.3905169180582567,-0.39051730845749466,0.0004863224039888835,0.0005355211474248475,0.0005355206105725563,5.981302891903102e-07
Track_14,95.927420727455,in-sample (trained on),0.7518682278009999,0.7483850695574211,0.019766802158053414,0.5218799686526873,0.522593185925734,0.013875540349439872,1.2737481964536872,1.2735245600773397,0.014931008581276595,0.5375699996948242,0.5558465848764818,0.1375978358830554,0.05370116455996611,0.05370133287039798,0.00018716040369733618,-0.5989294246894618,-0.5989292714089753,0.00048632239576910306,0.00036791288234077463,0.00036791336899381184,5.981302336207681e-07
Track_14,96.38518391011496,in-sample (trained on),0.7014983080297827,0.7016065033565918,0.021060941758096637,0.5376017293132159,0.537968289745058,0.014466662335395541,1.2391000373429986,1.240508826177445,0.015743391656738576,0.5415520071983337,0.5781722834545381,0.141711802549055,0.05586769982640232,0.05586773584273952,0.00018716088903653294,-0.43744445189755365,-0.4374446436709181,0.00048632246209144494,0.00035409445892548177,0.00035409457284930033,5.981305805834248e-07
Track_14,97.01760126055177,in-sample (trained on),0.6717681564182875,0.6715184622985706,0.017731668817068533,0.5586857042939539,0.5590070062574782,0.012124083282483473,1.2304538607122413,1.2313745897363224,0.013238606771006484,0.5614619851112366,0.6000252363323786,0.14252554500600947,0.05863974320553464,0.05863973419678406,0.00018716095046584878,-0.5645197710851225,-0.5645198972230545,0.0004863224706335685,0.0003565025655763111,0.0003565025992063343,5.981306339394048e-07
Track_14,97.46523811918112,in-sample (trained on),0.6536484585394935,0.6527030280384434,0.024487785523588827,0.5725231111522705,0.5727430768594731,0.016826831434417436,1.2261715696917639,1.2269001181324166,0.018305417005156314,0.5773900151252747,0.5941058370474003,0.14243796646762197,0.06305690636773678,0.06305693284542585,0.00018716091787548907,-0.713667001700591,-0.7136669766977266,0.0004863224704186723,0.00031731326361890796,0.0003173134820911327,5.981306282899483e-07
Track_14,97.61994990016325,in-sample (trained on),0.6648670826775144,0.6690986609970703,0.023391124860474552,0.5772948124969148,0.5767010081860707,0.017066569286015153,1.2421618951744293,1.2441453451968392,0.017781425296538315,0.5773900151252747,0.591317501024651,0.1331968816142505,0.06368551480719882,0.0636854968230363,0.0001871596527086494,-0.7319960593170406,-0.7319962862634025,0.000486322135502847,0.0002839539385993029,0.00028395349084317024,5.981292145035248e-07
Track_14,97.96873908665404,in-sample (trained on),0.6725772524259955,0.6667411794489687,0.02337659096782006,0.575010319155051,0.5760037282385508,0.017257604442049424,1.2475875715810465,1.2455607019145394,0.017879340350930042,0.5773900151252747,0.586914199680795,0.13261158406723858,0.06418112614031496,0.0641811369845955,0.0001871594742809848,-0.8078405239741546,-0.8078402253576439,0.00048632212889478457,0.00024074632789518037,0.00024074726592167105,5.981291404987688e-07
Track_14,98.29849454588816,in-sample (trained on),0.7067653407376125,0.7060238999593483,0.021013228000419458,0.5394896110927916,0.5400239013731933,0.015231768860632799,1.2462549518304042,1.246366946494736,0.01592750777583736,0.5415520071983337,0.5527577047131671,0.13234687634963319,0.06461095561583836,0.06461099881298624,0.00018715963301361988,-0.8423582331239258,-0.8423582112684409,0.00048632212193751556,0.0002909558607306156,0.0002909554378079391,5.981291245580109e-07
Track_14,98.34773513997317,in-sample (trained on),0.7033703299870054,0.7044635462131352,0.021139916935000388,0.5405525347863536,0.5404117987375106,0.015201565984007424,1.243922864773359,1.2453921386512952,0.015972100484368177,0.5415520071983337,0.5588889573018757,0.1332072857287403,0.06459005346781091,0.06459001783324708,0.0001871597103869382,-0.869613088832503,-0.8696128804354427,0.00048632213467012366,0.0002657756906554222,0.00026577626905633706,5.98129217889903e-07
Track_14,98.65775271137977,in-sample (trained on),0.6688014913602655,0.6650861383411515,0.026623888719333424,0.594618893358337,0.5948463156834634,0.019988874011172334,1.2634203847186023,1.2613076342113763,0.020502779619460745,0.5972999930381775,0.5971728364376349,0.13207045913427354,0.06630315394880616,0.06630313630898506,0.0001871591005436433,-0.6655760468847198,-0.6655761192475669,0.00048632214554925063,0.00016857516758716663,0.000168575288832063,5.981291377896659e-07
Track_14,98.69507116674262,in-sample (trained on),0.6543806223755338,0.6563987182778381,0.02910929834473026,0.605517833593832,0.6038717628945884,0.022174383712525284,1.259898455969366,1.2602568552358897,0.02250549998104746,0.609246015548706,0.6114934625751687,0.13314124633729338,0.06650140354343291,0.06650140715860885,0.00018715924262957122,-0.670312405331769,-0.6703123288502929,0.00048632216231116426,0.00016728071077086736,0.00016728100091967273,5.981292599966225e-07
Track_14,98.93697098290363,in-sample (trained on),0.5497856930907504,0.5627091521989058,0.04735148172990379,0.630647268903208,0.6287560071413923,0.033518195036938855,1.1804329619939584,1.1915871347378055,0.03551650807269177,0.6331380009651184,0.6496421201411733,0.141916180654462,0.06550624072237357,0.0655062155122477,0.00018716090427663227,-0.7422404137334448,-0.7422403973667626,0.0004863224652880258,0.0006590356932176701,0.0006590350926501379,5.981305914363288e-07
