track_id,x_mm,_split,true_width_mm,pred_width_mean_mm,pred_width_std_mm,true_y_left_mm,pred_y_left_mean_mm,pred_y_left_std_mm,true_y_right_mm,pred_y_right_mean_mm,pred_y_right_std_mm,true_centerline_y_mm,pred_centerline_y_mm_mean,pred_centerline_y_mm_std,true_peak_depth_mm,pred_peak_depth_mm_mean,pred_peak_depth_mm_std,true_profile_skewness,pred_profile_skewness_mean,pred_profile_skewness_std,true_profile_waviness_mm,pred_profile_waviness_mm_mean,pred_profile_waviness_mm_std
Track_10,21.651171271834343,in-sample (trained on),0.0027700869933418608,0.0029148094861198848,0.0010742080791242014,1.7735481877689776,1.7734381807959516,0.0007392667571068382,1.7763182747623194,1.7761995894322058,0.0008054749117096769,0.13538800179958344,0.27360735736432285,0.12372756546072355,0.7911433577537537,0.7911431183580488,0.00018707792839901864,-3.9567701971742473,-3.9567662425358874,0.00048630934792821335,0.001500776712332602,0.0015007710310995133,5.980701123801145e-07
Track_10,21.65471695252994,in-sample (trained on),0.0027700869933418608,0.0027157128631726257,0.0010740955805452908,1.7735481877689776,1.773607473094565,0.0007392307594102456,1.7763182747623194,1.7763919546844549,0.0008054097218847489,0.13538800179958344,0.2759088470446389,0.12344330795122602,0.7911433577537537,0.7911363302872603,0.00018707587123468052,-3.9567701971742473,-3.95676874977056,0.0004863092178856308,0.001500776712332602,0.0015007794588082842,5.980690906492959e-07
Track_10,21.779795687255213,in-sample (trained on),0.0026546667019526162,0.0026785876504326067,0.0010729157763362755,1.7769675149271886,1.7769510304579863,0.0007310122871621652,1.779622181629141,1.7796084574572382,0.0008009812616829049,0.13538800179958344,0.23511007004807016,0.14026460339491562,0.7911433577537537,0.7911428982877804,0.00018716069912134495,-3.951686105959834,-3.9516835224435978,0.00048632244608167835,0.0015885195864899161,0.0015885177950012068,5.981304758206785e-07
Track_10,22.10626568250225,in-sample (trained on),0.0027700869933418608,0.002838028996708153,0.0010895162695471108,1.8483405372370845,1.8482858993278661,0.000742317487923326,1.8511106242304263,1.8510492907138771,0.0008133671322117798,1.85561203956604,1.7556046651372723,0.13956986558435022,0.8708415985107422,0.8708368059842073,0.00018716073804225106,-0.5240838720482651,-0.5240840531430535,0.00048632242539791874,0.001577208364592441,0.0015772054405509164,5.981304036496747e-07
Track_10,23.89254036319777,in-sample (trained on),0.03497464519686404,0.03782354646744668,0.006481289997188162,1.6769329631223089,1.6752385341136704,0.004421920374802026,1.7119076083191729,1.7105780749033435,0.004840351468014337,1.7042959928512573,1.594725336626238,0.13943382135033947,0.8191387243568897,0.8191339986895868,0.00018716065926257735,0.37516302834573806,0.37516123743847596,0.00048632242190585533,0.0004329409414318485,0.0004329407992255843,5.981303912605109e-07
Track_10,24.493675767148968,in-sample (trained on),0.01721033504453756,0.018073540068153204,0.003920244267043029,1.7655783032966872,1.7650285364945408,0.0026724103948893253,1.7827886383412248,1.7820824353542397,0.0029272620805694837,1.7919000387191772,1.7497118770183189,0.14067139680078541,0.8024704158306122,0.8024652546098656,0.0001871607047484644,-1.7857355809402269,-1.78573415331813,0.00048632245628924773,0.0028259457290594685,0.002825942715107178,5.981305130707583e-07
Track_10,25.99950443006359,in-sample (trained on),0.36958036764684427,0.4150690491555547,0.06141633774259037,0.8985993795660863,0.8855875787364258,0.04467809952289657,1.2681797472129306,1.293252505014368,0.046343952692975046,1.2662760019302368,1.2678732515310656,0.14214041816934378,0.12297410946339368,0.12297491869766922,0.0001871609115449869,-0.3936701546799225,-0.393670439386081,0.0004863224686457788,0.00041009295079938527,0.0004100931311211886,5.981306123657491e-07
Track_10,26.410946203758026,in-sample (trained on),0.10862451874877352,0.12389973367319207,0.012516450356295533,1.3317489620461407,1.3275378602421521,0.00873931607495046,1.4403734807949142,1.4411968203098395,0.009450884312379088,1.4295380115509033,1.4169481044330183,0.13411248221693606,0.11859730727249576,0.11859674488305338,0.00018715965364650788,-0.08993519226929515,-0.08993566520817353,0.0004863223170633555,0.00042347300714463146,0.0004234754994850322,5.98129827421135e-07
Track_10,26.494111604288648,in-sample (trained on),0.10922057193423075,0.11087266619055736,0.013258629347613375,1.3919776238146282,1.3913777245286418,0.00906149190259194,1.501198195748859,1.5021033856526316,0.00990287295237394,1.441483974456787,1.3849532737495889,0.14182480933753613,0.11735014681305204,0.11735110161860891,0.0001871608810647882,0.21011593231363607,0.21011443278804176,0.00048632246343454613,0.0007394959958732406,0.0007394963500003842,5.981305810624723e-07
Track_10,26.60542981700079,in-sample (trained on),0.09450507543951392,0.09237398955652698,0.01024598485484694,1.447909137642241,1.4478404405484886,0.007104206050936497,1.542414213081755,1.5411952086557639,0.007710885008225439,1.5330699682235718,1.482268890479561,0.13371915525019454,0.11499311342354744,0.11499371014652726,0.00018715945669612035,-0.24241115542068226,-0.2424106961077112,0.0004863222870584648,0.0008458035367678092,0.0008458017783181624,5.981297083528859e-07
Track_10,26.70810704417185,in-sample (trained on),0.08476881504058838,0.09490099458635592,0.010215462598547135,1.4756973423957824,1.4715044546500586,0.007047655914580165,1.560466157436371,1.5575309977474092,0.007668644720405489,1.5529799461364746,1.4922812342392704,0.13533388100032065,0.11326959703502984,0.11326916954410354,0.0001871599422722371,0.1519962142110342,0.1519952259765165,0.0004863223432806981,0.0009324455160874777,0.0009324448522678488,5.981299829796037e-07
Track_10,27.092042136726814,in-sample (trained on),0.18392061364650727,0.22713508343525335,0.04575063861502286,1.4459597669839859,1.4193134112980488,0.035666190904020637,1.6298803806304931,1.616837832290221,0.03553267218029701,1.485285997390747,1.4335191300793373,0.13400017105539305,0.10202274285256863,0.10202393621925207,0.00018715952422199085,-2.3137292140650265,-2.3137236908092147,0.0004863222606262229,0.0016913027961287749,0.0016913059408273593,5.981296288308763e-07
Track_10,27.208754065464483,in-sample (trained on),0.27846922135353086,0.2870906886003777,0.05187872070149003,1.3215939438343047,1.3134726759182267,0.041942489936530165,1.6000631651878356,1.5896019931007481,0.040294155686259804,1.485285997390747,1.4796934479313801,0.1343290951554429,0.10202274285256863,0.10202193643944614,0.00018715948670762136,0.030409049487465634,0.030404364391529604,0.0004863222527556465,0.0022692169957255967,0.0022692101223253133,5.981295892680943e-07
Track_10,27.281989458286827,in-sample (trained on),0.3343765023946762,0.4093325227546449,0.06353913418094148,1.2581367923021316,1.184945695930859,0.04945145656783193,1.592513294696808,1.5302355079329186,0.04880199860556072,1.485285997390747,1.4546261950129353,0.13914525487148802,0.10202274285256863,0.10202201819052409,0.00018716063909872695,-0.5493968380755433,-0.5493967383452174,0.0004863224142770398,0.001666401793835502,0.0016663991281039886,5.981303523254971e-07
Track_10,27.36205482380749,in-sample (trained on),0.40425263810157774,0.43210775842304955,0.05465397984528143,1.1773977596759797,1.1379744849122635,0.04742513862621444,1.5816503977775573,1.5382928951285255,0.04368436111359648,1.485285997390747,1.476041995940931,0.13617350974157552,0.10202274285256863,0.1020253161853072,0.0001871602147195114,-0.381107113025681,-0.38110752373122425,0.0004863223678594555,0.001186114592325939,0.0011861153748054776,5.981300670277433e-07
Track_10,27.460577474394803,in-sample (trained on),0.48628183579444884,0.4941153016284598,0.03955681829336131,1.0450520098209382,1.0165018058322783,0.0382392833987977,1.5313338456153869,1.4900409825468277,0.03381719701858292,1.4454660415649414,1.386157917234711,0.12619383112825905,0.10416325305898984,0.10416243293037028,0.0001871528099679483,0.22499337022142424,0.22499226372026193,0.0004863214851186492,0.0006819091757685368,0.0006819153260655251,5.981257883049817e-07
Track_10,27.51315199680306,in-sample (trained on),0.5226613881587983,0.5131208370809748,0.03533526824356706,0.9841274101734161,0.9842775507302871,0.035246097289843605,1.5067887983322144,1.4783049936956283,0.03069846489283248,1.4454660415649414,1.3357534419440715,0.12439589449069466,0.10233401209115982,0.10234107492350379,0.0001871512758035293,-0.0014332401073419011,-0.0014361528657208522,0.00048632134387782255,0.000675404135282113,0.0006754009118706421,5.981249609001177e-07
Track_10,28.149446919187724,in-sample (trained on),0.8755799256472948,0.8358976618685436,0.01671934888602043,0.43541821778058054,0.45357770316082346,0.01175415628680171,1.3109981434278755,1.3241814633931157,0.012653349101131835,1.3100780248641968,1.1395778330647193,0.13571836901431092,0.10767990903634773,0.10768565881286343,0.00018716004168505785,-0.44405969272309886,-0.44406289659601206,0.0004863223709754509,0.0004509044291200335,0.00045090698917686487,5.981300627328308e-07
Track_10,29.147710151151173,in-sample (trained on),0.5586698356852589,0.6969737788457399,0.05031544164217235,0.7261676747960398,0.6826716158144623,0.042655006595035204,1.2848375104812986,1.3222345167093454,0.041055829764322864,1.2782219648361206,1.2815794670307818,0.13830693478174846,0.09495081200643822,0.0949507852261235,0.0001871603936153975,-1.0151246604319182,-1.0151242897407804,0.00048632242636495167,0.00028649497299244197,0.0002864957930692964,5.981303418194853e-07
Track_10,29.33247184462324,in-sample (trained on),0.5755972992851439,0.5792635286692147,0.0516511816223698,0.7293723125856711,0.7352091943819371,0.04436515574894422,1.3049696118708152,1.3269241258996876,0.04244174358316604,1.2941499948501587,1.3217845641640316,0.13867360582117902,0.09303379422900351,0.0930354164537292,0.00018716041495159266,-1.069978955046984,-1.0699782957343964,0.00048632243364456066,0.0003043233936451759,0.0003043255687116938,5.981303707936117e-07
Track_10,29.760925711971232,in-sample (trained on),0.73289423539819,0.6182356926825556,0.04469389778455581,0.5814989178304178,0.6720886514701897,0.03923160373475084,1.3143931532286077,1.3654527028468662,0.036747839436210995,1.2941499948501587,1.2899912165916558,0.1361053238151359,0.08879383776869093,0.08879832838796095,0.00018716008271627742,-1.1208804448976482,-1.1208789353741235,0.0004863223825529853,0.00022285601119603638,0.00022285677235706633,5.981301160062627e-07
Track_10,29.94662781560885,in-sample (trained on),0.8624664322724418,0.8291805236237051,0.02773318967206135,0.4621806281899649,0.47350851989543297,0.019819550002474012,1.3246470604624068,1.3267572702577681,0.021141041444740275,1.2941499948501587,1.2888708429074276,0.13878896885034317,0.08780402523310234,0.08780469016196246,0.00018716043933581278,-0.4214389145362831,-0.42143930860699835,0.00048632243267752773,0.0004857567656062195,0.00048575616028459696,5.981303744277666e-07
Track_10,30.28151459695507,in-sample (trained on),0.7983513341481943,0.7985586511748102,0.02301471935205715,0.46454551519150755,0.4645396407558584,0.015813499560817314,1.2628968493397017,1.263411531784226,0.017208377348498866,0.4698759913444519,0.550406375489632,0.14226137798254135,0.08502569848191953,0.0850257653027939,0.0001871609106071347,-0.4514027684833525,-0.4514029526832343,0.0004863224693441914,0.0004815546552977436,0.000481554652984444,5.981306180812812e-07
Track_10,30.71037589304334,in-sample (trained on),0.815976838904073,0.7959180108392805,0.02351485533428905,0.45535994549671494,0.46332173031410984,0.016966843467309315,1.271336784400788,1.2758047525342444,0.0180279972885127,1.2702579498291016,1.2747424581659839,0.1367826039277504,0.08240523050475565,0.08240632255495657,0.00018716011530678256,-0.3623779511427185,-0.3623786505341425,0.0004863223912831444,0.0005115819734675604,0.0005115818252536547,5.981301770931253e-07
Track_10,30.96304237723625,in-sample (trained on),0.8375526144210086,0.8308325314004712,0.02558873001531184,0.44144674316345456,0.44339613788102683,0.01776028566159501,1.2789993575844631,1.2779304021313194,0.019167084800305545,1.2702579498291016,1.2702345599441855,0.1403517289586382,0.08074589373498428,0.08074594037973958,0.00018716082385578642,-0.5139112378612376,-0.5139113583042906,0.00048632244070927335,0.00041734648260125656,0.00041734647465019943,5.981304731446195e-07
Track_10,31.43231236404965,in-sample (trained on),0.9209049212267675,0.9161062585014446,0.017298939789811212,0.4193950303759708,0.4200485153317187,0.01198317060737476,1.3402999516027383,1.3385231601633452,0.012990798726247746,1.3379520177841187,1.3214681163323105,0.13839614252728433,0.07571600529248129,0.07571555879378566,0.0001871605650082813,-0.860264884665705,-0.8602646344232183,0.00048632241220866377,0.0005459837986714768,0.0005459837653299854,5.981303308839823e-07
Track_10,31.939963823172448,in-sample (trained on),0.8562251901721575,0.859882640471916,0.02510800413964794,0.4292786394457418,0.4281484616077822,0.017698807900698808,1.2855038296178993,1.2847385567641565,0.018977906720013246,1.2782219648361206,1.278160099989274,0.1390207586008665,0.07109249843170448,0.07109195438636662,0.00018716058517213966,-1.0227918671810758,-1.0227914348671279,0.00048632242609633137,0.0007684902150146009,0.0007684897555928912,5.981303748737764e-07
Track_10,32.29133492097701,in-sample (trained on),0.790704633253979,0.7869169908748787,0.020822811602488243,0.445143181370549,0.44718101400828114,0.014497246798973162,1.235847814624528,1.2393441533535552,0.0156563586434987,1.230437994003296,1.247754476810283,0.13888030004519725,0.0688193752156461,0.06882025654988716,0.000187160591033726,-0.6428897868243,-0.6428899078274286,0.0004863224213686148,0.0006196573996673933,0.0006196572222726973,5.981303585696361e-07
Track_10,32.47550190581132,in-sample (trained on),0.772904615596946,0.7763432905675721,0.017849994244544677,0.45348793042608465,0.4531330589714835,0.012597216887533534,1.2263925460230307,1.2275389506157537,0.013523645010642647,1.2224739789962769,1.2037602608550284,0.13543225102913606,0.06650311790280423,0.06650228598139242,0.00018716006325575728,-0.6377513902228816,-0.6377515340832148,0.00048632234631610754,0.0006136949987241608,0.0006136936578301864,5.981300092446486e-07
Track_10,32.64782113827141,in-sample (trained on),0.7714133450234554,0.7686720714709092,0.018886717693157196,0.4603414134200351,0.46187119054213044,0.013363122825573755,1.2317547584434905,1.234534299759397,0.014336388394339582,1.230437994003296,1.2417714620584313,0.13605517972268716,0.06468928291329316,0.06469016803494873,0.00018716008037163656,-0.5529850698865809,-0.552985242600295,0.0004863223709217268,0.000427041572980966,0.00042704257670941285,5.981301002472387e-07
Track_10,32.67038407991677,in-sample (trained on),0.7696637122167481,0.7703561154688272,0.019556970881536954,0.46286009855213617,0.4631110320066927,0.013469013705132886,1.2325238107688843,1.2337585618624083,0.014629215997094661,1.230437994003296,1.232989711121625,0.1403022939796279,0.06458698987221041,0.0645866767635896,0.0001871608154151126,-0.5576641002707434,-0.5576641732972488,0.0004863224399571366,0.0003821161032945593,0.000382116152583631,5.981304699234373e-07
Track_10,32.97224883730841,in-sample (trained on),0.778837949749958,0.7684749421530104,0.019229391490482896,0.45681948526447036,0.4611992533965289,0.013669870191531125,1.2356574350144283,1.238735867830209,0.014644555302982788,1.2344199419021606,1.243194158115224,0.1364532110482728,0.06170297507196665,0.06170280702876109,0.00018715996900116108,-0.5250155022878221,-0.5250156077427599,0.00048632238241867515,0.00046659447688378645,0.00046659480252068947,5.981301086223174e-07
Track_10,33.47798036561081,in-sample (trained on),0.7855486520733016,0.7767681560162449,0.017496663947255436,0.4521711739410917,0.4576156483191926,0.013356361520165822,1.2377198260143933,1.2433131422753438,0.013589089150119664,1.2344199419021606,1.2068930070606534,0.12799035049171345,0.05540406434900231,0.05540368361382056,0.00018715083475530977,-0.5806234710197925,-0.5806237601227904,0.0004863212874674391,0.0005037947000780968,0.0005037958838650106,5.981248450355934e-07
Track_10,33.540731963364756,in-sample (trained on),0.7877062301474264,0.7798004044081488,0.016391218024454847,0.4523932773515998,0.452244365918297,0.012913484505415716,1.2400995074990262,1.2365010173515718,0.012950329077483568,1.238402009010315,1.2264358835005096,0.12579416715706943,0.05449244245794249,0.05449295303529006,0.00018714847075665316,-0.6095053444059237,-0.6095048834701488,0.0004863211892059079,0.0005410413606522192,0.000541040097226668,5.981240044637327e-07
Track_10,33.65191645238787,in-sample (trained on),0.7880869796314087,0.7996388451954151,0.018807481888269185,0.4527422972171905,0.45047781614455173,0.013718365410705965,1.2408292768485993,1.2422935498383396,0.01453302534633402,1.238402009010315,1.2562490397801802,0.13350376607533956,0.053528071714588156,0.05352798460662657,0.0001871591528294016,-0.6366471752035461,-0.6366473030722857,0.0004863223343087798,0.0005932483700297657,0.0005932475674666325,5.981297815316266e-07
Track_10,33.72646854344859,in-sample (trained on),0.793417463858289,0.780673424125153,0.019046200736072147,0.45161591476178264,0.4612740125908926,0.013249619876424078,1.2450333786200718,1.2555938015438481,0.014302625674942494,1.2423839569091797,1.2851091428540518,0.1368437161793737,0.052633992332505854,0.052634254056697735,0.00018716031131862186,-0.6407441347667308,-0.6407438488140772,0.0004863223710023129,0.0006414712823344086,0.000641471339632062,5.981301107697736e-07
Track_10,34.061092285495846,in-sample (trained on),0.8065850297768278,0.8063175683757391,0.012240327655298542,0.4586915010475068,0.45794947077524506,0.009140108811880791,1.2652765308243346,1.2653654583388092,0.009417433963709006,1.262294054031372,1.2520876674952508,0.1192020472487926,0.04862853800746757,0.04863292249160925,0.00018693065239434645,-0.8665795477015941,-0.8665829050799323,0.0004862915813608889,0.000494706083826152,0.0004947168313440625,5.979841294069655e-07
Track_10,34.0681702269285,in-sample (trained on),0.8067816368171147,0.8072962855744458,0.012556670644571763,0.45827763799637083,0.458668234320204,0.009563576196837835,1.2650592748134855,1.266810897226242,0.009739269651652843,1.262294054031372,1.2544188515452561,0.11955672241179523,0.048563758816777006,0.04856018224416721,0.0001869651368436004,-0.8733644000521462,-0.8733622037228489,0.00048629521603681786,0.000497428256180757,0.0004974241007036862,5.980038188584602e-07
Track_10,34.142285185624985,in-sample (trained on),0.8122169418163984,0.8026373460733188,0.013482047350536675,0.4576285771164761,0.45954965166405554,0.011106291988619767,1.2698455189328746,1.2658981325924485,0.010851975524251468,1.2662760019302368,1.2362303650783941,0.12056101403504346,0.0478537815737806,0.04785318698640592,0.00018714187123914007,-0.9321265766749905,-0.9321251083005058,0.0004863205238313756,0.0005696280536798576,0.0005696215884979676,5.981204423983077e-07
Track_10,34.30673186980859,in-sample (trained on),0.808124770247747,0.8137312335036103,0.019185316406355776,0.46203841576500543,0.46257841638676256,0.01354257110676888,1.2701631860127525,1.2742517601522965,0.01452793074598722,1.2662760019302368,1.356760680859237,0.13401306832486928,0.046649747861572256,0.04664456303986937,0.0001871594742809848,-0.8178911034223035,-0.8178887146837976,0.0004863223204748336,0.0003838778799683687,0.00038387732651386697,5.981297902701258e-07
Track_10,34.48720634882737,in-sample (trained on),0.756992470695678,0.7452107078721599,0.02207585765024638,0.4782683459886042,0.47748132035985447,0.016365989285908832,1.2352608166842822,1.22799436001526,0.01716735238177637,1.2344199419021606,1.2034825604374604,0.13399073243746212,0.04647729085492236,0.04647742900690002,0.00018715911039118635,-0.70597142484749,-0.7059716242383002,0.0004863223187019395,0.00045827742973175066,0.00045827848432690015,5.981297229225592e-07
Track_10,34.77432724402327,in-sample (trained on),0.7553108314356481,0.7176681601454925,0.02385548304826517,0.4826945530703343,0.5203805723478736,0.018109482692031918,1.2380053845059824,1.2854668855289193,0.018706180191969984,1.230437994003296,1.3358834654465856,0.13273861282456248,0.04480080431654253,0.04480611285713762,0.0001871594520068229,-0.7599105732826875,-0.7599107284574403,0.0004863223178960785,0.0005601468836373078,0.0005601498855510392,5.981297394414627e-07
Track_10,35.061183452255044,in-sample (trained on),0.7820743156144343,0.7500136568803775,0.02328895695758428,0.4755713730694288,0.4835426026124732,0.018683280932776575,1.2576456886838632,1.2548009719765134,0.018558003583888438,1.254330039024353,1.2011340844320653,0.12758072905052187,0.0437366229463492,0.04373701288978103,0.00018715479430409857,-0.6251935030433898,-0.6251933355287758,0.0004863218472999121,0.0005299697371822096,0.000529968042703968,5.981274175068771e-07
Track_10,35.11180070806303,in-sample (trained on),0.7925290500975225,0.7732936099917374,0.024774949250810436,0.47395318960288607,0.4791784019756292,0.01956122637112509,1.2664822397004085,1.268652032950984,0.019539213091102327,1.2662760019302368,1.27765552872334,0.12902422259510168,0.04304213849206766,0.043041862966982924,0.00018715575328685135,-0.6265918111653997,-0.6265919943101588,0.0004863218937175461,0.0005001701819069397,0.000500170970080919,5.981277517020128e-07
Track_10,35.68254024775583,in-sample (trained on),0.9005824427205728,0.8864796439181364,0.014394276184354182,0.4545508551882558,0.4621621748318415,0.010746076698798426,1.3551332979088286,1.3567080897812045,0.011120209376347947,1.3538800477981567,1.2896302242057123,0.1268839465025922,0.03994211325195828,0.03994582417869581,0.00018714890454162318,-0.6122813344374641,-0.6122817919618998,0.00048632105156451693,0.000493356437605616,0.0004933569427756188,5.981235154662701e-07
Track_10,35.72126749396188,in-sample (trained on),0.893300617358599,0.8945358081667473,0.01326376689932906,0.4551061144862992,0.45160459801671404,0.010807091632477846,1.3484067318448982,1.3485398030595457,0.010565465413366105,1.3459160327911377,1.3274864148597452,0.12152385446739113,0.039694099000189456,0.03969230683647318,0.0001871387314331727,-0.5837875543024513,-0.5837878031225238,0.00048631991569920936,0.0004954592421126914,0.0004954575906921182,5.981171608581685e-07
Track_10,35.75891081554748,in-sample (trained on),0.8857966896547265,0.8874882286543322,0.01360743415543409,0.45605798712764606,0.45530073798334714,0.010149882487145798,1.3418546767823725,1.3403767907348088,0.010464467985192193,1.3299880027770996,1.3237259925470524,0.12086496860935801,0.039373336252191166,0.03937042665403992,0.00018706526181864723,-0.5836026460665892,-0.5836016285045569,0.0004863134029506326,0.0005413093137886515,0.000541317449660153,5.980795858824147e-07
Track_10,35.776827843431015,in-sample (trained on),0.8811325145907611,0.8828489793926084,0.015779315729613275,0.4567877560022818,0.45705180173628374,0.01159984345225858,1.3379202705930429,1.3374081908304651,0.012044076021121482,1.3299880027770996,1.3156165001676117,0.12476872693336757,0.03922643682219573,0.03922820286116882,0.00018709615571650676,-0.570008084472844,-0.5700091157432182,0.0004863158376563026,0.0005773125044619754,0.000577305351967302,5.980949488595398e-07
Track_10,35.95055795520234,in-sample (trained on),0.8446599344808267,0.8397479514845134,0.02404186163038893,0.4662271581323023,0.4697304758356813,0.01654140580824688,1.310887092613129,1.314291057549387,0.01797212509586653,1.3060959577560425,1.3040322636735393,0.14180058890950287,0.03781856636077851,0.037818638465286644,0.00018716088856760677,-0.4897159833911956,-0.4897162562325127,0.00048632246284358163,0.0004447847428392755,0.00044478523439049194,5.981305829125869e-07
Track_10,35.99629473175363,in-sample (trained on),0.835363311359132,0.8304691763263965,0.022664740406891152,0.4684006006594198,0.4701247578547143,0.01606493939916064,1.3037639120185518,1.3042078667859482,0.017201910115161756,1.3021140098571777,1.2574648885243536,0.1377607080375035,0.03756812368575708,0.03756810727891445,0.00018716029256151694,-0.47261293694590506,-0.472613162014497,0.0004863223914443166,0.0004068487426609118,0.0004068483605450142,5.981302282025724e-07
Track_10,36.064925519960475,in-sample (trained on),0.8244485066706441,0.8175355583188875,0.022502071947055773,0.4709389271489178,0.4738923084063351,0.01617380526254831,1.295387433819562,1.2978447999298395,0.01721357108318464,1.2941499948501587,1.2761746527857432,0.13644426252674102,0.03720879932692231,0.03720852623933964,0.00018716005106362313,-0.47990472564406306,-0.4799049291842743,0.000486322377637234,0.0003543078985023967,0.00035430747578266136,5.981301217548374e-07
Track_10,36.280408823983315,in-sample (trained on),0.7995411745343075,0.7977795751929296,0.020944534275491755,0.4791884893677624,0.4797719307357606,0.01538147978447849,1.27872966390207,1.280601967531203,0.016088118630064235,0.48182201385498047,0.5363756821883879,0.1320834274124719,0.03619092014682202,0.03619206531797356,0.0001871590311418967,-0.49718359035476956,-0.49718377511812617,0.00048632217732704473,0.00026541654785880084,0.0002654171093787784,5.981292364736851e-07
Track_10,36.36484957740761,in-sample (trained on),0.7900541776798636,0.78726243046167,0.014227677558274407,0.47653911093554174,0.4762842570797915,0.010273194147653335,1.2665932886154054,1.2644232971290161,0.010880179327871786,0.47784000635147095,0.48243404069032825,0.12041166037867437,0.0355183379403476,0.0354020978506613,0.0001810266094431779,-0.5227025855300445,-0.5227036482098814,0.00048536383196321956,0.0002685508290813428,0.00026853079376195016,5.935488707457894e-07
Track_10,36.3652872558102,in-sample (trained on),0.7900541776798636,0.7864717386623598,0.014386290648609181,0.47653911093554174,0.4776649326915726,0.010392638078783097,1.2665932886154054,1.26502824565754,0.010996558874195659,0.47784000635147095,0.48231889246726756,0.12062426043569689,0.0355183379403476,0.0356329891844704,0.00018119935600159373,-0.5227025855300445,-0.5227015474809721,0.00048537929790149116,0.0002685508290813428,0.00026857062811560406,5.93646198449515e-07
Track_10,36.59041218647309,in-sample (trained on),0.7435710728762159,0.7500124348687445,0.017586130345996143,0.4797754772749555,0.4792870687740408,0.012461995341833992,1.2233465501511713,1.2275873123682475,0.013352320157965876,0.48182201385498047,0.5707150346696326,0.13451837232435657,0.03461753614605046,0.03461736352909814,0.000187159451772358,-0.5916141403284244,-0.5916141783821353,0.00048632229952244826,0.0002741246845402922,0.0002741247268246715,5.981297330982037e-07
Track_10,37.7191244331984,in-sample (trained on),0.8608417641594115,0.8643932631360725,0.018486987231494074,0.4629590618182938,0.46098083282682856,0.013868851396773648,1.3238008259777054,1.3221098783455891,0.014420630698045986,1.3220239877700806,1.3036041833030172,0.12990367254423774,0.02327776869924942,0.023277735651585807,0.0001871582609214612,-0.9584258811582331,-0.9584251209738006,0.00048632216948332903,0.00047175776214174056,0.00047175830894002283,5.981290622981973e-07
Track_10,37.761480432269124,in-sample (trained on),0.8627772385855595,0.8570631380425481,0.01878737975905876,0.4638157467918092,0.463355886236255,0.01391964570379375,1.3265929853773688,1.3200428855703468,0.014575864377016934,1.3220239877700806,1.303445288972842,0.13113578208045032,0.023018740695612185,0.023018364105710308,0.00018715868389831194,-0.9215399982040321,-0.9215395328871434,0.00048632222538323147,0.0005244217297670927,0.0005244215523155493,5.981293415670267e-07
Track_10,38.184836924920916,in-sample (trained on),0.8163734531972513,0.8169141173216641,0.018786633600945908,0.47258883880903996,0.4731679735367568,0.014549253312251572,1.2889622920062913,1.2877413124133286,0.01464418306319288,1.282204031944275,1.281587366313231,0.1260351483952687,0.02135386264666259,0.02135514599719731,0.00018715082232809873,-0.5474732539492931,-0.5474732192933653,0.00048632094129557593,0.0004667615476312266,0.00046676155856976954,5.981232021488898e-07
Track_10,38.21140683253634,in-sample (trained on),0.8131212215737043,0.8186947469898281,0.01838233827470747,0.47327101408722866,0.4699720640130189,0.014297540919492842,1.286392235660933,1.2834714542855712,0.014262076260869214,1.282204031944275,1.2793675853807793,0.1246316326100113,0.021098381170304492,0.021096936707046685,0.00018715030155687186,-0.5445461550644701,-0.5445462671132163,0.00048632078205697337,0.0004578840413427665,0.00045788428195296996,5.981223719652385e-07
Track_10,38.502931100633774,in-sample (trained on),0.7527883696366117,0.756979312319953,0.021004325584478775,0.47114516610643303,0.471122946438699,0.014654588157056692,1.2239335357430448,1.2281169552441202,0.015790882075808324,1.2224739789962769,1.2293852921432693,0.13807373895361783,0.02117709368467331,0.021177053475966587,0.00018716051858450614,-0.47935087534044274,-0.47935113853966516,0.0004863223907996279,0.00042167456383622725,0.00042167468492578127,5.981302331086826e-07
Track_10,38.71132126174113,in-sample (trained on),0.738272315833673,0.7392888394462133,0.019373865824020203,0.46641753263682484,0.4666836665230415,0.01333359516890566,1.204689848470498,1.2067110558770888,0.014503190562296597,1.202564001083374,1.1884225049525614,0.14110986274041767,0.021212931579122178,0.021212879762964234,0.00018716079196879427,-0.4204287072368332,-0.4204289117233078,0.0004863224541671478,0.0005036208244693139,0.000503620851451566,5.981305225030397e-07
Track_10,38.885884210663,in-sample (trained on),0.7509956768309453,0.7569230643846243,0.0176013168316127,0.4587549593344153,0.45918892058188976,0.013104586096678382,1.2097506361653605,1.2163119808466134,0.013565719636605435,1.2065459489822388,1.2164683102565799,0.12879574750662456,0.02040932672098279,0.020409189556017494,0.0001871575340743076,-0.45952876947138305,-0.45952947558104423,0.00048632188775416977,0.0006458132697945022,0.0006458140097580943,5.981280091003632e-07
Track_10,38.95968195744274,in-sample (trained on),0.7628306238299822,0.7630612233502314,0.018240141461136946,0.4573430153003252,0.4583272670070983,0.013770123298444528,1.2201736391303073,1.2213382012560865,0.014173895396307703,1.218492031097412,1.2130038933008878,0.12932518628597908,0.019817695497198307,0.019817704804635444,0.0001871573551756882,-0.5267131192070919,-0.5267128345251335,0.0004863219128701913,0.0007207250379667119,0.000720723110896062,5.981281032088199e-07
Track_10,39.48097573893466,in-sample (trained on),0.8082508092145045,0.7684857313587042,0.017539485302349965,0.4673535418937881,0.4833876670806303,0.012430122805680859,1.2756043511082926,1.2859519652175968,0.013342949644397728,1.2742400169372559,1.292173500676867,0.1357806323553713,0.015530317604048726,0.015530764035916474,0.000187159859975263,-0.5971237829820276,-0.5971234173654927,0.00048632237492416915,0.000798976502589718,0.0007989751498038481,5.981300552332528e-07
Track_10,40.06750916740668,in-sample (trained on),0.8158975191325305,0.8069966722280204,0.019055199345477565,0.48520115148498716,0.4912640399664393,0.013285866319713607,1.3010986706175178,1.307919216682555,0.014355015009628182,1.2981319427490234,1.3263072592625926,0.13800555943202245,0.01137407096292347,0.011374061192642114,0.00018716040979339186,-0.5161116448810107,-0.5161117917525873,0.0004863224061915697,0.0003302409269122954,0.0003302422387970339,5.981302763716529e-07
Track_10,40.23663336246547,in-sample (trained on),0.7866750347661782,0.7972558815379649,0.020628657917304942,0.48348777987567554,0.4792132760621312,0.01478265988489011,1.2701628146418538,1.2696637031135094,0.015688770579961375,1.2662760019302368,1.2700520167094826,0.13462766599085538,0.010751724791751332,0.010750795222698381,0.0001871598878765204,-0.5242406141222345,-0.5242413690994497,0.0004863223333417467,0.0003709958220401248,0.0003709975700028447,5.981298628376572e-07
Track_10,40.83339168423234,in-sample (trained on),0.730396766038168,0.7354257336151981,0.018260110966701916,0.49119234416219926,0.49288503310289306,0.013295183846967332,1.2215891102003673,1.227651296769145,0.01406601547035687,0.49376800656318665,0.7614853718330792,0.13289564856418454,0.007716322756243391,0.007716001826646616,0.00018715873618418662,-0.55770627193478,-0.5577064051294068,0.0004863222689803158,0.0002707753693249866,0.00027077666611768594,5.98129504972104e-07
Track_10,41.0003678460944,in-sample (trained on),0.7312919159097026,0.746432050981858,0.01674586659980211,0.48881826588357113,0.48612300026561284,0.012692228151841128,1.2201101817932736,1.2230736633892683,0.013164320453638342,1.218492031097412,1.1158178228208668,0.12770365155623933,0.006559351899140463,0.006559007539551626,0.00018715736338205063,-0.5730942314920275,-0.5730944577426484,0.00048632212671895913,0.00031300693230502024,0.0003130063529318685,5.981287485046736e-07
Track_10,41.10054402250796,in-sample (trained on),0.7478069056315251,0.7470915440852186,0.01990669893911083,0.48696211431605885,0.4892915878109408,0.014193057811337197,1.234769019947584,1.2391341747024514,0.015175096284703437,1.2344199419021606,1.2548725427900482,0.13635833837934405,0.005023592767926554,0.005023892875801338,0.00018715989936527223,-0.6573712137367047,-0.6573712004017196,0.0004863223736885158,0.0002811787079814503,0.000281179423563961,5.981300648968059e-07
Track_10,41.282511646119474,in-sample (trained on),0.7919579229031901,0.7930746320904111,0.021032024846832635,0.4835036444474026,0.4823485525107285,0.015350899651488385,1.2754615673505927,1.2741470111886513,0.016218466144573347,1.2742400169372559,1.2311077364004934,0.13391214805123583,0.0025083799058241616,0.0025082756144973665,0.0001871596030021423,-0.8487509675088789,-0.8487503901040805,0.00048632232901695964,0.0002499924213244889,0.00024999264317291026,5.981298717083064e-07
Track_10,41.50431974326387,in-sample (trained on),0.8517196510892465,0.8584087120895679,0.017871105973053115,0.4694952537339047,0.46243470260193453,0.013391750987334482,1.3212149048231512,1.3146372920886713,0.013762849384392354,1.3180420398712158,1.3054150874223696,0.12055305696583966,0.0005941473896104235,0.000598167650260759,0.00018705528755559307,-1.1251593444936,-1.1251593609223458,0.0004862956940193556,0.0006308021308749083,0.000630803573672379,5.980151224233484e-07
Track_10,41.505037091331374,in-sample (trained on),0.8517196510892465,0.8570227347182847,0.017784812540165902,0.4694952537339047,0.46363810404383465,0.013282636846410296,1.3212149048231512,1.3151940764085241,0.013652495949062263,1.3180420398712158,1.3035454628221315,0.12033416163129956,0.0005941473896104235,0.0005893559739618636,0.00018705721451262402,-1.1251593444936,-1.1251590029535294,0.0004862949970721432,0.0006308021308749083,0.0006307980377624185,5.980122111615626e-07
Track_10,41.58465420269543,in-sample (trained on),0.8728988146876909,0.852568103988288,0.02231546756489049,0.47131967639543143,0.47818656397145676,0.01697640967566979,1.3442184910831223,1.339137079413583,0.017327791689537655,1.3419339656829834,1.3001349534360114,0.1294544473339064,0.0002998015593418487,0.00029824939045726634,0.00018715883653551058,-1.1114537862310718,-1.1114533110199787,0.00048632211054800925,0.0005403729811214256,0.0005403746155950554,5.981289038156391e-07
Track_10,41.97296389825571,in-sample (trained on),0.9250931579515753,0.9235529850242913,0.017440439721165036,0.46917796360544,0.46848344662787555,0.01203569298252211,1.3942711215570154,1.3906952340943957,0.01308920783918686,1.3857359886169434,1.3828789153193726,0.14043137674925735,-0.0006568027733714365,-0.0006573412781321637,0.0001871606597315041,-0.94775590151285,-0.9477557863284332,0.0004863224530658048,0.0007693368659161942,0.000769336042320201,5.981304977247169e-07
Track_10,42.481701909744885,in-sample (trained on),0.866870287998739,0.8593851347635673,0.01846100264657831,0.4897384100938698,0.4944619556858117,0.012809706646459213,1.3566086980926089,1.3620037163411973,0.013898937383090993,1.3538800477981567,1.3726200772921784,0.14008689665312254,-0.002149295472240044,-0.0021473365358801386,0.0001871605621947195,-0.4936239813073143,-0.49362443044223975,0.0004863224530120807,0.0002685622200720389,0.00026856427285539865,5.981304732437327e-07
Track_10,42.71447678670686,in-sample (trained on),0.8163575860133684,0.8163520643587427,0.017534606018061033,0.4866924171903694,0.4870169411284419,0.01200813915702183,1.3030500032037378,1.3041812859683637,0.013099843317648881,1.3021140098571777,1.288484475125492,0.14197240650836065,-0.0034729490442169876,-0.0034728505382274335,0.00018716090451109533,-0.5755210036583512,-0.5755210946354299,0.0004863224631659259,0.0003364679326581653,0.00033646811348687835,5.981305915354421e-07
Track_10,42.7764654262881,in-sample (trained on),0.8104318018470492,0.810885804694639,0.016373146755088077,0.4876053837083635,0.4874699811528186,0.011314336202885052,1.2980371855554127,1.2976797757798753,0.012297498290906005,1.2941499948501587,1.2829742955811816,0.13982268419855454,-0.0036696174254447736,-0.003669843927292505,0.00018716059970887345,-0.5885084201396791,-0.5885084733020947,0.00048632244661891885,0.0003161732421958519,0.00031617332529143127,5.981304485480022e-07
Track_10,42.85168915790945,in-sample (trained on),0.8076479543015301,0.8076571298062334,0.016863942501993984,0.4876760183814987,0.48809104190079167,0.011578561978490897,1.2953239726830288,1.2967311654968583,0.012618931511360528,1.2941499948501587,1.2977255415888942,0.14129222559599458,-0.004157470374185073,-0.004157255425585394,0.00018716080908460692,-0.6023387355021972,-0.6023388537649738,0.0004863224568533502,0.0003246612787525818,0.0003246616866094961,5.981305459598513e-07
Track_10,43.24003282425487,in-sample (trained on),0.8374732978552936,0.8406764205289944,0.019310883536066255,0.47912503013097907,0.47903566191968117,0.013348926803140544,1.3165983279862727,1.3188892231143396,0.014500591861449889,1.3140599727630615,1.3216378238012476,0.14071291118588958,-0.005884393561545593,-0.005884547163564086,0.0001871606995902716,-0.9677828987947378,-0.9677827684532161,0.00048632245731000467,0.0005978840193603279,0.0005978840980151105,5.981305171509221e-07
Track_10,43.81440190922716,in-sample (trained on),0.8773567577994678,0.873422466646924,0.01625334658953157,0.4943708555394435,0.4947350177195575,0.011800448365962432,1.3717276133389111,1.3688528532356798,0.01243924224091793,1.3698079586029053,1.35884619501403,0.1305928959277092,-0.011985546309480687,-0.011984749085838572,0.0001871581758101501,-0.8727653027974122,-0.8727643407209051,0.00048632199283852055,0.0006875444544742966,0.0006875419423370614,5.981284979124437e-07
Track_10,43.95985017493989,in-sample (trained on),0.8497048597411806,0.8580654972324673,0.020275218903841798,0.4987811985243839,0.49742492214766193,0.015118479216213974,1.3484860582655644,1.352738854640726,0.015597548777098161,1.3419339656829834,1.3490467363130925,0.13174597224210005,-0.012210830819008532,-0.01221163401065458,0.00018715877369870654,-0.6576331116364087,-0.6576340564391377,0.00048632200643071764,0.0005230378513053362,0.0005230402182396582,5.981286724515123e-07
Track_10,44.53159959540968,in-sample (trained on),0.7770293933224393,0.7714176610244198,0.02379695438875193,0.5093787135593445,0.5129473707844285,0.017360268343849586,1.2864081068817839,1.2902340259641703,0.018290635135866953,1.2742400169372559,1.2790136224881687,0.13553150314904164,-0.013661407675086097,-0.013660221221235346,0.00018715983887346895,-0.5075771043852314,-0.5075774330057043,0.0004863223306018195,0.00036972263047309773,0.0003697231183374612,5.981299304164726e-07
Track_10,44.7914672979132,in-sample (trained on),0.7750678556779075,0.7784304423605034,0.024080536599661324,0.5027907102827042,0.5025681316797983,0.01754347816062819,1.2778585659606116,1.2805222751558796,0.018475711528663386,1.2742400169372559,1.2546779095191638,0.13558676604450565,-0.013924596694243304,-0.013925091535766147,0.00018715987943580432,-0.5948504480399079,-0.5948503620751777,0.0004863223273246517,0.00036086456725447215,0.0003608643544444807,5.981299202243125e-07
Track_10,45.270017862152066,in-sample (trained on),0.8236394168371224,0.823491589185726,0.0207333798357691,0.48997637736369887,0.49068305067237583,0.014163208956339234,1.3136157942008213,1.3140628961853604,0.015461195786830506,1.3100780248641968,1.2932955522653677,0.1429005780229504,-0.015899578103905215,-0.015899634781299753,0.00018716099571720215,-0.8106118233368763,-0.8106116993520578,0.0004863224721915659,0.0003828904243286436,0.0003828905518525582,5.981306551992011e-07
Track_10,45.53799188075493,in-sample (trained on),0.8328091219601879,0.8333834469872962,0.020127364861037205,0.4815840341180444,0.48053679806988975,0.014569500807012019,1.3143931560782323,1.3124155917423115,0.015371921159645086,1.3140599727630615,1.31038540560284,0.1336842323796438,-0.016904333372286615,-0.016904844090978907,0.00018715960206428357,-0.7238605549722694,-0.7238605113530957,0.0004863222333343944,0.0004421310539216375,0.00044213142282389895,5.98129534293168e-07
Track_10,45.63029114604032,in-sample (trained on),0.8471665331329482,0.8452870298339198,0.020467145833867904,0.479585101761191,0.4810311676546976,0.01461272087417089,1.3267516348941393,1.3284614448720338,0.015513178223856462,1.3260060548782349,1.3107499636081599,0.13493621468982378,-0.016956472361581567,-0.01695606393592468,0.00018715991882580944,-0.7260541989745862,-0.7260541927150437,0.0004863222462818959,0.0005069387094847318,0.0005069382584335621,5.981296736301485e-07
Track_10,46.0815751679887,in-sample (trained on),0.8295359240164832,0.8211797032902544,0.01673406842173241,0.4999464229931907,0.49982176615670504,0.012508209678237698,1.329482347009674,1.3268762836360395,0.012885100158515406,1.3260060548782349,1.3188480548021615,0.12039039606885273,-0.01763887989467808,-0.017632798986470754,0.00018707540139112304,-0.4328862962838177,-0.4328859366907973,0.0004863118952891118,0.0004552516494581874,0.0004552529621472024,5.980773393006841e-07
Track_10,46.09202027811729,in-sample (trained on),0.8285891508676141,0.820480196312641,0.01803910605297323,0.4997647991218415,0.5021555021038364,0.013592602128712957,1.3283539499894557,1.3266403541706946,0.013897168863557227,1.3260060548782349,1.3209929785787895,0.122039619300489,-0.01761060537972364,-0.017616369276817586,0.00018709545278622529,-0.42667319004788923,-0.42667342762348526,0.00048631386178919604,0.0004555605944776288,0.00045555934251164694,5.980883643688866e-07
Track_10,46.177905138459764,in-sample (trained on),0.8206568822205305,0.8123090393665037,0.022116213445691354,0.5010656915100448,0.5075475117084858,0.017426499770490045,1.3217225737305751,1.324343393522527,0.017358070896957015,1.3180420398712158,1.3070603052971426,0.12643937235177927,-0.017685254590565358,-0.017687640402104177,0.0001871543935932238,-0.37909589245393444,-0.37909584990749995,0.0004863217128015691,0.0004942202910469315,0.0004942197725577689,5.981268195199591e-07
Track_10,46.479407975497764,in-sample (trained on),0.7932429525006814,0.7965470747084304,0.022992065419977864,0.520245922514167,0.5198557188344635,0.01785412091752123,1.3134888750148483,1.3146783124406327,0.01816303035986112,1.3100780248641968,1.267992264293206,0.12978236412839558,-0.018437533727543948,-0.018438065186718988,0.00018715853313671702,-0.4091574468551201,-0.4091579450004148,0.0004863221993270548,0.0003866162666991886,0.0003866162691579174,5.981292089696874e-07
Track_10,46.629812434023364,in-sample (trained on),0.7726031806601946,0.7914705336089761,0.023818320634580288,0.5249100984092727,0.516203088543638,0.017331832821296536,1.2975132790694675,1.2931382454906553,0.018305953811493934,1.2861859798431396,1.2982798362353023,0.13563474314026147,-0.019490741639668067,-0.019488465261759895,0.00018715991108848767,-0.5154994282199763,-0.5154995828612903,0.0004863223630511522,0.00031951583334708316,0.0003195160045401501,5.981300307357317e-07
Track_10,47.44945519012038,in-sample (trained on),0.7885787732810138,0.7839223403704133,0.02131812179162355,0.5009070488798666,0.5033593493414645,0.014772997713753433,1.2894858221608805,1.292402401006654,0.015999425319173578,1.2861859798431396,1.2831535540024297,0.14001430196234463,-0.023581728972748024,-0.023580362033131748,0.00018716069325976203,-0.9460871219113828,-0.9460869384963562,0.0004863224396885164,0.00041193914470990026,0.00041193966877415276,5.981304448642911e-07
Track_10,47.56097230620223,in-sample (trained on),0.7949721841698149,0.8029135719466136,0.023087593454168547,0.49862255470686223,0.498374214351577,0.016417737897992172,1.293594738876677,1.2973756573330328,0.017593690151772458,1.290168046951294,1.2954561888776854,0.13849657897555856,-0.024720737270803914,-0.02472067835091665,0.00018716031788360813,-0.9851590096567422,-0.9851588879330928,0.00048632243168363277,0.00040391512709908877,0.00040391593222362053,5.981303454701592e-07
Track_10,48.253608173516014,in-sample (trained on),0.8242581325223246,0.8348762122829496,0.023624815790415143,0.5035564255904391,0.4985917712436443,0.017073857325177286,1.3278145581127638,1.3263452922241312,0.018140843164401427,1.3180420398712158,1.3164201277371312,0.13695194454305343,-0.027624321797120027,-0.0276251063560617,0.00018715998822722686,-0.9337908610875356,-0.9337907225776652,0.0004863224022428517,0.0006148439402891702,0.0006148438669494832,5.981301758542084e-07
Track_10,48.425632473737444,in-sample (trained on),0.8386314070794687,0.8337254992956062,0.022512508508722127,0.5051587450789266,0.5094679853261719,0.017250846396714873,1.3437901521583953,1.347208963311962,0.017778788948387563,1.3419339656829834,1.357162582698634,0.1318197551031951,-0.027543170903266575,-0.027542108486097002,0.0001871587354807893,-0.7048522358823653,-0.7048521429743988,0.00048632225783257124,0.0005962168743668839,0.0005962147403325008,5.981294383182995e-07
Track_10,48.63044564017393,in-sample (trained on),0.841876964956995,0.8485924681990703,0.01778091682793243,0.5119714341939442,0.5071439479694313,0.013937736733298322,1.3538483991509391,1.3515586565947726,0.013959998885201868,1.3459160327911377,1.3440735228914888,0.12381594870626844,-0.027631794196173284,-0.0276359456502232,0.00018714243400686054,-0.586335009226277,-0.5863357063347447,0.00048632037063661785,0.0003594939402771043,0.0003594974228126027,5.981194865989455e-07
Track_10,48.67422885405904,in-sample (trained on),0.8469650756035533,0.8463799326338016,0.01362519089690532,0.5102964657403174,0.5120082306336659,0.010571298916203245,1.3572615413438707,1.3589214270123544,0.010585084825692462,1.3459160327911377,1.3555505740464857,0.11934984242333581,-0.027680289888277997,-0.027675443639332307,0.00018709341106017168,-0.5960165470666247,-0.5960155311160781,0.00048631572910537267,0.00039895289547716415,0.0003989488720226489,5.980930957243894e-07
Track_10,48.710253345198524,in-sample (trained on),0.8519258927776518,0.8432289441634061,0.016199499394796663,0.5104575032494457,0.5133375709501274,0.012304314058516626,1.3623833960270977,1.3632261922412432,0.012583313168477809,1.3618439435958862,1.3654539251350875,0.12400518239081999,-0.027801199730462824,-0.027802171400993763,0.00018713461185280547,-0.5994507831087628,-0.5994514351397682,0.0004863196808701089,0.0004140150624474815,0.00041401758592154406,5.981157698860888e-07
Track_10,49.07235407010838,in-sample (trained on),0.842651240645893,0.8410636027600956,0.016726368192911633,0.519872227594966,0.5227724991219949,0.012161577227443281,1.3625234682408591,1.367858498387845,0.01289199512123181,1.3578619956970215,1.3740949361143453,0.13183089640732312,-0.02941761107840499,-0.029416562789971217,0.00018715866936142936,-0.5620776654511525,-0.562078572498367,0.00048632225028433923,0.00041306328060154533,0.0004130659470879473,5.981294593799114e-07
Track_10,49.21780533782678,in-sample (trained on),0.8553684975996435,0.8511913528165715,0.017951228367849948,0.5150740856668389,0.5141755706381478,0.013028040396937128,1.3704425832664824,1.3660324612770296,0.0138128842163526,1.3698079586029053,1.3488956936291916,0.13311591979347934,-0.029885035452686927,-0.02988556614159982,0.00018715907100101106,-0.5962341986006218,-0.5962343825696622,0.00048632227268727654,0.0004927544878216003,0.0004927534373570565,5.981296206705365e-07
Track_10,49.689371212301694,in-sample (trained on),0.8897241732430836,0.891771547933813,0.019053798695005814,0.5026642978191376,0.5022483531967175,0.013575614858021083,1.3923884710622212,1.3927737039653527,0.014520596085147356,1.3897180557250977,1.3896501948139441,0.13619770735426862,-0.03001164823812856,-0.03001222140488755,0.00018715984356275673,-1.0529731385124843,-1.0529731519838994,0.000486322352924167,0.0005704200034764038,0.0005704201939448522,5.981300081709204e-07
Track_10,50.14410797835982,in-sample (trained on),0.9047389537452226,0.8982133575439898,0.018450553868457432,0.49435499239252856,0.49639847254946895,0.013295813275454076,1.3990939461377512,1.399525420345478,0.014144703263752249,1.3976819515228271,1.4001006687189346,0.13444893222656992,-0.029927875655583847,-0.029927004496081735,0.0001871594756877739,-1.220426396426377,-1.2204257952860318,0.00048632232179107314,0.0006346470353045299,0.000634646936092223,5.981298116125467e-07
Track_10,50.7910674993714,in-sample (trained on),0.8509581590078742,0.8513627718940382,0.021790124654410395,0.5135352214969012,0.5136018589615544,0.01508643427406476,1.3644933805047754,1.3648349609698789,0.016348810244088005,1.3618439435958862,1.366175653041795,0.14050808341610135,-0.030294275747980662,-0.030294207170850452,0.00018716074648292839,-0.8204588343870988,-0.8204587358807331,0.000486322446806953,0.0005997924350401888,0.00059979226535916,5.981304894487568e-07
Track_10,51.0289843830926,in-sample (trained on),0.865759776764182,0.8704608768735351,0.021721033369093753,0.5114886951873977,0.5107181502622402,0.015097699981282844,1.3772484719515796,1.3776423014945394,0.01633591454688959,1.3737900257110596,1.3671867666055295,0.1402330438281898,-0.03028762461390437,-0.030287922944632815,0.00018716064589816513,-0.7429359405769639,-0.7429361622528704,0.0004863224401183088,0.0006492186368313944,0.0006492183910290512,5.98130452396902e-07
Track_10,51.1413803230773,in-sample (trained on),0.8710743991502252,0.8681266165902928,0.021427703801072437,0.5162163284195371,0.5166688169370752,0.01542486316733711,1.3872907275697623,1.386147897432906,0.016335110708319237,1.3777719736099243,1.3725354284408087,0.13477806987635357,-0.030553842569648656,-0.03055367261028515,0.00018715995165080737,-0.639439299823084,-0.6394393597720613,0.00048632230277275427,0.0006051759983769057,0.0006051760910396262,5.981298336983172e-07
Track_10,51.17119305971718,in-sample (trained on),0.8675524712321293,0.8691216612018686,0.02164732620296011,0.5175648145229218,0.5174778427903141,0.01534620515104793,1.385117285755051,1.3860192171457646,0.016377070305330456,1.3777719736099243,1.374080707337739,0.13637074668194793,-0.03064984199590981,-0.030649909552148167,0.00018716023746251034,-0.6000004852808263,-0.6000006314727663,0.0004863223260889982,0.0006361983770773207,0.0006361982840517005,5.981299965416177e-07
Track_10,51.455689306339295,in-sample (trained on),0.8585414088579763,0.857953684447581,0.020332006543153692,0.5200872767968957,0.5198092806663634,0.014973046567051734,1.378628685654872,1.3772461432584215,0.01569049131537671,1.3777719736099243,1.3714934455636334,0.1330527664485571,-0.032333493505309265,-0.032333697407783135,0.0001871590367690663,-0.5070313246660526,-0.5070314037823819,0.0004863222415810396,0.0005773671265690954,0.0005773672540987601,5.981294391112073e-07
Track_10,51.48563923707677,in-sample (trained on),0.8605562050741508,0.860728083708688,0.020297169962351116,0.5186118745946314,0.5186053154851352,0.014988854886862692,1.3791680796687822,1.3786809357748033,0.01568514486751193,1.3777719736099243,1.3796767226035302,0.13271901259668148,-0.032518052176576884,-0.032517745155214564,0.0001871589945652902,-0.508311514316163,-0.5083116434115296,0.00048632223962011094,0.0006038398893932978,0.0006038396397192138,5.981294218324256e-07
Track_10,51.68307980987136,in-sample (trained on),0.8595884684547485,0.8573746234799731,0.01988576820902185,0.5230380807264867,0.5233584629361318,0.014507073083873804,1.3826265491812353,1.3813455911672818,0.015330230504824698,1.3817540407180786,1.3673069557444522,0.13344563726960365,-0.033735801855092326,-0.0337358302418022,0.0001871592508358509,-0.528511149126441,-0.5285114750554227,0.000486322309944917,0.000370355594257626,0.00037035588633442236,5.981297302239146e-07
Track_10,51.720260049777465,in-sample (trained on),0.8566198471992735,0.8478677867098587,0.020108104483918567,0.5253079694414896,0.5264881229231715,0.014877061568713084,1.3819278166407631,1.3786346953841317,0.015571045634160369,1.3817540407180786,1.352585759539473,0.13193485321960835,-0.03390895744795522,-0.033908649337518804,0.00018715878542199249,-0.5341875582779406,-0.5341874167062052,0.00048632223964697297,0.0003700796172867839,0.0003700802794770631,5.981294125983536e-07
Track_10,51.884698330259226,in-sample (trained on),0.8483246411697798,0.8460559572971512,0.02125110931836376,0.5281305983959441,0.5264574519681762,0.01562542300452945,1.376455239565724,1.3709441847544612,0.016400785724781427,1.3698079586029053,1.37426976049702,0.13295121796276968,-0.03441271886451921,-0.03441294678887327,0.00018715944145590314,-0.5288967282295493,-0.5288968272618508,0.00048632228606456957,0.00036866213124513066,0.000368662442320663,5.981296854576845e-07
Track_10,52.00917431632131,in-sample (trained on),0.8453897021681189,0.8425105135703571,0.02247681145085754,0.5290824704436192,0.5284967307096609,0.016054439057217713,1.3744721726117382,1.3705760360006758,0.017063910908353415,1.3698079586029053,1.3606719871395314,0.13560401805555194,-0.03526458061839405,-0.03526507378665118,0.00018716007732360338,-0.5531150657345976,-0.5531153585282617,0.0004863223219253833,0.0003616828967294646,0.00036168446183737013,5.981299303173593e-07
Track_10,52.65976961966045,in-sample (trained on),0.8285878286475227,0.8330157526497833,0.02312259697103999,0.5239806364453028,0.5181106423988077,0.017037962132795993,1.3525684650928256,1.3439448441848438,0.017962133055096505,1.3459160327911377,1.270066451687887,0.13577604466003512,-0.035800449212366435,-0.035800438082759595,0.00018715975798323635,-0.8999123391543081,-0.8999118724742923,0.0004863223886775277,0.00044195579035075143,0.00044195673385352517,5.981300877259174e-07
Track_10,53.236932361764154,in-sample (trained on),0.8583986245066046,0.8622751106823062,0.02483747363620452,0.5159466324811912,0.5140344366854999,0.01823413021241102,1.3743452569877959,1.3715865078432,0.019249721404608178,1.3737900257110596,1.337736275162285,0.13666420119012246,-0.03669822210151898,-0.03669830745287861,0.00018715994836830785,-1.167999288867708,-1.1679984581549179,0.00048632240839425594,0.0006610383883651543,0.0006610370932431457,5.981301884746412e-07
Track_10,53.48998379195233,in-sample (trained on),0.8960293168090729,0.8900126973899212,0.021679356694332682,0.510917572623705,0.5061776638139892,0.015555885053088716,1.406946889432778,1.3919652372324927,0.016545117062804277,1.4056459665298462,1.3245464221454135,0.13591149316859927,-0.03778519970484269,-0.03778633171530481,0.0001871601429735379,-1.244961695417235,-1.244960622468844,0.000486322382284365,0.0006579475700130221,0.0006579455505663582,5.981300885683809e-07
Track_10,54.1723004871101,in-sample (trained on),0.8246230173158455,0.8251660216109906,0.019800517489610994,0.5194685600430842,0.5185865061871351,0.015344697995151582,1.3440915773589297,1.342873861026371,0.01564300405117856,1.3419339656829834,1.3363445064150692,0.12854214530126143,-0.03779615924595306,-0.037797104161135214,0.00018715521963348576,-1.1442602810324238,-1.1442597801957541,0.0004863218165697168,0.0006547385535439841,0.0006547406699802767,5.981273168072435e-07
Track_10,54.24028189719695,in-sample (trained on),0.8177853992498253,0.8150047688109202,0.01639244543715316,0.5201031426747007,0.5229110539729687,0.013355341716478385,1.337888541924526,1.3379765950067246,0.012991635182876072,1.3339699506759644,1.3225948211356524,0.12153671870387994,-0.037626114633917074,-0.03762394886715445,0.0001871443450596136,-1.084632730195751,-1.0846319783265392,0.0004863204266441756,0.0007504206412221724,0.0007504164095867431,5.981201907949286e-07
Track_10,54.342727196854604,in-sample (trained on),0.8134702436952477,0.8187987127305123,0.018330810758932076,0.5264330952765932,0.5209773635690127,0.014523898502126193,1.3399033389718409,1.333805270391524,0.01460660492773169,1.3379520177841187,1.323511228642588,0.12567614451484188,-0.03762018994281167,-0.037621947985143483,0.0001871526589671482,-0.9335649482820108,-0.9335657244072416,0.0004863214696998162,0.0007026197776166662,0.0007026210310572698,5.98125563398586e-07
Track_10,54.676026197616515,in-sample (trained on),0.7779336704675894,0.7725937781908191,0.0193478950035149,0.5435668009210868,0.5424417232385919,0.014793679085523176,1.3215004713886762,1.3149593603583185,0.01528425265925484,1.3180420398712158,1.1272315322865847,0.1302456838640845,-0.03677574202096719,-0.03677601836317203,0.00018715784872913154,-0.4995492635717971,-0.49954948263363774,0.0004863222013148456,0.0004056059990710688,0.00040560527202632694,5.981291244588974e-07
Track_10,54.80385023390462,in-sample (trained on),0.7634176141712296,0.761799285527126,0.017503445794476054,0.5494842754892144,0.5487368776076456,0.013147181096569252,1.3129018896604439,1.3102290357915076,0.013697853108097175,0.557479977607727,0.8626260877370167,0.12924688498360823,-0.036990849173957514,-0.03699072272573892,0.0001871576552938516,-0.5451492342460895,-0.5451490371182739,0.0004863221639497487,0.0003055068718167371,0.0003055074835235453,5.981289638949712e-07
Track_10,55.22339404406289,in-sample (trained on),0.8051096261497512,0.813907199268368,0.01702276080436664,0.5441379249095917,0.5434141270794773,0.013616770399403445,1.349247551059343,1.3531844857655693,0.013505259492913242,1.3459160327911377,1.3036308416967228,0.1238358196628676,-0.04164802220212408,-0.041647833980164126,0.00018714629454779893,-0.7917196415222166,-0.7917201520938751,0.00048632065940453243,0.0004377155706303716,0.00043771529793663,5.98121912304398e-07
Track_10,55.26037676729077,in-sample (trained on),0.806260182862244,0.8105040501152696,0.01797096494055582,0.5434797991599355,0.5427474509637523,0.013978249792262186,1.3497399820221796,1.3504374332752513,0.01405625997392842,1.3459160327911377,1.2993597338848275,0.12558036768491415,-0.04207005318321154,-0.04207032421258475,0.00018714851929372406,-0.8128107384937695,-0.8128105512611575,0.0004863207985771749,0.0004074050929095876,0.0004074062255884835,5.981228393731806e-07
Track_10,55.901667252315235,in-sample (trained on),0.8694720755654027,0.8714240871439813,0.02028908658835109,0.5195161538176327,0.5185888682468621,0.01469501257033682,1.3889882293830356,1.3881319064619568,0.015618846289782882,1.3857359886169434,1.3919691061316006,0.1351709400622179,-0.044296069691578545,-0.04429629956830394,0.00018715963653058958,-1.3092396072266939,-1.3092387192318102,0.00048632237296324104,0.000945843356662769,0.0009458409890471015,5.981300192881372e-07
Track_10,56.23417876251073,in-sample (trained on),0.8188324589059648,0.8211924280763059,0.024101152023486744,0.5259571596089587,0.5254585976661268,0.017200608485262624,1.3447896185149235,1.3470504264303407,0.018365916950296254,1.3419339656829834,1.3433054501212527,0.13780684071065813,-0.041992326365097574,-0.04199284963053057,0.00018716029748525715,-1.0389242294305088,-1.0389239217099981,0.00048632241505603855,0.0007722854018370239,0.0007722846490509739,5.981302750996985e-07
Track_10,56.83045132757416,in-sample (trained on),0.7156812092697478,0.7256938816845928,0.020612699902803587,0.5522129732774074,0.5525645840987834,0.014756249739475482,1.267894182547155,1.2752789846140449,0.015750895121715697,1.2662760019302368,1.285106557134313,0.1359058186975782,-0.03885575448434184,-0.03885586757244344,0.00018715992093598806,-0.48866051454948356,-0.4886609837900273,0.00048632237916836963,0.00039398534873865256,0.0003939859456381793,5.981300904019782e-07
Track_10,57.08140979756077,in-sample (trained on),0.742428827570729,0.7548701573139734,0.02394530583320267,0.5450263365331399,0.5444049190208384,0.017463630271266885,1.287455164103869,1.2952472569839852,0.018408095061917394,1.2861859798431396,1.3098375947617107,0.13551641674715653,-0.03723966308915224,-0.03723982787226335,0.00018715986935383737,-0.4241282535761278,-0.424128735754721,0.00048632235840402106,0.0004727606354103628,0.0004727603811028922,5.981300032813272e-07
Track_10,57.38918465975912,in-sample (trained on),0.8269551073412497,0.8217616913775992,0.027921263313704772,0.5436778507859583,0.5462230138265559,0.02066255766183736,1.3706329581272079,1.374390819959176,0.021476984955009788,1.3698079586029053,1.3665508081691564,0.1356432869415942,-0.0398036635407571,-0.03980287315542315,0.00018716007826145975,-0.7235088929572157,-0.7235086377937392,0.0004863223219522453,0.0006454990557478964,0.0006454979127180779,5.981299341001869e-07
Track_10,57.847737766311724,in-sample (trained on),0.8228937844593687,0.8005470728506712,0.028462080151430293,0.5450580679325469,0.5463736085312754,0.02201068692335608,1.3679518523919154,1.3545797491956209,0.02232027386449343,1.3658260107040405,1.3328162231587979,0.13265874010077647,-0.041355773028764094,-0.04135560836276016,0.00018715909585433692,-0.9369920570939084,-0.9369914700806308,0.00048632222189116665,0.0005795722386192866,0.0005795712741749187,5.981294338912312e-07
Track_10,57.89383215114152,in-sample (trained on),0.810075234131984,0.8150731465063336,0.028161059811786758,0.5465493349440069,0.5461876591393156,0.022681510223098427,1.356624569075991,1.3612476614163596,0.022490262311206113,1.3538800477981567,1.3467857735710629,0.13114455652642446,-0.04114413365016322,-0.04114397839616525,0.00018715866068619248,-0.8691725939656622,-0.8691724228388537,0.00048632218549310473,0.0005129555877660062,0.0005129556184075639,5.981292205990054e-07
Track_10,58.109266789885694,in-sample (trained on),0.7791235115661089,0.774285289812464,0.03118415628081424,0.559367884084048,0.5608578096083934,0.02348101017000972,1.338491395650157,1.3382082760369887,0.023740056025763442,1.3379520177841187,1.332972536647202,0.13228044225581986,-0.04105271393986973,-0.04105274461740677,0.0001871598648990146,-0.8201850045114212,-0.8201849078959171,0.00048632213692653524,0.0003605174882394211,0.0003605179892043321,5.981292053520444e-07
Track_10,58.159849946073564,in-sample (trained on),0.7760616546845531,0.7865132756450319,0.030825358521325664,0.5605101313486517,0.5579604011244932,0.023410349445055836,1.336571786033205,1.3399057889543795,0.02362837645181482,1.3339699506759644,1.3369441800225685,0.1322592341999553,-0.041120012889483144,-0.04111987792471568,0.0001871597481357274,-0.7979925284840576,-0.797992625257802,0.0004863221428899085,0.0003850518123396142,0.00038505188964824935,5.981292053850821e-07
Track_10,58.66446129589663,in-sample (trained on),0.6827305536346132,0.7010567880711582,0.018765634308109177,0.5974903757353703,0.5941202909534281,0.015260210075799746,1.2802209293699836,1.2860608262447226,0.015062453413577233,0.6052640080451965,0.6551951059722106,0.12379163961155382,-0.039738753339746496,-0.03973911928913745,0.00018714930831245936,-0.6077347876946906,-0.607735193114732,0.00048632108551821264,0.0002119953750227758,0.00021199471067635513,5.981237750965178e-07
Track_10,58.781616868415284,in-sample (trained on),0.6894571205296839,0.696117639707698,0.013980912373492258,0.5996479519097454,0.598169063640994,0.010488620478523013,1.2891050724394293,1.2919278333267827,0.010761170362032833,0.6052640080451965,0.6531439147190191,0.11570047573772548,-0.039994535480879924,-0.03999465881492521,0.00018515790010479455,-0.6073139134427689,-0.6073161258206413,0.00048614459428912387,0.00020450576325729516,0.00020449548747172392,5.971278648388543e-07
Track_10,58.78285016243605,in-sample (trained on),0.6894571205296839,0.6954524831305336,0.01405943568511728,0.5996479519097454,0.5984565745672398,0.01042067541015851,1.2891050724394293,1.2923838790804423,0.010803358268656128,0.6052640080451965,0.6481813621594312,0.11573422684186084,-0.039994535480879924,-0.03999376443175984,0.00018487886783986372,-0.6073139134427689,-0.607310732531298,0.0004861275392852901,0.00020450576325729516,0.00020452224465467234,5.97011158039064e-07
Track_10,58.83099600920574,in-sample (trained on),0.7187271999469791,0.704065611534622,0.01879536374447704,0.5873053382295537,0.5944169587516992,0.01614721610330627,1.3060325381765328,1.3018779547003592,0.015313017117269945,0.593317985534668,0.6854709158733442,0.1210260567795192,-0.04027801351494169,-0.04027832048474045,0.00018712386670314285,-0.5753321316934417,-0.5753329738649433,0.00048631921344113074,0.0002624727270201137,0.00026246774184206256,5.981119552892516e-07
Track_10,58.94050605762798,in-sample (trained on),0.7606254565822651,0.7754817160091029,0.026576684676628846,0.5810705730580239,0.5758569068412842,0.021102608908812912,1.341696029640289,1.3414870097261475,0.0213317995473083,1.3379520177841187,1.229929843762284,0.13249331637318493,-0.04126843726397424,-0.041268416071468486,0.00018715855916244425,-0.5886556919508154,-0.5886557742007044,0.00048632227378861995,0.0004007196077007388,0.0004007199861791849,5.981294554484106e-07
Track_10,60.073723419295064,in-sample (trained on),0.81976846917217,0.8068722912924684,0.0221938491065578,0.5501505829898484,0.5506662294064414,0.016230329868552724,1.3699190521620184,1.3629996022091218,0.017175095170466347,1.3698079586029053,1.2815449054066987,0.13542234697082728,-0.04210087691256605,-0.042100730958676696,0.00018715976994092512,-0.5203252431303836,-0.5203255021032637,0.0004863223905041456,0.00038088206526633447,0.0003808820593250202,5.981300917565274e-07
Track_10,60.46944903752343,in-sample (trained on),0.7142534001889932,0.7242293932482661,0.02231811406387019,0.5605577218580056,0.5601314716460294,0.016560006994230495,1.2748111220469989,1.2812435223537697,0.017310091930436287,0.5654439926147461,0.7516520442604204,0.13334332471152843,-0.04047627956436498,-0.04047609931335633,0.00018715938330860152,-0.5338745726529951,-0.5338743914376947,0.00048632229844796694,0.0003972491527210576,0.0003972498849655415,5.981297238310989e-07
Track_10,60.6338458650444,in-sample (trained on),0.6898537358914714,0.7048433178572585,0.02164478363875045,0.5613033555418372,0.5630932055563042,0.01566563212255736,1.2511570914333086,1.26628606584866,0.01659363547323337,0.5734080076217651,0.7814692329466775,0.13513670458065324,-0.040518778220221804,-0.040517622936594846,0.00018715980534505795,-0.5894114094890014,-0.589411524212205,0.0004863223437910767,0.0003379021301517031,0.00033790309239345516,5.98129940393887e-07
Track_10,60.95492080220278,in-sample (trained on),0.6716571061972127,0.6818741521345504,0.02042900848605983,0.5599865985819068,0.5600271948773876,0.014231676257462175,1.2316437047791196,1.2400498795167303,0.01538554250612189,0.5654439926147461,0.7284893833981623,0.13931651588065688,-0.039760572318401605,-0.039759930385639033,0.00018716056946308743,-0.43436289924659816,-0.43436351099879245,0.000486322441434548,0.00041216570504912936,0.0004121662082942196,5.9813041349493e-07
Track_10,60.956849506045984,in-sample (trained on),0.6716571061972127,0.6903633246417019,0.01935866431811743,0.5599865985819068,0.5598006057842801,0.014000474761975377,1.2316437047791196,1.242406252017427,0.014870674941897621,0.5654439926147461,0.7894887692869175,0.13403143877658769,-0.039760572318401605,-0.03976056721120004,0.00018715905669862396,-0.43436289924659816,-0.4343633070810551,0.0004863223084675052,0.00041216570504912936,0.00041216577505599365,5.981297066514389e-07
Track_10,61.191604838547676,in-sample (trained on),0.7266912028134107,0.760708996918083,0.020918488680952425,0.5572578959256055,0.5558532637576622,0.01749309699746714,1.283949098739016,1.3055067133852094,0.01725353677258019,1.282204031944275,1.2010267554193184,0.12708360508713307,-0.041051309379771,-0.041051577051749666,0.0001871567211744858,-0.5073111818298982,-0.5073125293954868,0.00048632214369576977,0.00043265665498852583,0.00043265743899013496,5.981287075872811e-07
Track_10,61.558879642670625,in-sample (trained on),0.8462781177099008,0.8304233627426423,0.01888055753887982,0.5432653714461155,0.5433347006500985,0.014564338716362197,1.3895434891560163,1.378890616530811,0.01496291633064747,1.3857359886169434,1.3255993065829217,0.12113459976148494,-0.044198586429868424,-0.04419864832199259,0.0001869193905390245,-1.2840680132775173,-1.284063887007815,0.0004863007740423554,0.0006579999083446841,0.0006580041015797953,5.980130848191582e-07
Track_10,61.57398521628534,in-sample (trained on),0.8521162691819241,0.8340880378705134,0.01859468507951438,0.5434081518792536,0.543167677480138,0.014317510114001345,1.3955244210611777,1.382606504575003,0.014724855627634221,1.3897180557250977,1.3448801157439323,0.12067655143719143,-0.04440216347575188,-0.04440267373789314,0.00018690878867530316,-1.2822384222346792,-1.2822410721070046,0.0004863001792633926,0.0006664546923632265,0.0006664484161718335,5.980087880432165e-07
Track_10,62.18665813964073,in-sample (trained on),0.8577481776594641,0.848553366614813,0.026334162436360293,0.5539580709430801,0.5559470972960054,0.019172688594866726,1.4117062486025442,1.4099692294136486,0.020236154671933397,1.4096280336380005,1.3847988348243934,0.13681423897519265,-0.04321195228646199,-0.04321136245572205,0.00018716016032387388,-0.9078226154111099,-0.9078226979933813,0.000486322389913181,0.000562209910971313,0.0005622092081501433,5.981301694448786e-07
Track_10,62.222999788479655,in-sample (trained on),0.852306639768213,0.8457834655279456,0.028295974044876427,0.5539580709430801,0.5539592352083071,0.019922625111703344,1.406264710711293,1.4006364194047953,0.021384492343638487,1.4056459665298462,1.3742815756411293,0.14031851139485763,-0.04293350934823777,-0.04293360795758362,0.00018716066911003836,-0.8578814969124477,-0.8578813540306596,0.0004863224492782593,0.0005612696358136676,0.0005612694772002332,5.981304808424189e-07
Track_10,62.453587284292354,in-sample (trained on),0.8160561625938492,0.82794562165945,0.0225197598188808,0.557432404908526,0.5536212584613606,0.017852282877016564,1.3734885675023751,1.3752771434635942,0.017824685289379784,1.3698079586029053,1.3748420217054105,0.127531120992788,-0.04115860512589707,-0.04115939346651669,0.0001871545900799975,-0.5327711079406238,-0.5327717520628665,0.00048632172878449776,0.0005500957375408619,0.0005500933519175734,5.981269761694629e-07
Track_10,62.527813215083455,in-sample (trained on),0.8153263927693386,0.8183235381252323,0.02298753950904148,0.5604783965059486,0.5609086009811145,0.018137724689987735,1.3758047892752872,1.3765931115815027,0.018097267621536246,1.3737900257110596,1.3726880522338747,0.12789773225579548,-0.04115166722987238,-0.04115143333337333,0.00018715481165493042,-0.5693500617173097,-0.5693501837049777,0.00048632171795908564,0.0004710060611445373,0.00047100887793935026,5.981269916147086e-07
Track_10,62.69055845525402,in-sample (trained on),0.79377693162551,0.7860325491750947,0.025865606192680142,0.5599134421301266,0.5610377659905184,0.0183617910691291,1.3536903737556367,1.3520077245281488,0.019524094160326827,1.3498979806900024,1.3356667025947846,0.13738275311288528,-0.039936789612572896,-0.03993673800376468,0.00018716042245442996,-0.5615338948248941,-0.5615338988180592,0.000486322361922947,0.0004991666200854263,0.0004991663575337707,5.981301277511954e-07
Track_10,62.8216558649184,in-sample (trained on),0.7851044403841771,0.7953795003263906,0.02384551075487944,0.5604942613151443,0.5603220500374781,0.0178612955720444,1.3455987016993214,1.354556734558511,0.018427593780579114,1.3419339656829834,1.364646845128847,0.13217486316995586,-0.03950276801531965,-0.039502488676866204,0.0001871595793212074,-0.543967722724527,-0.5439685910202893,0.0004863222598740859,0.00046164540654228297,0.00046164645964846514,5.981295301964786e-07
Track_10,63.595861890915934,in-sample (trained on),0.8152946654068997,0.8167608429029416,0.02271167212348058,0.5609226058203861,0.5605484867384882,0.015824203289248374,1.3762172712272858,1.3766839763054244,0.01709903695244084,1.3737900257110596,1.3671304425205961,0.14010184841630163,-0.043650865579318056,-0.04365087624029121,0.00018716064707048204,-0.7241170732127477,-0.7241170752751964,0.0004863224465114708,0.0005386050352950513,0.0005386050451362604,5.981304606563438e-07
Track_10,64.01213666935377,in-sample (trained on),0.8255590220609034,0.8279737264091817,0.0217479286399529,0.5591299114711731,0.5583821386561517,0.015050933981535139,1.3846889335320764,1.383368446671673,0.016275598617673418,1.3817540407180786,1.37907769379686,0.13922453635018897,-0.043557904121515,-0.043557935305046716,0.0001871607839970454,-0.8319631059457949,-0.8319629668823425,0.0004863224238399212,0.0005496252784621099,0.0005496248819342027,5.981303965300352e-07
Track_10,64.46726951824364,in-sample (trained on),0.8279069758268941,0.8256846540990457,0.01790213313511777,0.5597168999126708,0.5601068505304322,0.01411719012295159,1.387623875739565,1.3861430672647896,0.014069254631816408,1.3857359886169434,1.3699721172125592,0.12278536192428259,-0.04186750569043715,-0.041867498964302335,0.00018713763870268209,-0.8309223713376976,-0.8309206956366336,0.00048631953981679356,0.0006026961718481269,0.0006027037938232296,5.98116648001293e-07
Track_10,64.53895999403468,in-sample (trained on),0.8297631262070629,0.8298019752320244,0.017393340586089996,0.5606053154544527,0.5610535778578315,0.013733827290452364,1.3903684416615156,1.3915347218166934,0.013672375225536132,1.3857359886169434,1.3734319579842125,0.12206094057417201,-0.04193217021797945,-0.041931856611369014,0.00018713491669735598,-0.7665323010316074,-0.7665336960759773,0.00048631928631828335,0.000685592461565741,0.0006855849668920503,5.981153029021238e-07
Track_10,64.5807253108377,in-sample (trained on),0.8310164254737565,0.8334262338018525,0.020203289886694797,0.5633816098074514,0.5617713142601499,0.016180313397261368,1.394398035281208,1.392181150168603,0.016234470528599818,1.3857359886169434,1.3902634204095792,0.12717071270568273,-0.04195660705397115,-0.04195680937466732,0.00018715690640434913,-0.7309595514192005,-0.7309595400183823,0.00048632206692404874,0.000670730899969229,0.0006707307714292596,5.981284906441111e-07
Track_10,64.98422043077562,in-sample (trained on),0.815883355481284,0.8077856103183536,0.024034569439328454,0.5803606983215089,0.5816546766429737,0.017979592257082795,1.396244053802793,1.393218930275851,0.018520535088490976,1.3937000036239624,1.3670134197388957,0.13171144864587966,-0.04314062772723644,-0.04314101626471434,0.0001871586728784172,-0.5531149945041696,-0.5531149193051783,0.0004863220749826624,0.0005880985238970632,0.000588098147469711,5.981288533007603e-07
Track_10,65.0628477400787,in-sample (trained on),0.8073306684475021,0.8047197552844777,0.022619536819846388,0.5778342074606998,0.5785022371582308,0.01786575687765404,1.3851648759082018,1.385155688876811,0.017773179075787373,1.3817540407180786,1.3839543969275037,0.12759335848378414,-0.043094978788319756,-0.04309483220177354,0.00018715748225703175,-0.4971503263889411,-0.49715038193343697,0.0004863219340912138,0.0006056511009900953,0.0006056511144236734,5.98128032970247e-07
Track_10,65.16982910719767,in-sample (trained on),0.788499453390737,0.7851655875435456,0.027134237070740336,0.575835276647393,0.5766180069347656,0.01933518300601013,1.3643347300381299,1.3648656499765026,0.02056005170147269,1.3618439435958862,1.3622322756053018,0.13794170371541345,-0.04274973417566696,-0.0427494261902118,0.0001871604334742217,-0.4365817782608421,-0.43658191327540996,0.00048632239912685653,0.0007321386144491786,0.0007321383090329077,5.981302403109184e-07
Track_10,65.35927355347613,in-sample (trained on),0.7611172534080141,0.7648328869038088,0.015996064224426825,0.5884317228518634,0.5879901616963442,0.011308319304619095,1.3495489762598776,1.3513084291378197,0.01208680647131901,1.3459160327911377,1.3560972593275946,0.12259623493105297,-0.042563479846796475,-0.042560826519633804,0.0001868400988771237,-0.45287081623450615,-0.452870878203403,0.0004862430165386383,0.000478212004498383,0.00047821221031356766,5.977894367804416e-07
Track_10,65.35991590340046,in-sample (trained on),0.7611172534080141,0.7642370664533394,0.015978273099827998,0.5884317228518634,0.5882554974565768,0.011308485830442007,1.3495489762598776,1.3511617759011805,0.012087575006173997,1.3459160327911377,1.3551920927059737,0.12261641956907841,-0.042563479846796475,-0.04256630846724378,0.0001868378981731984,-0.45287081623450615,-0.4528708334398077,0.00048624317875801254,0.000478212004498383,0.0004782129926847054,5.977899583144113e-07
Track_10,65.42543214509996,in-sample (trained on),0.7539623458072009,0.7528286752327122,0.023928225892047697,0.5943967904227664,0.5948366250188045,0.01674966387717746,1.3483591362299672,1.3481292928901274,0.018052819750037863,1.3459160327911377,1.2610168465770242,0.13990369357702928,-0.04265201814322664,-0.04265237948280924,0.0001871605938472874,-0.47416172212224444,-0.4741619094174421,0.0004863224396079303,0.0003999059993760194,0.0003999058892268138,5.981304223986088e-07
Track_10,65.84611458049746,in-sample (trained on),0.7173628486485121,0.7200359428815614,0.015432654862097887,0.6011392201085489,0.6009522070362202,0.011919906995017432,1.318502068757061,1.3194301542994973,0.011960259785458794,0.6052640080451965,0.6184473450434075,0.11940154912037867,-0.04176446834556115,-0.04176396311503601,0.00018708476215063553,-0.579547499053696,-0.5795483614913985,0.00048631335481298644,0.00036918725198499893,0.00036918980529708956,5.980831376017311e-07
Track_10,65.84868642790144,in-sample (trained on),0.7164109762446339,0.718840958675798,0.013726243836204953,0.6009647100570192,0.6003471913916766,0.010147487863430574,1.317375686301653,1.3182691269788718,0.010475142071940885,0.6052640080451965,0.6226005776882797,0.11713105769428685,-0.04171510468821348,-0.041714190823949476,0.000187015627337706,-0.5942437806116335,-0.5942428708888359,0.0004863018847547285,0.00036822370702530217,0.00036821843920179106,5.980277076798142e-07
Track_10,65.86015261839853,in-sample (trained on),0.716412360942553,0.720447274984486,0.014199331101456703,0.6011239848439656,0.6004658410368798,0.0113832150540697,1.3175363457865186,1.3192467468446805,0.011110684066441348,0.6052640080451965,0.6289966553265899,0.117547090243588,-0.04171072993358951,-0.04171260345815926,0.00018711099661565154,-0.5979316305294303,-0.5979315252139547,0.00048631452625951953,0.0003629005855812577,0.00036290286091408667,5.980942711647693e-07
Track_10,65.9517563698175,in-sample (trained on),0.7290378283886683,0.727338414725691,0.02023859989982682,0.5979478654880372,0.5989625577657611,0.015648438951481367,1.3269856938767055,1.3282999364425736,0.015960888594075465,0.6052640080451965,0.6639681651190771,0.1279308946179869,-0.041558034675703806,-0.041556949764611564,0.00018715593359381767,-0.5911184364750419,-0.591118549350188,0.0004863219661913663,0.0003209624639391279,0.0003209636612400329,5.981278752803259e-07
Track_10,66.04494074893822,in-sample (trained on),0.7472675095991309,0.7511116965216409,0.017954663713444566,0.5976172899345003,0.5985656275361835,0.013394129617365873,1.3448847995336313,1.3497119933131556,0.013774636263809712,0.6052640080451965,0.7122546892575304,0.12439326059906516,-0.04129513096337938,-0.04129478032230613,0.00018713301328675218,-0.5551347729277841,-0.5551347883876423,0.00048631702991515656,0.00031382705451009276,0.0003138296169230794,5.981052537794154e-07
Track_10,66.06775879034603,in-sample (trained on),0.7486794543456271,0.7508415023610033,0.018364629035172164,0.5983787874776528,0.5984720698102027,0.013562439352945876,1.34705824182328,1.3489710050553194,0.014000542864915932,0.6052640080451965,0.705288185504233,0.12489857617247445,-0.041242785085845925,-0.041242382337546624,0.00018713468384306335,-0.5482569649810582,-0.5482571374094303,0.00048631709580843307,0.00031830796142360196,0.00031830610031940987,5.981059663510533e-07
Track_10,66.28565619233785,in-sample (trained on),0.760482680037677,0.7540569560804162,0.023328010289981008,0.6012026722212712,0.6011832110720557,0.01738363746227089,1.3616853522589483,1.3565626978790304,0.01808421889276684,0.6052640080451965,0.63761415972743,0.13323644211466584,-0.04118161100182641,-0.04118139546828316,0.00018715904567875117,-0.5452602940872184,-0.5452603195694756,0.00048632227824771764,0.0003092774503511765,0.0003092775452349728,5.981295699740102e-07
Track_10,66.43754271212657,in-sample (trained on),0.7481735582862582,0.7522006748087064,0.02077600119488109,0.596304494946722,0.5959010292214912,0.014867956222070636,1.34447805323298,1.3470283578512587,0.01583784636688684,0.6052640080451965,0.6872748372446156,0.13564794257184498,-0.040562319333653854,-0.04056245658080908,0.0001871596351238017,-0.5874524750846903,-0.5874525672927515,0.0004863223335297809,0.00032620056363171434,0.00032620117005666404,5.981299038045274e-07
Track_10,66.67963866573832,in-sample (trained on),0.7737771641923137,0.7788840169647204,0.016086127256219704,0.5892408094795577,0.5892534053334424,0.012481577776892983,1.3630179736718713,1.3671193133681974,0.012630275825353178,0.6052640080451965,0.7542965852338448,0.12380721013980168,-0.03961019930911475,-0.0396104334772196,0.00018712956918289997,-0.4854068625350127,-0.48540776036128075,0.00048631973123668945,0.0004799744131334251,0.0004799687588841992,5.981159311308476e-07
Track_10,66.71869544078488,in-sample (trained on),0.7763313557284762,0.7743652979637352,0.015024193426737022,0.5926040920365854,0.5923317353561153,0.01188828971939155,1.3689354477650615,1.3661169921593657,0.01187008183484431,0.6052640080451965,0.7968161831860405,0.12168741524492596,-0.039719030777194415,-0.03971904440176778,0.0001871228693317326,-0.49307780994086525,-0.49307705449865585,0.0004863193140669346,0.0004303533131586293,0.0004303591565921127,5.981131887581223e-07
Track_10,66.78036698605278,in-sample (trained on),0.7807090259970181,0.7769148068314651,0.01876618979612604,0.5935076147554412,0.5933797712988922,0.014039292517590275,1.3742166407524594,1.3714517207769965,0.014641159724192993,1.3737900257110596,1.1286281845646808,0.13014510279778793,-0.040061155388104744,-0.040061200522244614,0.0001871583591628438,-0.4828465987289308,-0.4828468391617664,0.00048632219736612596,0.00042795651611765426,0.0004279571369679416,5.98129230692064e-07
Track_10,66.78933868715251,in-sample (trained on),0.780757563403878,0.7861405840933416,0.020432723432841693,0.5934925056786177,0.590981207399141,0.01440993130141505,1.3742500690824957,1.371648065468713,0.0155004232831844,1.3737900257110596,1.2667196753684222,0.13806947644578169,-0.040117047430164574,-0.04011817564574417,0.00018716031225647704,-0.4851037889299014,-0.4851042869501735,0.00048632242276544014,0.00042082098899460347,0.0004208211875452655,5.981302963264698e-07
Track_10,66.94667660113629,in-sample (trained on),0.7638142333325162,0.7658185633191308,0.02076202125915941,0.6009964338574276,0.6003598316533995,0.015177889761734223,1.3648106671899438,1.365467321265002,0.01597610948022599,1.3618439435958862,1.328928329146433,0.13350768180421488,-0.0403895945421287,-0.04038919622069398,0.00018715938002609203,-0.4916920863747727,-0.4916923301252097,0.00048632227120986465,0.00042129761983826313,0.00042129815357186396,5.981296345464178e-07
Track_10,66.95879220243313,in-sample (trained on),0.7610062098360632,0.7562648317584133,0.019888473368182332,0.6014723702968354,0.6000131957953992,0.014931421591044236,1.3624785801328987,1.3546753077045144,0.015487399849757513,1.3618439435958862,1.219567460070268,0.13074400200030492,-0.04045877830802108,-0.04046045113861349,0.00018715861379301306,-0.49740148457875977,-0.49740156189901175,0.0004863221847409676,0.0004001399486006202,0.00040013923879153525,5.981291670446723e-07
Track_10,67.07090258225313,in-sample (trained on),0.759866733044859,0.7617841796767522,0.020884242280107355,0.5977424415094512,0.59812869898123,0.015210750411962196,1.3576091745543102,1.359716813638221,0.016116429918822187,1.3538800477981567,1.2390429630497626,0.13470535328675778,-0.040722800081208245,-0.04072272227636148,0.00018715917510359913,-0.48574192737503336,-0.48574232127760936,0.0004863223332074365,0.0004812883225855475,0.0004812877769266873,5.981298035513228e-07
Track_10,67.22355876062909,in-sample (trained on),0.7663366921631939,0.7651265916021747,0.019286802419528397,0.5896374259099543,0.5901325092912507,0.015036032481476055,1.3559741180731482,1.3567986391920133,0.015394156177443056,1.3538800477981567,1.2499620431962548,0.12845985418505404,-0.041339100131558046,-0.04133921318219358,0.00018715773595052597,-0.5966939833143406,-0.5966939864380294,0.0004863221946799221,0.0005671450808037944,0.0005671439094292717,5.981290397663874e-07
Track_10,67.41784375750285,in-sample (trained on),0.7850568501122919,0.7781195097582934,0.024004860700156953,0.5858299368881135,0.5867346607895708,0.017135072165380596,1.3708867870004053,1.3682797500142008,0.01828530114344325,1.3698079586029053,1.283494533669368,0.13764625940089256,-0.042588649979351384,-0.042588682586821844,0.00018716030803612863,-0.8527805346522517,-0.8527804330568802,0.0004863224090389446,0.0006637761961572517,0.0006637757772814411,5.981302681122087e-07
Track_10,68.16415509842318,in-sample (trained on),0.8891599745864412,0.8753834373058196,0.022825485671721747,0.5649204698216868,0.566813192592775,0.01707356976266507,1.454080444408128,1.4485475241135892,0.017866019181772982,1.4534300565719604,1.4641027783728555,0.13415473204621778,-0.04308103421141231,-0.04308106542790105,0.000187159310389984,-1.3583324793021307,-1.3583315706753274,0.0004863223557984042,0.0006398563796382968,0.0006398556358115839,5.981298974612703e-07
Track_10,68.38603102980727,in-sample (trained on),0.8647127178798159,0.8628981330749121,0.022325092000424193,0.5778818003447407,0.5784029721418542,0.01748038080045729,1.4425945182245565,1.442037998894945,0.017846026422688146,1.441483974456787,1.4582410084344,0.13070421389926226,-0.042945316208656444,-0.042945077608168125,0.00018715825623213378,-1.395802767961858,-1.3958021223010144,0.0004863222673148696,0.0006069098410842903,0.0006069096968751702,5.981293966410841e-07
Track_10,68.70875729925417,in-sample (trained on),0.8562727802065739,0.8505399728076317,0.0201866669299598,0.5882096170666683,0.5892969035762289,0.01609942954698471,1.4444823972732423,1.442156504482165,0.015890702955244012,1.441483974456787,1.4367706933546327,0.12454665945738941,-0.04280349950898777,-0.0428036227274189,0.00018714912002686424,-1.0954544107103457,-1.0954539029794783,0.0004863208890219109,0.0004350498620546398,0.00043506060655669265,5.981228468232918e-07
Track_10,68.7383119613261,in-sample (trained on),0.8522749159678045,0.8512429423580619,0.016219842161752287,0.5889393861787727,0.58954792421328,0.011906783107840461,1.4412143021465773,1.4401846272916843,0.012422079892295872,1.4375020265579224,1.4354474321699215,0.11938885707859097,-0.042614139206529233,-0.04261174953749926,0.0001869457092415552,-1.0715286379695146,-1.071528941297224,0.00048629616077249026,0.00044876249893186475,0.00044869919175638946,5.97994847435355e-07
Track_10,68.75122058403082,in-sample (trained on),0.8517845633720594,0.8513816096908275,0.017735633729271404,0.5895888250735071,0.5875826753536104,0.013431971062729371,1.4413733884455666,1.4379702864096853,0.013697306675987835,1.4375020265579224,1.4326630849085626,0.12117248711410329,-0.042628267425156775,-0.04263073047826671,0.00018701157825644121,-1.0637534305994047,-1.0637533572960012,0.0004863033190573515,0.00036779951061966724,0.0003678543180176979,5.980339816550303e-07
Track_10,68.83006068554548,in-sample (trained on),0.8399957616728141,0.8426263268971189,0.021239427644745713,0.5896056962915626,0.5894592820227071,0.015991739518003884,1.4296014579643765,1.4321755073200044,0.016666984377705165,1.4295380115509033,1.4093657387353218,0.13247374021033234,-0.042514454086671524,-0.04251422608764746,0.00018715871648906064,-1.0655058559107105,-1.0655061792383729,0.00048632230199375533,0.0004254381411812678,0.0004254396839391296,5.981296000879786e-07
Track_10,68.972761716191,in-sample (trained on),0.8359978980277164,0.8278963166115492,0.015566788256009035,0.5895739677417801,0.5897923571797254,0.011575562483065143,1.4255718657694965,1.4217189818970721,0.012062010266827817,1.425555944442749,1.4187164677841855,0.12134230759258474,-0.04245068594103768,-0.04245316762626852,0.00018700063267417243,-1.0430625489843424,-1.0430609772655752,0.0004863080306846977,0.00044928874319227747,0.0004492891440398138,5.980532936618572e-07
Track_10,68.97623284350118,in-sample (trained on),0.8358392527853825,0.8251717723325972,0.01588641560499662,0.5896850195064013,0.5908336598510289,0.011754838932715858,1.4255242722917838,1.4206576407676752,0.012282081846238824,1.4215739965438843,1.4118973502710732,0.12200528263685897,-0.04237441124117121,-0.0423723067682477,0.0001870055746328569,-1.0271056115542647,-1.0271067569456258,0.0004863084144736725,0.00044984306359224763,0.0004498416972382769,5.980556204935717e-07
Track_10,69.73875866041597,in-sample (trained on),0.8711415095225213,0.8665044920668711,0.018311483638223602,0.5802658894468867,0.5809133710822822,0.012890480898805748,1.451407398969408,1.449444073260389,0.013875370816286021,1.4494479894638062,1.4463945166686758,0.13658547887307798,-0.04248409234853678,-0.04248382959983152,0.00018716012679552044,-1.3184853691065253,-1.3184845568162045,0.0004863223934858307,0.0007367325775486382,0.0007367316957914759,5.981301716914478e-07
Track_10,69.82035958710352,in-sample (trained on),0.8565900723535226,0.8514680888521384,0.02063447437844462,0.5844179929727578,0.5847016051392926,0.014409650750946955,1.4410080653262802,1.436728993329323,0.015519436671214778,1.4375020265579224,1.4231590272242378,0.13769502938472872,-0.04210869296284145,-0.04210909625716344,0.00018716052655626633,-1.2758757763257687,-1.2758747669279207,0.0004863223892416303,0.0006962674883331518,0.0006962664157113699,5.981302338850704e-07
Track_10,70.0968615132822,in-sample (trained on),0.818626226894409,0.813799328053192,0.021436791239447132,0.5910493712501222,0.5913069591465255,0.015890382228842745,1.4096755981445312,1.4058466032410186,0.016660290368408433,1.4096280336380005,1.3730901662692245,0.13377672842345475,-0.04086115028905241,-0.040861147944040055,0.00018715907146994178,-1.0705108093716171,-1.0705101545160918,0.00048632231112684637,0.000631468484984575,0.0006314677820392347,5.981297008863412e-07
Track_10,70.33523325676308,in-sample (trained on),0.776791428664766,0.7856425669828772,0.02140561399773071,0.5960467013704824,0.5950383169797154,0.014938100292816718,1.3728381300352483,1.3754611638196144,0.01614203429224348,1.3698079586029053,1.381206330055768,0.13962554151881482,-0.03886521082576804,-0.03886559871141415,0.0001871605877512377,-0.8135333481029802,-0.813533517319663,0.0004863224462697125,0.0006436781628903002,0.0006436780266400594,5.98130443030695e-07
Track_10,70.71189517291755,in-sample (trained on),0.7267705267406555,0.7348007468563756,0.018725530298490566,0.6034395767160621,0.603061672725336,0.014270053560778788,1.3302101034567175,1.3357037348713698,0.014714041506936476,1.3299880027770996,1.3340562199527004,0.12932870018582807,-0.0358207541337209,-0.03582094813712755,0.00018715742950187192,-0.4981189445145695,-0.4981196885825865,0.0004863221339717106,0.0005060013725037204,0.0005060020222712492,5.981287781726723e-07
Track_10,70.80128896812107,in-sample (trained on),0.7177753311941824,0.7226370225708246,0.020373980604932375,0.6042169388309419,0.6040592797848507,0.014919896386692277,1.321992270025124,1.3246203890910888,0.015713011366577427,1.3180420398712158,1.3031728620750842,0.13372425947905833,-0.035061828528098235,-0.035061849948266985,0.00018715895705081453,-0.4809698428615662,-0.4809700334190681,0.00048632227400351624,0.0004814415191295348,0.00048144128514121727,5.981295666206719e-07
Track_10,71.2951942995124,in-sample (trained on),0.7673996184689115,0.7754548247079787,0.02964052895265509,0.5886696870345993,0.5883985239275877,0.02076267246310708,1.356069305503511,1.3608066624104123,0.022296373138996444,1.3538800477981567,1.3547714610549,0.14054825525514614,-0.03441571956500411,-0.03441584273648614,0.00018716076312981874,-0.39845937932570796,-0.39845959628786964,0.00048632244900963906,0.0009359978863363005,0.0009359974698067431,5.981304944209403e-07
Track_10,71.4791388523155,in-sample (trained on),0.7970320673452483,0.7986445562336885,0.027521104414954194,0.5996386313012668,0.5978919936066566,0.01963127983010849,1.3966706986465152,1.3939391976296343,0.020915792916646175,1.3937000036239624,1.3491566301332902,0.1386175955864554,-0.035940592670265364,-0.03594042050514794,0.0001871604949036871,-0.433032499548641,-0.4330326537573876,0.00048632241878986024,0.0006342337794209369,0.0006342333504315773,5.981303478984355e-07
Track_10,71.85023391240313,in-sample (trained on),0.842502365193044,0.8400266483388199,0.019049800571768083,0.6046135481372773,0.6056704969131178,0.01480554463358787,1.4471159133303213,1.4469732847114138,0.015124586954324486,1.4454660415649414,1.4295504184057282,0.12887906450031408,-0.03777935935584741,-0.03777945854100824,0.00018715646091449473,-0.5709003781014358,-0.5709005637467455,0.00048632207809865967,0.0007549687966014274,0.0007549653014635613,5.981284583661059e-07
Track_10,71.97462870315707,in-sample (trained on),0.8385679594786518,0.8352562214237913,0.019776039323413007,0.614211595272163,0.6146796789316745,0.015196744611113155,1.4527795547508149,1.4520227281524762,0.01557846809864462,1.4494479894638062,1.4242739324464488,0.12973904746963533,-0.038065999902265016,-0.03806600894403592,0.00018715699644006456,-0.5895797740483019,-0.589580009483679,0.0004863220889777879,0.0005788181404874828,0.000578820342635493,5.981286020643358e-07
Track_10,72.33245396415823,in-sample (trained on),0.8418995076679139,0.8456845479743209,0.025231927458862186,0.6230005528109958,0.6211790929548485,0.018649157443377192,1.4649000604789095,1.4630031802634222,0.019598560978082137,1.46139395236969,1.4580263577821668,0.13615574764420632,-0.0391037929803133,-0.03910373469420575,0.00018715983019828626,-0.6812025233695874,-0.6812028094180929,0.0004863223950706903,0.0004518889905609709,0.00045189001218593335,5.981301155437337e-07
Track_10,72.59773643131604,in-sample (trained on),0.8203078038872235,0.8267840275893866,0.028429530104381623,0.6099096618237949,0.6087210309249,0.019942431256154892,1.4302174657110185,1.4300536718938481,0.021428265628959893,1.4295380115509033,1.420860200350722,0.1404771369170913,-0.038971298183343425,-0.03897147579114599,0.0001871607382767143,-0.7944672667346054,-0.7944674575262873,0.0004863224501109821,0.0005044389039608018,0.0005044389864678779,5.981304952799223e-07
Track_10,72.90154994043255,in-sample (trained on),0.8522590522272179,0.8656025333580251,0.02796055663238092,0.6063745145303795,0.6058033179845048,0.02058185782898982,1.4586335667575974,1.4644763782695995,0.02163180551230394,1.4534300565719604,1.4533212375538644,0.1372756750941029,-0.038489870194877894,-0.03848979725234475,0.00018716009608072987,-0.9143084049183894,-0.914308418702769,0.00048632240345164294,0.00043555876950568,0.000435558327761949,5.981302102135012e-07
Track_10,73.45245133074653,in-sample (trained on),0.8896993729935224,0.8962532719103354,0.01959173922625018,0.5988547233233888,0.5987503538420477,0.015877841025688493,1.4885540963169113,1.4931776484091248,0.015678232748978657,1.4733400344848633,1.485153733069633,0.1259055345017596,-0.03700574748441131,-0.037005783922663085,0.00018715349697315587,-1.0361411491760355,-1.0361404802124454,0.0004863216253655382,0.000427117738248884,0.0004271191291019734,5.981264872239868e-07
Track_10,73.51156035334648,in-sample (trained on),0.8978061529982138,0.893984987680524,0.019942768369157517,0.5969509792280387,0.5966107057898961,0.015501718179434456,1.4947571322262525,1.4905214295079439,0.015708922438545908,1.4932500123977661,1.4834673330442867,0.12749279622411627,-0.03662862486914912,-0.03662893983403079,0.00018715577814061774,-0.9846082763190186,-0.9846084699540415,0.00048632179529496504,0.0004930547436018086,0.0004930532496276553,5.981274979377239e-07
Track_10,73.62606701429662,in-sample (trained on),0.9166373644929483,0.9154146101376551,0.015933651239558633,0.5973793221897338,0.5970910931703056,0.013375685431365792,1.514016686682682,1.5132441881434895,0.013067550342508215,1.50519597530365,1.5079330163968774,0.12201232650438584,-0.03680572947542343,-0.03680529533417255,0.0001871498480790806,-0.896295146544599,-0.8962960288329742,0.0004863215917879493,0.00046435941705555314,0.00046436073170788854,5.981255927033243e-07
Track_10,73.73917388742814,in-sample (trained on),0.9107674841149395,0.8980920837865178,0.020066718568741197,0.5984105174522476,0.5990735399903958,0.015067003485758155,1.509178001567187,1.5023453138307925,0.01566579237173853,1.50519597530365,1.4596016006698687,0.13143883237702095,-0.03681090164463967,-0.03681098344715662,0.0001871579718242056,-0.9140431906643276,-0.9140429238302101,0.0004863221966408509,0.0004988767911992211,0.0004988772616063359,5.981291463299474e-07
Track_10,73.81532093707037,in-sample (trained on),0.8979806639996183,0.8925716548847091,0.01832736094991903,0.5952693379495249,0.5957138868250936,0.014338845975117177,1.493250001949143,1.4901881585288168,0.01458118940932841,1.485285997390747,1.472392708428803,0.127296889765494,-0.036676556064236546,-0.03667693855386327,0.0001871559075677253,-0.9489718920606931,-0.9489712650634387,0.00048632197964925387,0.000599850711412005,0.0005998488543403397,5.981280821636792e-07
Track_10,73.88111081102397,in-sample (trained on),0.8874148785830493,0.8757080859242681,0.017805266146888692,0.5978235291294842,0.5994408677230529,0.01413618759253611,1.4852384077125336,1.4798446999584989,0.014130911555743413,1.4733400344848633,1.467513507404071,0.12456265506162026,-0.036617359681986275,-0.036617185684680364,0.00018715028608143276,-0.9044839452220607,-0.9044826043551923,0.0004863213773479803,0.0005484419902440658,0.000548441156465807,5.981250010909291e-07
Track_10,73.97498395834239,in-sample (trained on),0.8868120258072932,0.8785470553790056,0.01781843829976052,0.6044390420039811,0.6040016730487028,0.014467297178049352,1.4912510678112745,1.4863165539470027,0.014261342651038093,1.485285997390747,1.4945983742198972,0.12402984880550573,-0.036548379977039025,-0.03654836174188171,0.0001871494940186142,-0.7755917325601938,-0.775593033972508,0.00048632128260540095,0.0005210790206157849,0.0005210803205915999,5.981245789964205e-07
Track_10,74.2019451898187,in-sample (trained on),0.8380285598842271,0.834711740166893,0.02170937449227733,0.610705536912637,0.6100404184401517,0.016292814527153303,1.448734096796864,1.445454547142514,0.016933833388588514,1.4454660415649414,1.3882291205628694,0.13191576340498032,-0.0363586603767342,-0.03635867056376163,0.00018715882223310556,-0.7405912528130875,-0.7405913350704623,0.0004863222539913002,0.00048441409733924063,0.0004844146193662618,5.981294686470204e-07
Track_10,74.73081918182748,in-sample (trained on),0.6937246856936421,0.7043582466717898,0.028420153161342165,0.6547930964910652,0.6530926425667414,0.019868661575176173,1.3485177821847072,1.352149244373892,0.021416734284519477,1.3459160327911377,1.3547855646328937,0.14111257612729303,-0.03339517606156213,-0.03339516326771792,0.0001871607589094805,-0.5130928842426247,-0.5130931308304115,0.00048632245953955265,0.0003982768336913796,0.000398277088735515,5.981305458772568e-07
Track_10,75.03393828403154,in-sample (trained on),0.6900123830335548,0.7021401980072014,0.026151297176634645,0.6600125299031991,0.6598264376764253,0.019604593339511915,1.3500249129367539,1.3565006658255954,0.020424773895233093,1.3459160327911377,1.3192542570077168,0.1353535734608151,-0.03320817482638192,-0.03320798073983232,0.0001871595024167645,-0.5728174529130906,-0.5728179483307949,0.00048632236189608495,0.00036906901878489153,0.0003690695285492085,5.981299483725144e-07
Track_10,75.24718509131455,in-sample (trained on),0.7011651555855436,0.7178609211219965,0.023771977438738906,0.6589654717312391,0.6574488131193215,0.018796254476403672,1.3601306273167826,1.3665915314907118,0.018979586955182808,1.3578619956970215,1.3595650914541926,0.12971555349676503,-0.032777322652998944,-0.03277717797506979,0.0001871570330170616,-0.6480969586469819,-0.6480972609564595,0.0004863220998031917,0.0003467953857970485,0.00034679638268841743,5.98128599966431e-07
Track_10,75.35074553881694,in-sample (trained on),0.7270084959102342,0.738746484829307,0.0160610645196343,0.6501289219020372,0.647285966202187,0.013952486901160313,1.3771374178122715,1.3830374349472525,0.012974891368400184,1.3737900257110596,1.3782948202679182,0.1163122891329786,-0.03314724368287013,-0.03314727238704389,0.00018711655220998868,-0.7524534200602888,-0.7524534316650195,0.0004863173883390148,0.0004263067379699864,0.00042630675329729357,5.981050665134328e-07
Track_10,75.38291233105917,in-sample (trained on),0.7367651894747973,0.7443898698750155,0.014659011058343748,0.6469242843498747,0.6453026033659428,0.011155165659104644,1.3836894738246721,1.3876744913551469,0.01133501959719086,1.3817540407180786,1.383496582089924,0.11496995541128902,-0.033283182903640456,-0.033285021025159164,0.00018697733964745915,-0.79275676865286,-0.7927605255244788,0.0004863034940971587,0.0004408978990873925,0.00044089675798223793,5.980318200543554e-07
Track_10,75.41773979679418,in-sample (trained on),0.7517730465448235,0.7447455164443352,0.015185679990032303,0.6438306995122082,0.6458605485209928,0.01169055322354884,1.3956037460570316,1.3900612538964465,0.011753691018682507,1.3937000036239624,1.3901799191919797,0.11554063380583673,-0.03357679096774922,-0.03357484183753917,0.00018701241548673875,-0.8541237607770676,-0.8541189372306747,0.00048630241017100435,0.0004434217957128742,0.0004434202698767192,5.980343239483696e-07
Track_10,75.42250733973171,in-sample (trained on),0.7534388237265477,0.747173927065359,0.016481615397271367,0.6436403248889513,0.6433624497880938,0.013205589069779112,1.397079148615499,1.3912301365264632,0.01299020666006195,1.3937000036239624,1.3857571716188928,0.11755164038739903,-0.033554257710744266,-0.03355466875207118,0.00018710226150597987,-0.8560135224086679,-0.8560145214742656,0.00048631509273479637,0.00043959442888561785,0.0004395964189809913,5.980945552075677e-07
Track_10,76.40399774858537,in-sample (trained on),0.7611648497353511,0.7620075680774134,0.027705160434484816,0.6279185651782975,0.6279139674791703,0.019303042330741177,1.3890834149136486,1.3906820681996743,0.020812505516292778,1.3857359886169434,1.3381804867633402,0.1408834765574133,-0.033603669647630806,-0.033603618669410446,0.00018716079689252136,-0.8232126639936325,-0.8232125515691975,0.00048632245346873513,0.0002907138447602057,0.00029071430200023794,5.981305225691153e-07
Track_10,76.62286437565578,in-sample (trained on),0.7503610946742661,0.7509855054958137,0.017621541312891613,0.6278392416072557,0.6257477475332083,0.012898793868540412,1.3782003362815218,1.376390024855975,0.013373905858149666,1.3737900257110596,1.373014420899132,0.11975159348376517,-0.03269140084839275,-0.032691667211656436,0.00018694787111952176,-0.9192981754032853,-0.9193023162544292,0.0004862773145231431,0.0002726780289472105,0.00027267477395799626,5.979346569115289e-07
Track_10,76.63337750004013,in-sample (trained on),0.7515826640850994,0.7515392899084375,0.017441118766414243,0.6269666918245445,0.6257301258438446,0.012574572537641408,1.378549355909644,1.3768564318434544,0.013186604154761106,1.3737900257110596,1.3719576169095284,0.11954940905916918,-0.032573701150841634,-0.03257354435671188,0.00018691825849394126,-0.9348960835403844,-0.9348948162734797,0.00048627262339151766,0.0002712623459448338,0.0002712720930940373,5.979117993624031e-07
Track_10,76.74129939172057,in-sample (trained on),0.7574684102221789,0.7590170723818798,0.01891153727242779,0.619875241560765,0.622832676760327,0.015326084919993866,1.3773436517829438,1.3824691669714275,0.014746296215528592,1.3737900257110596,1.3789905418423352,0.12095940544996495,-0.0318679994068526,-0.03186802827853928,0.00018714812161764157,-1.0787650949325631,-1.0787617930164264,0.00048631997777766805,0.00035740343983535684,0.00035739717745577064,5.981191515897511e-07
Track_10,76.97114276834387,in-sample (trained on),0.751677854840024,0.7570555984656968,0.02501556465151038,0.6196690026032498,0.6198962370728854,0.0182912047272419,1.3713468574432737,1.3762250632767046,0.019253836879373747,1.3658260107040405,1.3643865635786454,0.13614858332372096,-0.029918456367929194,-0.02991843082212865,0.0001871596484882861,-0.8717513418146983,-0.8717510444535944,0.0004863223617617748,0.0004584778798770774,0.00045847781760708457,5.981299365449838e-07
Track_10,77.01794023687245,in-sample (trained on),0.7590292458023343,0.7582411919091314,0.020630285632817057,0.6224719264677593,0.6224780464120853,0.016119165621195752,1.3815011722700936,1.380307665192712,0.01624827514234384,1.3777719736099243,1.3701915180215103,0.12658527256253155,-0.02988610527245328,-0.029886066681628378,0.00018714613299007177,-0.7552689938125539,-0.7552689268875671,0.0004863214205690715,0.00042316968312301506,0.000423169428047605,5.981243301699824e-07
Track_10,77.03660349230904,in-sample (trained on),0.7601019281790076,0.7608189009679708,0.020109562999261903,0.6236351372236275,0.6234634353687548,0.015895841101776685,1.383737065402635,1.3841304099815972,0.015871428301684025,1.3777719736099243,1.3751959799698024,0.12538669035994138,-0.029656679660547525,-0.029656741546355534,0.00018714509845455657,-0.7098653986916124,-0.7098655081071571,0.00048632130919886856,0.0004040273685135237,0.00040402763140265016,5.981236648152099e-07
Track_10,77.07513782862578,in-sample (trained on),0.7705090670471647,0.7705273210883538,0.027121231476406476,0.6242538540961733,0.6243179024654787,0.01910538736988707,1.394762921143338,1.3944724606917451,0.020424379160828857,1.3897180557250977,1.3691548605283401,0.13869215795510673,-0.02986340740121397,-0.029863382869311877,0.00018716020604434615,-0.657976079062625,-0.6579761105253003,0.0004863223697129355,0.00038014816270910044,0.0003801482649799263,5.981301082423829e-07
Track_10,77.38363078878379,in-sample (trained on),0.8238139273635895,0.8210778738431536,0.021029185593438596,0.6251581325474014,0.6248731658454387,0.01484164725516161,1.4489720599109908,1.4462949402536276,0.015922085658635683,1.4454660415649414,1.4367264121700303,0.13751585057585555,-0.031025932674280932,-0.031026011153632824,0.00018716029373383605,-0.6111070367071971,-0.611107231486131,0.0004863223996640971,0.00044491928439685264,0.00044491931440658063,5.981301998726757e-07
Track_10,77.47892447098633,in-sample (trained on),0.8208472579123964,0.8182343524886917,0.021071182366056696,0.6269349617312154,0.6269128637802083,0.014751037585359719,1.4477822196436119,1.4459102972342939,0.01589808912383506,1.4454660415649414,1.427051021872483,0.13861853614111044,-0.031209265834890133,-0.03120915476037173,0.00018716043511546722,-0.6055425616618362,-0.605542919948491,0.0004863224171781387,0.00041751862658068195,0.0004175188777876894,5.981302942616088e-07
Track_10,77.744554045077,in-sample (trained on),0.7862942878943515,0.780564709838614,0.01608101864831069,0.6264272961483534,0.6270401193254996,0.01210096841842517,1.412721584042705,1.4098458961320406,0.012488278748785612,1.4016640186309814,1.3817571658954229,0.12893984621630777,-0.030234402130273254,-0.03023452255082326,0.0001871563626721157,-0.5169376698390746,-0.5169375992947431,0.0004863217888212083,0.00042942642249407174,0.00042942574217632375,5.981274438876674e-07
Track_10,77.77330795941086,in-sample (trained on),0.7820267249863461,0.7856509820972369,0.016666383864033137,0.6270301489241095,0.6263701022796547,0.012283428475500771,1.4090568739104556,1.4104158301211212,0.012791129472939764,1.4016640186309814,1.3785428860440543,0.13061823335482758,-0.030279250928398335,-0.030279076734208387,0.00018715727264310888,-0.5049133368387339,-0.5049135333480133,0.00048632181949768126,0.0004233392321443601,0.0004233397856081034,5.981277864083428e-07
Track_10,78.13349127447047,in-sample (trained on),0.7451575324829831,0.7481082017020153,0.019280027546110752,0.630123735424057,0.6302109531978451,0.013451787750924125,1.37528126790704,1.3773836603981788,0.014537662730095696,1.3737900257110596,1.359222338323076,0.1385566106420117,-0.028854371470620307,-0.02885430419308482,0.00018716045199684887,-0.4839048570592961,-0.48390517829275975,0.0004863224261500555,0.00036375434457562177,0.0003637547765150786,5.981303485757099e-07
Track_10,78.30484564109503,in-sample (trained on),0.73211688064484,0.7318963981314702,0.017628235827800286,0.6353748970297703,0.6352599388549716,0.012366597915158244,1.3674917776746105,1.3673993170244356,0.013334792844342688,1.3658260107040405,1.2787948930279638,0.1371648721336747,-0.027966405661990407,-0.02796639930054917,0.0001871601014734034,-0.4548640445022927,-0.4548642169431613,0.00048632239904627044,0.00035249146348329024,0.00035249154171550006,5.981301836676439e-07
Track_10,78.5435949519809,in-sample (trained on),0.7319582349275687,0.734174699784339,0.018665143512459573,0.6458296315128584,0.6458373680663106,0.01325134660458468,1.3777878664404273,1.3798385152628225,0.014207550675909003,0.6610119938850403,0.8339696205285707,0.1359490292143438,-0.02651833614590996,-0.026518232232499106,0.00018715997181473182,-0.4574511603823009,-0.45745160530260787,0.0004863223845407754,0.0003719878312600959,0.00037198806335032517,5.98130106689607e-07
Track_10,79.51042802138586,in-sample (trained on),0.875692366962395,0.8739662264858503,0.024969690755810514,0.6142235006841402,0.6140912394270912,0.018029628880129316,1.4899158676465352,1.4885086884427055,0.019019541408730377,1.4892679452896118,1.481413582794103,0.135749249380419,-0.02524115615388722,-0.025241146526763927,0.0001871600137838234,-0.7676457840361975,-0.7676456179010119,0.0004863223057275779,0.0009973228240608128,0.0009973220487042283,5.981298895982743e-07
Track_10,79.5521999853093,in-sample (trained on),0.8644906143505735,0.8586037390047605,0.026146811305224962,0.6173845112798698,0.6175553770516915,0.019494477599703366,1.4818751256304432,1.4783678335596937,0.02025358901129599,1.4813040494918823,1.4764173721682927,0.1348799597568748,-0.024924625095036162,-0.02492464674112632,0.00018715974250857917,-0.7106116089062023,-0.7106117129957417,0.0004863223011878943,0.0009066841883576872,0.0009066843434625666,5.981298140077873e-07
Track_10,79.88972920344219,in-sample (trained on),0.7899748603423753,0.7957297859142393,0.029307097334775243,0.6181777370166018,0.6175310346539943,0.020872795121812563,1.4081525973589772,1.4085021879770399,0.02225985770951674,1.4056459665298462,1.3762239036534343,0.13953984404246225,-0.021603417729160617,-0.021603545558236806,0.0001871605664150622,-0.6875496729607918,-0.6875496174784542,0.00048632244100475563,0.0010144797400863277,0.0010144786074195399,5.981304193756529e-07
Track_10,80.052283175626,in-sample (trained on),0.8035423187982469,0.8075169230451735,0.031085505172582326,0.6088193560403491,0.6090327091539125,0.021786223086309075,1.4123616748385959,1.414543041669111,0.023417477549996384,1.4096280336380005,1.417680196114148,0.1411790689888444,-0.021060047800876672,-0.021060126392386587,0.00018716077743207544,-1.0897755739819837,-1.089775090895183,0.000486322459969345,0.001081593747812712,0.0010815930447945874,5.981305438454345e-07
Track_10,80.24709164640494,in-sample (trained on),0.8119645638480073,0.8162591788382081,0.028538652868303035,0.6012029908597469,0.6036327402628292,0.021326745330077623,1.4131675547077542,1.4210460871456583,0.0222021499936756,1.4096280336380005,1.4286069085097999,0.1362094803168431,-0.019862403242003838,-0.019862475775461862,0.00018715998048990793,-1.1860765077035922,-1.1860759699606078,0.0004863223772343036,0.0010304085269089523,0.001030405795923315,5.981301022295059e-07
Track_10,80.47424665508866,in-sample (trained on),0.8090096663033205,0.8206838076920204,0.025622417985040898,0.6256006418594292,0.6233867992389406,0.019243067794497002,1.4346103081627497,1.437991597372001,0.01999296314361826,1.433519959449768,1.4138559657273089,0.134529003007895,-0.019432238654957877,-0.01943215408677773,0.0001871595990162426,-0.9319509549325243,-0.9319512338367256,0.000486322337908292,0.0006033870861007046,0.0006033883084792845,5.981298954790024e-07
Track_10,80.60869770813468,in-sample (trained on),0.8476583342034504,0.8503209395169711,0.022394216209103462,0.6180825488144658,0.6179819493526085,0.016491295817062778,1.4657408830179162,1.4670326201403716,0.01733712298227451,1.4653760194778442,1.470554525863685,0.13413452574690046,-0.020101344936660357,-0.02010126611138316,0.00018715957299065997,-1.0564248669158571,-1.0564246789505332,0.0004863223420450447,0.0007048311501499841,0.0007048309264544486,5.981298926377518e-07
Track_10,81.47859740604369,in-sample (trained on),0.8559872175592825,0.85038933833792,0.02281182453246407,0.6180349571771355,0.6165869266194919,0.01757583191463058,1.4740221747364182,1.4687467780320715,0.017671321198042943,1.4733400344848633,1.4720932041394335,0.12645950228158176,-0.020332036609096188,-0.020332359670760525,0.00018715130675424252,-0.9863309470890076,-0.9863309036210454,0.0004863207984965886,0.0007097868780524532,0.0007097849427131518,5.981233383982775e-07
Track_10,81.50151954511091,in-sample (trained on),0.8564776326455767,0.8453441928079493,0.023214011707708003,0.6178262628733165,0.6210969649719321,0.01769632828857068,1.4743038955188932,1.4712383824794024,0.017868380952706257,1.4733400344848633,1.471341381302208,0.1268850315225904,-0.020180860941763967,-0.02018064091749081,0.0001871517217746753,-0.9916147046451242,-0.9916144645860687,0.00048632081657479226,0.0007010860762446537,0.0007010880365167111,5.98123495065212e-07
Track_10,81.69608788215976,in-sample (trained on),0.8590332118875952,0.8609413359245042,0.03109290116686472,0.6176383422902856,0.6154264345420384,0.02152315036852252,1.4766715541778808,1.471471138391278,0.023233054690000258,1.4733400344848633,1.4452972866008658,0.14163886348520555,-0.01948798630751439,-0.01948834499479518,0.00018716091295176517,-1.0582176612006395,-1.0582173567273403,0.0004863224626018234,0.0007212120722132458,0.00072121186539382,5.981305773952808e-07
Track_10,81.81496813710206,in-sample (trained on),0.8549877536961756,0.853423606066723,0.024371479549979456,0.6164643661196963,0.6168639936297312,0.019039108715819594,1.471452119815872,1.4694967446047031,0.019106577925627505,1.469357967376709,1.440724026497465,0.129136890439362,-0.01883281718920728,-0.018832660408255434,0.00018715593031124765,-1.1282546478734816,-1.1282542563303046,0.00048632181716068206,0.0007844568189507506,0.0007844547769949352,5.981275677633855e-07
Track_10,81.87031057161158,in-sample (trained on),0.8493082496037047,0.8543029939940073,0.02443383920555062,0.6174638308139436,0.6168053002716583,0.01893062926853272,1.4667720804176483,1.4697013098476255,0.019090975725066853,1.4653760194778442,1.4497928757265306,0.12936633323698532,-0.018492147656312834,-0.0184922243978361,0.00018715614250583318,-1.122042058375327,-1.1220421377576466,0.0004863218265892649,0.0007216077100484736,0.0007216092379037599,5.981276477482001e-07
Track_10,82.00365899970254,in-sample (trained on),0.8455800847465773,0.8495030011511521,0.029890907257239443,0.6215251528646841,0.6198874949812005,0.021183892489939366,1.4671052376112614,1.466246740325626,0.02262257485337197,1.4653760194778442,1.4563754382959437,0.13966958828281023,-0.018190438608809183,-0.018190631908251098,0.00018716065996596742,-1.062639288077359,-1.062639064103898,0.000486322438264829,0.0007815770456300378,0.0007815764842565319,5.981304392478706e-07
Track_10,82.70322923289828,in-sample (trained on),0.6882514186589367,0.6909657768118811,0.018185190115923965,0.687949988709028,0.6870018214685846,0.01364238594423321,1.3762014073679647,1.3759460853072834,0.014122291818663509,0.7008320093154907,0.7673483664213187,0.1303436369484128,-0.013982666282793559,-0.013982733340316696,0.00018715693969881145,-0.5621926504095066,-0.5621929657284899,0.00048632196304850624,0.0004140200890426596,0.00041401927864942456,5.981282443136609e-07
Track_10,82.73485729266037,in-sample (trained on),0.6853164776387918,0.6895101190649733,0.01732124407162603,0.6897585467988276,0.6896125381888035,0.013164225890494177,1.3750750244376193,1.3773531937281156,0.013555205045455168,0.7008320093154907,0.8121567001730061,0.12875962993445747,-0.014170890044141023,-0.01417076538738463,0.0001871561307823817,-0.600379489280829,-0.6003796022182462,0.00048632192450146064,0.000367648802404861,0.0003676501371132205,5.981279249032639e-07
Track_10,83.23167357887515,in-sample (trained on),0.7364637628494506,0.7375468442456179,0.02429970413366334,0.6638517488996346,0.6633789957265362,0.016806573577579274,1.4003155117490853,1.4001474877579625,0.018206281165069064,0.6649940013885498,0.7616899742667751,0.14105298710014613,-0.011389540733989352,-0.011389555507669619,0.00018716082620041802,-0.6637681975898907,-0.6637683108640461,0.00048632245443576807,0.00035423014339793944,0.00035423021882236374,5.981305325465197e-07
Track_10,84.14339930534831,in-sample (trained on),0.7697317094441904,0.7694851348905677,0.026141404776433716,0.6615513893237627,0.6609194342578499,0.017915835741420024,1.431283098767953,1.4296585716451689,0.019489298368804805,1.4295380115509033,1.4154506637604727,0.14254882335679642,-0.010067526010537384,-0.010067450163748805,0.0001871609748499991,-0.5129557620734144,-0.5129559033630979,0.00048632246886067497,0.00034013149578614605,0.0003401316906331887,5.98130629429751e-07
Track_10,84.62098589562554,in-sample (trained on),0.7675741307763939,0.7686107963883364,0.0268972078830326,0.6550945209791936,0.6541271726016932,0.019003798962373045,1.4226686517555875,1.4195816774162384,0.02034750075971731,1.4215739965438843,1.4141030065027362,0.13931941925950472,-0.0077088154994400465,-0.007708804934556099,0.00018716059712977557,-0.7420005937374888,-0.742000453862134,0.00048632243340280244,0.0003987906082235557,0.0003987907030063967,5.981304009075398e-07
Track_10,84.79911796339832,in-sample (trained on),0.8080921714524348,0.8065193743756308,0.0275249368281058,0.6515091353678608,0.6504426595945175,0.019905007811235755,1.4596013068202958,1.4544398029581043,0.02108298161543622,1.4574120044708252,1.4114999324737023,0.13795473527695515,-0.00794231721587228,-0.007942235905634873,0.00018716033804749312,-1.0463867033625607,-1.0463861064703561,0.0004863224183869299,0.0004793548997410184,0.00047935511120518633,5.981302953188176e-07
Track_10,85.24841123772472,in-sample (trained on),0.8856539165831182,0.884989629071791,0.018352364057421765,0.6323130401482145,0.6312277467311402,0.01411260016689482,1.5179669567313328,1.5148051460640586,0.014391869143620867,1.5091780424118042,1.4705288004703185,0.12694002621643505,-0.007769995164779718,-0.00776996018477478,0.0001871573877666683,-1.3173190693899224,-1.3173186632411158,0.000486321900486784,0.0006457294392164548,0.0006457302633219542,5.981281033409714e-07
Track_10,85.29285141459488,in-sample (trained on),0.8873038287181778,0.8867284435746351,0.01673392494139055,0.6304568892931083,0.6300485812521462,0.012763946983383095,1.5177607180112862,1.516872776286093,0.012963292193990021,1.5091780424118042,1.4823515188147962,0.1252745285415589,-0.007736605012641204,-0.007736322454120065,0.00018714658178724513,-1.3226036999854258,-1.322603155910876,0.00048632061956800144,0.0006395084407391864,0.0006395109939318186,5.981217109362985e-07
Track_10,85.31998070246502,in-sample (trained on),0.8907464350837161,0.888553585644853,0.013730885167113542,0.6281248015236569,0.6291503990621421,0.011163509296238727,1.5188712366073729,1.5183472616189828,0.010893762650762726,1.5091780424118042,1.4854698734721377,0.11986730063821423,-0.007664427550583236,-0.0076647655979937505,0.00018713377892116316,-1.3194753934940717,-1.3194758026141493,0.0004863194316696229,0.0006823090580797157,0.0006823050542234585,5.98115033356613e-07
Track_10,85.3726406612347,in-sample (trained on),0.8949822683733298,0.8942092350341433,0.01727522168022634,0.6275219487479009,0.6276484812463101,0.013082282189516316,1.5225042171212306,1.522824721487062,0.013571407134951101,1.5091780424118042,1.5004436391073264,0.12854285163669854,-0.00750999097470884,-0.0075099899765351565,0.00018715621331546456,-1.301366347643403,-1.3013662756954414,0.00048632209193261275,0.000670317516536193,0.0006703175386985548,5.981284153507882e-07
Track_10,85.46654208128368,in-sample (trained on),0.8982503658746818,0.8974326607504522,0.017962967715323977,0.6315832696112978,0.6319734160307723,0.01274997794781691,1.5298336354859796,1.5300852074096274,0.0136858922081631,1.5251059532165527,1.5392806425181762,0.13632335144984967,-0.007215948484061077,-0.007215824039787825,0.00018715966982456623,-1.250428950912211,-1.250428663747168,0.0004863223864748414,0.000590443299799171,0.0005904434717756962,5.981300590160796e-07
Track_10,85.62023766259338,in-sample (trained on),0.8761986510687141,0.8692645130444551,0.01931481863824319,0.6354542179886563,0.6371317787386934,0.013360308456635857,1.5116528690573703,1.5090788668154067,0.014475913392857653,1.5091780424118042,1.4809282930710244,0.1392077214907047,-0.0072252007336048455,-0.007224872822573778,0.00018716070545185434,-1.33539731747622,-1.3353962840532083,0.00048632243136128846,0.0005352922994375491,0.0005352924652116337,5.981303935235981e-07
Track_10,85.98763128396027,in-sample (trained on),0.8330312311886792,0.8317893382098502,0.014633349769804765,0.6500813253372314,0.6502885337528899,0.010582985740293342,1.4831125565259105,1.482438496730361,0.011175167574641067,1.4813040494918823,1.4740415521690458,0.12239534580850478,-0.004958917579788249,-0.004959044235728507,0.00018689253067440096,-1.2577585027740363,-1.2577583216418535,0.00048629156712311195,0.0003525364992381984,0.0003525325425421202,5.979773185356199e-07
Track_10,85.99256926969366,in-sample (trained on),0.8320634944505425,0.8316840665877557,0.014207994005278371,0.6502399705795653,0.6502532885962408,0.010251490673402355,1.482303465030108,1.4821192604297186,0.010840119007707545,1.4813040494918823,1.4755385181867138,0.12170261180197144,-0.0049341907653433735,-0.00493395049310965,0.00018686985703605382,-1.2589620736241653,-1.2589619617657177,0.00048628944222423997,0.0003560600536720692,0.00035606527807596224,5.979656574491398e-07
Track_10,86.15162296128617,in-sample (trained on),0.821212148286432,0.8214677136473474,0.018447880240172326,0.6489073489291735,0.6491174176942797,0.013850677038222882,1.4701194972156053,1.4713581928261428,0.014415742029963017,1.469357967376709,1.454206864114882,0.12983180863710608,-0.003222501404029862,-0.003222490823859076,0.00018715768389883892,-1.2313068322571,-1.2313066603991687,0.00048632211669941713,0.0004937017824359331,0.0004937007764465448,5.981288253837718e-07
Track_10,86.483777683325,in-sample (trained on),0.806965788997027,0.800916632837027,0.023137271306681813,0.6562367696686094,0.6557737668136365,0.01618222541460213,1.4632025586656365,1.4588352443269397,0.01745706214156758,1.46139395236969,1.4218517165187567,0.13985482292209198,0.00040785154576723705,0.00040786839332472785,0.00018716061307328896,-0.99476967205368,-0.9947693462006373,0.00048632244468485304,0.00040456684151909494,0.0004045674189797796,5.981304500181828e-07
Track_10,86.4918966931923,in-sample (trained on),0.8051413670479064,0.8045994041912219,0.02254514432670034,0.6559036141372772,0.65475572566641,0.016004603504440214,1.4610449811851836,1.458092333009657,0.017147494720121788,1.4574120044708252,1.438544631389968,0.13792770571680582,0.0006583685588893445,0.0006583470506323127,0.00018716029490615515,-0.9777640067344511,-0.9777638679992222,0.0004863224168826564,0.00041146194834385555,0.000411463053038849,5.981302928244656e-07
Track_10,86.81638263143446,in-sample (trained on),0.80415776348209,0.7907169000402189,0.024095689890975925,0.6587592324175208,0.6601308343920942,0.01669023690093346,1.4629169958996109,1.4569477855681188,0.018081617771453052,1.46139395236969,1.4360377843657361,0.14113315572812354,0.0030052232124394744,0.0030055368403306645,0.00018716079103094148,-0.8535120055259309,-0.8535116964937117,0.00048632245910976027,0.0003669673314574588,0.0003669681910563534,5.981305451173883e-07
Track_10,86.96095656677326,in-sample (trained on),0.8235945326704828,0.820742136683695,0.024891883637782823,0.6475490451095596,0.6488850218290995,0.017581535084393793,1.4711435777800423,1.473257803776809,0.018857625895710783,1.469357967376709,1.4618297428436213,0.13920070815844507,0.0033589587283287463,0.003359173115646776,0.00018716054062407759,-1.1041655854814512,-1.1041651952820153,0.00048632243458473156,0.0006861753572941416,0.0006861755005618007,5.981303945642879e-07
Track_10,87.04712210358875,in-sample (trained on),0.8300328284383295,0.8368826798814296,0.02456361932510276,0.643053337278594,0.6429273635611391,0.017607663166596853,1.4730861657169236,1.4774916812079044,0.018781809237644033,1.469357967376709,1.4873434817748734,0.1381102363870855,0.003810007880523401,0.00381003146754069,0.00018716028740331275,-1.092301549108309,-1.0923013800427084,0.00048632242375933515,0.0007903210695992444,0.000790319976144699,5.98130314232944e-07
Track_10,87.67131333157414,in-sample (trained on),0.9057860127483232,0.9064646978031194,0.023331859815245572,0.6320433445660717,0.631831395866419,0.01628609491274733,1.5378293573143949,1.535731055311341,0.017539045922567685,1.537052035331726,1.522379533034359,0.13908802640733062,0.0031723677896801105,0.0031725347553032924,0.00018716066559308807,-1.2402256194930161,-1.2402251961526432,0.00048632242676788207,0.0009520133804487251,0.0009520122981670834,5.981303790860923e-07
Track_10,88.47485592254353,in-sample (trained on),0.7972249547798795,0.8077588024440624,0.016415312262203764,0.6648512176308499,0.662679641252434,0.01223169336517054,1.4620761724107294,1.4668063974342185,0.01258885544857673,1.46139395236969,1.4522441397385686,0.12583021263947214,0.006805417147064228,0.006805626534661569,0.00018713581199948022,-0.6704328996989335,-0.6704334624195288,0.00048631913830754183,0.0005071756629513275,0.0005071768938063678,5.981152128058441e-07
Track_10,88.52786988863912,in-sample (trained on),0.8074417204495921,0.8026884762363753,0.016460531500642576,0.6633440864038658,0.6653246164273404,0.012659299028623356,1.4707858068534578,1.468588458487661,0.012762231308458029,1.469357967376709,1.4655012595769676,0.12537191008383883,0.006923695889002245,0.006923610178702459,0.0001871346770426819,-0.7049077594183821,-0.7049074595889572,0.00048631910685189563,0.0005280961869746433,0.0005280946869685453,5.981148242221194e-07
Track_10,88.95868873719425,in-sample (trained on),0.7761092544551864,0.7797925172280733,0.02521015016977491,0.6753852716480119,0.6754378360491917,0.01754064447375233,1.4514945261031984,1.453390373503904,0.018952125752912212,1.4494479894638062,1.4544299885903749,0.14073088852791785,0.011147808907492682,0.011147957529633185,0.00018716076617784075,-0.8432271887040811,-0.8432272941327211,0.0004863224540596997,0.00048473933222162877,0.0004847396247038344,5.981305179603473e-07
Track_10,89.492940740975,in-sample (trained on),0.8552574554821885,0.8480866424658995,0.031104914927721817,0.6675640511738352,0.6676314701286437,0.021962555202455984,1.5228215066560236,1.519000367422337,0.02349623238100759,1.521124005317688,1.5115341662736383,0.14041701463762601,0.01555796915010826,0.015557958742063631,0.00018716072819479363,-1.3192622503171583,-1.3192617488828744,0.00048632244833808847,0.0007202990525253363,0.0007202988712710139,5.981304882593972e-07
Track_10,89.62692541566025,in-sample (trained on),0.8558761725922029,0.8316918021802087,0.029115299625975304,0.662884011300674,0.6637220302463855,0.020880230491689803,1.518760183892877,1.5061683816496076,0.022225873886058112,1.5171420574188232,1.4667764070499052,0.13931082441322867,0.016432629048562887,0.016432685848259534,0.00018716045152792162,-1.3047053449611572,-1.3047045445919543,0.000486322438211105,0.0006353809962343815,0.0006353804607569604,5.981303921690495e-07
Track_10,90.13671246359797,in-sample (trained on),0.7901176444859619,0.7938541976108938,0.0347131970482019,0.6648512168887601,0.6643623001656984,0.024239907148370324,1.454968861374722,1.4562155938948609,0.02605346338487733,1.4534300565719604,1.4318187937285345,0.14175682026408817,0.020183820905952367,0.020183785118340847,0.0001871608733275062,-0.9638324019924763,-0.9638321744455168,0.00048632246458961317,0.0004960434359211668,0.0004960433190257207,5.981305842175783e-07
Track_10,90.53530511124393,in-sample (trained on),0.7273892456316853,0.746675452109413,0.02568987784695674,0.6758929398430296,0.6734895835686335,0.01821458438295393,1.4032821854747148,1.4134872707403554,0.019419634700083326,1.4016640186309814,1.421710072424357,0.1380759380430308,0.024138603874139096,0.024138427324382046,0.00018716056102240208,-0.6804422352481798,-0.6804429290586637,0.00048632239982526927,0.0004341531080418849,0.0004341529783747764,5.981302653370354e-07
Track_10,90.64340972184493,in-sample (trained on),0.7351628698675756,0.7708164693340223,0.01971134907768844,0.6755121908339846,0.6747949642796454,0.016309915560925,1.4106750607015601,1.4372777825727172,0.015901024456774493,1.4096280336380005,1.4368487439703332,0.12558958665713724,0.024672356672095556,0.024671897822154343,0.00018715443157755652,-0.8099322415364628,-0.8099343906897151,0.0004863217214511541,0.0004361034408713632,0.00043610115765876093,5.98126777066169e-07
Track_10,91.02565985530788,in-sample (trained on),0.7901493745496073,0.7803033098942046,0.017744622971000896,0.6746396393889925,0.6751758571204826,0.013921832982893522,1.4647890139386,1.4572350488767674,0.014025702309182242,1.46139395236969,1.4121561162653675,0.12424717550447172,0.024671966779478798,0.024672138702877027,0.00018715171755413315,-1.1518394714692182,-1.1518378561974183,0.00048632150647400077,0.0003369984671451902,0.0003370004535079784,5.981252849209059e-07
Track_10,91.07975856466248,in-sample (trained on),0.8010165855229139,0.8005363059225963,0.01501927218754126,0.6746237745797966,0.6744087224976815,0.010977130753520201,1.4756403601027106,1.4752264659200232,0.011483816313464458,1.469357967376709,1.4338025388997524,0.12128288633214085,0.024543548194425446,0.024543619542701137,0.00018702259992424742,-1.1812448210813395,-1.1812467349210474,0.00048630976043240317,0.0003538212628046791,0.0003538180668160611,5.980572907593339e-07
Track_10,91.08424910180514,in-sample (trained on),0.8021905619309718,0.80182194692612,0.016766948228457566,0.6745603162928882,0.6736471336449755,0.012189214990064508,1.4767508782238599,1.4751595917180926,0.012775130066598066,1.469357967376709,1.4285004551410012,0.12424853002448044,0.024573444660220826,0.02457326920545182,0.0001870589077974131,-1.1795531716151506,-1.1795513597631575,0.0004863123101550484,0.0003540608016770321,0.0003540632728119068,5.980744526433064e-07
Track_10,91.25909700023931,in-sample (trained on),0.8226240942202716,0.8079578463867734,0.02057566417092664,0.671672967088175,0.6715660250025844,0.01511964254885118,1.4942970613084465,1.4823953564238415,0.015791941785718463,1.4892679452896118,1.478540753907208,0.1311281361231242,0.02462090794451353,0.024621165337378036,0.0001871584649070906,-1.1560825211374346,-1.1560811550147958,0.0004863220898373733,0.00038357007578592714,0.0003835712989421694,5.981288922854284e-07
Track_10,91.34754794853089,in-sample (trained on),0.8292872005724812,0.8160727981377391,0.021854439402558216,0.6691029116926915,0.6708434462616206,0.015261142907957327,1.4983901122651726,1.4925661619634385,0.016429392895914274,1.4972319602966309,1.4697922116755946,0.13827826693186285,0.024870721302846427,0.024870934071081593,0.00018716057954501665,-1.190731910715396,-1.1907309733531743,0.0004863224050365025,0.0004205505263886577,0.00042055119867499287,5.981302806335261e-07
Track_10,91.43573936430136,in-sample (trained on),0.8428989769928009,0.8406582859401512,0.022155692156050732,0.6662472940061197,0.6662221192060923,0.015561002643597532,1.5091462709989205,1.5081259391260675,0.016740362295396966,1.50519597530365,1.4966846563365976,0.13864385881408348,0.025306982541371724,0.025306966445331237,0.00018716045527933958,-1.191666053568892,-1.191665739030238,0.0004863224127996283,0.00045737841188983185,0.000457378468875018,5.981303223271987e-07
Track_10,91.52709614303498,in-sample (trained on),0.8633959666191344,0.8572466812012306,0.022370541227003594,0.66454978791841,0.6644576893609202,0.016013838699677214,1.5279457545375443,1.5237678547581097,0.017078935211561102,1.5251059532165527,1.510911710836989,0.13685840126987828,0.02562597531825304,0.02562589789488744,0.00018716012187177574,-1.1619282099565902,-1.1619280593400716,0.0004863223920084192,0.0005576181972340151,0.0005576173672063302,5.981301721539768e-07
Track_10,92.45976473214063,in-sample (trained on),0.8310164353287077,0.8272256771938887,0.023190640747816255,0.6862207525279892,0.6857225443760291,0.01620841002437117,1.517237187856697,1.5127307390687972,0.017493642899761182,1.5171420574188232,1.495189688193321,0.1399724385974989,0.03061617177567984,0.030616175386750287,0.00018716061846594758,-0.7024776822238167,-0.7024778834653598,0.0004863224481231923,0.0004027679860787076,0.0004027687934834392,5.981304626386098e-07
Track_10,93.30638508968926,in-sample (trained on),0.805093773332725,0.806588509482455,0.023945005699631945,0.6927410805842791,0.6907414319196719,0.017514672622632694,1.497834853917004,1.4939942955668406,0.018421470634959802,1.4972319602966309,1.454917239575881,0.13520754485209724,0.03568130004618849,0.03568124842451657,0.0001871597962009448,-0.9795590678833481,-0.9795587229784879,0.0004863223260621362,0.000525008465502807,0.0005250092001979385,5.981299052581906e-07
Track_10,93.55206537326731,in-sample (trained on),0.8287319418681095,0.7973395853359087,0.023445543989845472,0.6935025777712286,0.6961717188140981,0.01743029712635662,1.522234519639338,1.5061209398794668,0.01819446411683023,1.521124005317688,1.485239882043664,0.1340487222824284,0.03766146312130893,0.037661495716726265,0.0001871595190637655,-0.881148027040833,-0.8811479071073833,0.00048632230935395226,0.0005247290005594039,0.0005247304890149128,5.981297767907018e-07
Track_10,93.60612242402468,in-sample (trained on),0.8269551131592329,0.8110176497314424,0.025829011658209347,0.6938674622085464,0.6956917471237007,0.018065490245356714,1.5208225753677793,1.5141551053450526,0.019457484538066255,1.5091780424118042,1.482682702001544,0.14009024882838186,0.03837317262365613,0.038373109438983144,0.00018716070052812484,-0.8023572484918989,-0.8023572558523016,0.0004863224459742303,0.0005351383826644096,0.00053513847306535,5.981304632498084e-07
Track_10,94.134882607068,in-sample (trained on),0.8504822323046832,0.8495749127410039,0.020677310129013093,0.6932646095515247,0.6928278350899836,0.014497232578089055,1.543746841856208,1.5419687864882208,0.015627730245744716,1.5410339832305908,1.530016673818549,0.138540625216964,0.0423256725900703,0.04232559549080035,0.00018716045879629383,-0.7212311155223451,-0.7212312135186506,0.00048632242714395044,0.00039019368787298513,0.00039019424691204925,5.98130349583362e-07
Track_10,94.31409416107951,in-sample (trained on),0.7998108830584948,0.7737186806131654,0.02774742427913518,0.7074633746508108,0.7079965239981887,0.01929184505515664,1.5072742577093057,1.489564336304394,0.020826105965428658,1.50519597530365,1.4463432140793333,0.1412732999884456,0.04403907185543083,0.04403906203253656,0.00018716083229645993,-0.6594903416502234,-0.6594901265367228,0.00048632245795469323,0.00032357160471671825,0.0003235729189051021,5.981305472318051e-07
Track_10,94.41934153878879,in-sample (trained on),0.7708804392152362,0.7767665701242337,0.02785806924509111,0.7091910373123865,0.7083993799367188,0.0194864527907035,1.4800714765276228,1.4826950780958073,0.020918617844800362,1.477321982383728,1.4803890103196728,0.13980061771908447,0.045574211141841854,0.04557423143705189,0.00018716076242642903,-0.6359794021388376,-0.6359797197422719,0.00048632243136128846,0.0003292758173436588,0.0003292764731641103,5.981304294852101e-07
Track_10,94.71810382464909,in-sample (trained on),0.7729820514482165,0.7750682530924431,0.02770027167881588,0.7057620920832195,0.7050212136984554,0.01934752520174065,1.478744143531436,1.479825993694313,0.020794300550937072,1.477321982383728,1.4718613234615152,0.14003558568251617,0.04740264125584816,0.04740269956556449,0.00018716077461851684,-0.9021571011469317,-0.9021568749779572,0.00048632243418180116,0.00046199468212845016,0.0004619947115533367,5.981304460536507e-07
Track_10,94.87307234701419,in-sample (trained on),0.7631534614733287,0.7505695481471848,0.02485137289870772,0.7024121561220714,0.7024778131076086,0.018339432444405786,1.4655656175954002,1.4570162901774872,0.019138906413934058,1.4574120044708252,1.4372886876551174,0.13452430961458767,0.048658421515457094,0.04865837644628131,0.00018715962832432681,-0.8795579127839425,-0.8795576485431876,0.0004863222658374577,0.00047523086509557877,0.0004752314817107364,5.981296978964196e-07
Track_10,94.97893735674367,in-sample (trained on),0.753407091733469,0.7613046843430856,0.024560100350522553,0.7008002682986012,0.7003008805006345,0.01818218140223028,1.4542073600320702,1.4589469817588852,0.0189577493480101,1.4534300565719604,1.4519017204112612,0.13424241556543123,0.049961155760775575,0.04996119552634845,0.00018715956666011228,-0.83209504047812,-0.8320951321458303,0.00048632226325870235,0.0005223207640804412,0.0005223202611821068,5.981296737292619e-07
Track_10,96.03097374510023,in-sample (trained on),0.8159609778943765,0.8181230350078897,0.028027707570575777,0.7003243366085675,0.6986324870916083,0.01945530514690077,1.516285314502944,1.5134800787174316,0.021034024152479153,1.5091780424118042,1.4848128105314573,0.14155870796787146,0.05546401309159895,0.055463966460290184,0.00018716084847441637,-0.5219706259281178,-0.5219708148001043,0.0004863224635151322,0.0003561304581879916,0.00035613068517368447,5.981305761728838e-07
Track_10,96.20826003411938,in-sample (trained on),0.7835179923540092,0.7821479644762017,0.024745692042810838,0.7043380647066579,0.70400096376752,0.016930970685637668,1.4878560570606671,1.4868329584579636,0.01845061234075943,1.485285997390747,1.467220742516824,0.14284769951796727,0.05765055954277872,0.05765054654288847,0.00018716098141496212,-0.5288208060734255,-0.528821013739114,0.00048632247122453305,0.00035969117413960327,0.000359691450369892,5.98130650755623e-07
Track_10,97.07021658682208,in-sample (trained on),0.7555488122411933,0.7546554613494967,0.025012249282107137,0.7166648089173305,0.7168879528198837,0.01728531310883489,1.472213621158524,1.4728947412191653,0.018751121494990156,1.469357967376709,1.4596345210014319,0.14179402548179829,0.059144696269772555,0.05914474616039199,0.00018716084823995326,-0.8179319580408245,-0.8179318039548126,0.0004863224667922991,0.000207614683019077,0.00020761531554910878,5.98130590593866e-07
Track_10,97.08642094563342,in-sample (trained on),0.7553901674737968,0.7570706136679959,0.02564867182747315,0.7178863783281638,0.7170974005744007,0.017574917964267515,1.4732765458019605,1.4734277413373882,0.019129002197281583,1.469357967376709,1.4591710121757837,0.14263655660082009,0.059024524016707554,0.05902451284641673,0.00018716097344322128,-0.8401817161241222,-0.8401816079938487,0.0004863224696933977,0.0002081413118845558,0.00020814164526554197,5.981306370284351e-07
Track_10,97.37689210434812,in-sample (trained on),0.6964533906058962,0.690494144891783,0.03341464209807357,0.8062360148980798,0.8050252404290892,0.023463839870121708,1.502689405503976,1.4969630613642506,0.025066674678980393,1.5012140274047852,1.474064821153993,0.1402964388078354,0.05712001556769396,0.05711988075919275,0.00018716082104222853,-0.005189299085998219,-0.005190123828850091,0.0004863224441207505,0.0007209731392920039,0.0007209730511978389,5.981304752259987e-07
Track_10,97.76792684902904,in-sample (trained on),0.5792387861108023,0.5520693088693314,0.045549745254708875,0.8413555167970204,0.8353323814260716,0.03343300447030197,1.4205943029078225,1.3917839372391008,0.03495024349010409,1.158761978149414,1.164970271033907,0.1411088654025227,0.05342008790584526,0.05342021335481956,0.00018716075281343617,0.5145877538840646,0.5145865893438292,0.00048632246074834374,0.0006483756730127026,0.0006483758367309581,5.981305432507547e-07
Track_10,97.99010793509893,in-sample (trained on),0.4331971808852427,0.4378031519756415,0.038785880011427104,0.9193977940367513,0.9084398427941262,0.030960734086209606,1.352594974921994,1.3324940728035255,0.030227538358888646,1.1547800302505493,1.188403338704899,0.1314396504886976,0.051166842913343794,0.05116695523519832,0.00018715903207975834,0.015427302971909923,0.015426480616434812,0.00048632212164203306,0.0008357335142259744,0.000835729664690026,5.981289351355226e-07
Track_10,98.18149332643856,in-sample (trained on),0.32436642219939554,0.3904156939086739,0.03920735605491461,0.9124173953298078,0.9087802420280325,0.029617500509059317,1.2367838175292034,1.2860068822680641,0.029973880317156098,1.1547800302505493,1.1649453025300687,0.13273655809348023,0.05404135110974312,0.05404117049645245,0.000187159334539883,-0.12196509492087763,-0.12196495691068365,0.0004863221453880784,0.0005171129418140786,0.0005171163941097399,5.981291201639782e-07
Track_10,98.57253485376006,in-sample (trained on),0.15384425033652593,0.16254197896475409,0.019002484626849107,0.812849452630395,0.8137031897412107,0.013518242545649027,0.9666937029669209,0.9752786949264246,0.014408911547160024,0.919842004776001,0.9471702913530363,0.13500117379512316,0.05504197397579749,0.05504173436005576,0.0001871599912752615,0.2530942156649192,0.25309429797708194,0.0004863222926457678,0.0009976590718484967,0.0009976597769536138,5.981298106379314e-07
Track_10,98.67302576650158,in-sample (trained on),0.12985127347992712,0.12814154802524347,0.012473134394571652,0.8391866684850469,0.8388139482896464,0.008652254463668234,0.969037941964974,0.9675666291374032,0.009370159854368705,0.9477159976959229,0.9362029084767866,0.1345826493555947,0.05304925781610894,0.05304947004749257,0.00018715996759437572,0.4547237545676343,0.45472292676775183,0.000486322282465057,0.001219933166636755,0.001219932419010525,5.981297537137949e-07
Track_10,99.06500903549787,in-sample (trained on),0.12074502794984802,0.13045144353375737,0.011830458779108995,0.8221798774552536,0.8215608871581265,0.008103049282044902,0.9429249054051015,0.9490189551883006,0.008848898601587371,0.8521479964256287,0.9490332212118217,0.14033330740703037,0.04288030322641134,0.04288044170205402,0.00018716070568631764,-0.006902451067226989,-0.00690335292306643,0.0004863224486335707,0.002042096071025238,0.002042092288813981,5.981304869874433e-07
Track_10,99.26080628740232,in-sample (trained on),0.1039762098000819,0.10842818984084324,0.010498684148402795,0.8251782762873695,0.8250063003391562,0.007190486413203379,0.9291544860874514,0.9323685408047423,0.007853149352414717,0.8282560110092163,0.8971643832402334,0.13966965365666245,0.035090209227865155,0.035090322862178044,0.0001871606388642636,0.26926170691887663,0.269260928652428,0.0004863224408435835,0.0014958972808328714,0.0014958950960536049,5.981304284940771e-07
