track_id,x_mm,_split,true_width_mm,pred_width_mean_mm,pred_width_std_mm,true_y_left_mm,pred_y_left_mean_mm,pred_y_left_std_mm,true_y_right_mm,pred_y_right_mean_mm,pred_y_right_std_mm,true_centerline_y_mm,pred_centerline_y_mm_mean,pred_centerline_y_mm_std,true_peak_depth_mm,pred_peak_depth_mm_mean,pred_peak_depth_mm_std,true_profile_skewness,pred_profile_skewness_mean,pred_profile_skewness_std,true_profile_waviness_mm,pred_profile_waviness_mm_mean,pred_profile_waviness_mm_std
Track_8,21.64522452918515,in-sample (trained on),0.21372242589465906,0.23360540182915412,0.019172455098793634,0.624260100917738,0.6231837081287068,0.01328910241396458,0.837982526812397,0.8523365074497767,0.014399461410583314,0.6251739859580994,0.5737823720848727,0.13923771426956233,0.1341746354268657,0.1341746195023405,0.00018716060205350781,-0.69429149364092,-0.6942915529982256,0.00048632243060915177,0.00018686488196525814,0.000186865248104439,5.981303894269146e-07
Track_8,22.0179302769043,in-sample (trained on),0.33166956688676563,0.35075638331308634,0.024615113372187372,0.5826907172412067,0.5830348600965406,0.017923421022490272,0.9143602841279723,0.9352458526650256,0.01882160689829536,0.5972999930381775,0.6110315959415058,0.13134001573610593,0.13054023794829844,0.13054019803773215,0.00018715898143522455,-0.7801872971241637,-0.7801880928165806,0.00048632215927575363,0.00017277580947234466,0.00017277676012523573,5.981292095808873e-07
Track_8,22.11875328108206,in-sample (trained on),0.42746769537528356,0.4252451288190339,0.04154372023721906,0.5709966811041037,0.5702771700921084,0.033937651025123354,0.9984643764793872,1.0143729121047738,0.0327163533901351,0.5773900151252747,0.6125734084578472,0.13323548975665117,0.1307895206611791,0.13078958637682986,0.0001871596238694983,-1.0227837452156285,-1.02278358779893,0.0004863222251683352,0.0002087271607170342,0.00020872769105505668,5.981295299486949e-07
Track_8,22.16078737248936,in-sample (trained on),0.46321138457248084,0.38222798213498227,0.031328934504857055,0.5661565718682189,0.5905608584779548,0.02991214451962417,1.0293679564406997,0.985533552608548,0.026378607429954324,0.5694260001182556,0.6087464146139783,0.12664356999906748,0.1309203854313603,0.1309203289367077,0.00018715686748264622,-1.0736574067858482,-1.0736564309700622,0.0004863219423647261,0.00023713648419992553,0.00023713509123925657,5.981280251567834e-07
Track_8,23.08570237328319,in-sample (trained on),1.0170533681909244,1.0164391019449468,0.011881915725365792,0.5504166917904975,0.5506583277300501,0.008707734657638177,1.5674700599814217,1.5676084242802395,0.00900753355784879,1.5450160503387451,1.505299235958223,0.1255672139829505,0.12100094544726449,0.1210013259134572,0.00018710563880173066,-0.6894980238692058,-0.6894979820338637,0.00048631102099103266,0.0004421942484590066,0.00044219406873938195,5.980804214615024e-07
Track_8,23.089286405580552,in-sample (trained on),1.016520520961617,1.0169094805271692,0.011906608839035743,0.5505947901670676,0.5504565118321763,0.008703928415538503,1.5671153111286846,1.5669917822039778,0.009014658533616693,1.5450160503387451,1.4987085365283082,0.12562472629478413,0.12096270453184843,0.12096232554801119,0.00018710599153799306,-0.6900622712212089,-0.6900622408963858,0.0004863110215282858,0.00044071952795518603,0.0004407198768106342,5.980805062434984e-07
Track_8,23.49873655232974,in-sample (trained on),0.9936121207071965,0.9938430439918549,0.018224625548878732,0.5518480901461673,0.551889419626705,0.012545076914653114,1.545460210853364,1.5459003817829677,0.013647921074976907,1.5450160503387451,1.4382731122090218,0.1407199976585194,0.11776821773429835,0.11776830119642336,0.0001871607882173831,-0.6475469055489341,-0.6475470165121564,0.00048632245419400985,0.00027551929238827023,0.0002755194080437127,5.981305194800844e-07
Track_8,24.018971871224196,in-sample (trained on),0.9426710752851934,0.9440580066034647,0.01762410781561757,0.5529903368170993,0.5521803014560087,0.013612750680102658,1.4956614121022926,1.4969444975227921,0.013738523856394015,0.5614619851112366,0.5896009847096286,0.122535836834519,0.11252243916482427,0.11252287196732247,0.00018713133872902597,-1.0709375129188603,-1.0709375071068616,0.00048631880819776014,0.00016492864199065034,0.00016492812486212748,5.98111287277607e-07
Track_8,24.04191351250587,in-sample (trained on),0.938720804286668,0.9385730689278956,0.015747351448178185,0.5586698425718513,0.5589170789931706,0.012368239476607115,1.4973906468585192,1.497186677757995,0.012340130925410973,0.5614619851112366,0.588493561530406,0.11997945663761962,0.11240397864717176,0.11240339641283527,0.00018711811480110618,-1.0991127073498188,-1.0991127239451062,0.0004863176237064681,0.00014956162663976686,0.00014956232386486494,5.981038371577162e-07
Track_8,24.078214492834253,in-sample (trained on),0.932850924858534,0.9337636204001154,0.022941829967869195,0.5674429341141446,0.5675407231822975,0.016841954218911024,1.5002938589726786,1.5005513139255273,0.017568115399387706,0.5813720226287842,0.6228324658050033,0.13265476808183324,0.11226145978327151,0.11226154374521231,0.00018715759761492944,-1.1303108786732026,-1.130310469060288,0.0004863220226553951,0.00015814977742076877,0.00015814987849574838,5.9812834592168e-07
Track_8,24.242408734878126,in-sample (trained on),0.890445007033557,0.8845768749700795,0.0249467842848181,0.6072153392066044,0.6154297803880624,0.01962001180546848,1.4976603462401614,1.5102574236546233,0.019777328853167027,0.609246015548706,0.7683056017106735,0.13134235549107295,0.11134282232008197,0.11134293351566187,0.0001871584360677565,-1.0751074160798504,-1.0751071389146714,0.00048632223728311375,0.0001674779939895412,0.00016747895120826893,5.981292500026781e-07
Track_8,24.94475315700171,in-sample (trained on),0.7034972519038682,0.7222533487017381,0.02482768642005281,0.8542579832779934,0.8394508846167297,0.01839739366218797,1.5577552351818618,1.5430175222479767,0.019252192088776272,1.521124005317688,1.3134109697693952,0.1348819434925737,0.10206966119531159,0.10206979589248205,0.00018715952093948383,-1.0945918819627882,-1.0945914625712097,0.0004863223524943745,0.0002963290659402452,0.0002963282981742052,5.98129898485442e-07
Track_8,25.458249930566353,in-sample (trained on),0.8460877516355173,0.8423768370986574,0.029022441460209155,0.730815982913591,0.7319177505829331,0.02099812433350336,1.5769037345491081,1.572415881534215,0.022187319390986286,1.564926028251648,1.5104566942992266,0.13800595613120517,0.0947636703357977,0.09476360909497245,0.000187160406041973,-0.8540448074794573,-0.8540447415826073,0.00048632241411586765,0.0002485770176821975,0.00024857753072835405,5.981302913708034e-07
Track_8,25.52853735957495,in-sample (trained on),0.8815608661013296,0.9124083533794644,0.028044520019082034,0.7006257601468212,0.6873519252942824,0.020978978794139035,1.5821866262481508,1.5778518411452198,0.021743717995162476,1.564926028251648,1.3412878288941763,0.1358976456766039,0.09468465721142208,0.0946845159258716,0.00018716004215398613,-0.7403480642770389,-0.7403476732819666,0.00048632235013051586,0.0002946976619956703,0.0002946994764009442,5.981300074440889e-07
Track_8,25.797676996010505,in-sample (trained on),0.962411478280075,0.9481900467878212,0.022807596656362828,0.6160564840076461,0.6193659455760537,0.01595731887888957,1.5784679622877211,1.5748845607952722,0.017189691531162253,0.6172099709510803,0.7314992025723266,0.13907653448110122,0.09414835049064604,0.09414823447217296,0.0001871605725111126,-0.5599601974938726,-0.5599606349926914,0.00048632242633808964,0.0002829200554132148,0.00028292043466464914,5.981303745599177e-07
Track_8,25.983955032713567,in-sample (trained on),1.017995919008179,1.0173954042307334,0.017707489951774222,0.5724719927842874,0.5723189097010977,0.013106195409267296,1.5904679117924663,1.5917042961918144,0.013566025188402081,0.5734080076217651,0.6195338452164592,0.12945308386209115,0.09196342729360053,0.09196424593133089,0.00018715381843445347,-0.48691221359637105,-0.48691225261088666,0.000486321585743983,0.00046334612460682443,0.00046334786946161807,5.981260993579039e-07
Track_8,26.047651012571706,in-sample (trained on),1.031464913095611,1.029655912632997,0.015141819779022464,0.5651267105602173,0.565483985505176,0.012173675192645207,1.5965916236558284,1.5950561704323774,0.012008027329387418,0.5694260001182556,0.5940665102070724,0.12340536358291122,0.09164398193559391,0.09164299895335667,0.00018714779967759967,-0.48193863352998534,-0.48193866736701807,0.0004863210389393289,0.0005127896991031738,0.0005127874604050455,5.981227110198078e-07
Track_8,26.095301564182265,in-sample (trained on),1.0337494082184902,1.0344338104849387,0.01969735615278514,0.5624931962841535,0.5623751796846868,0.013882226389364571,1.5962426045026437,1.595892880032143,0.014834209602181344,0.5734080076217651,0.6347242555457955,0.13539188552967488,0.09108761523724997,0.09108783727981694,0.00018715922738933658,-0.4970138147376188,-0.49701390631841547,0.0004863222125700396,0.0004999318378807355,0.0004999324817313199,5.981293379659034e-07
Track_8,26.38051248732488,in-sample (trained on),1.0622738557032856,1.052505282346523,0.016601100533044748,0.5375382734009944,0.5411583934379107,0.011681233179851144,1.59981212910428,1.6003743879121972,0.012565513842821929,0.5614619851112366,0.8032534922565902,0.1349677214021659,0.08969130565722784,0.08969140926732673,0.00018715985669276187,-0.4726621242522775,-0.47266251509546464,0.0004863223399766683,0.0007074172076277766,0.0007074149840933959,5.98129931011153e-07
Track_8,26.532599990059055,in-sample (trained on),1.0548016558367892,1.0508237925650685,0.01612711944285016,0.5479771417688089,0.5483258568640939,0.011171139010033493,1.602778797605598,1.6010221839066674,0.012106446117688768,0.5534980297088623,0.672637977257637,0.13808286836234607,0.0867796391248703,0.08678007388364917,0.00018716040229055408,-0.5938177711671677,-0.5938178735947388,0.0004863223853466362,0.00046149653415114713,0.0004614972198696187,5.981301946031496e-07
Track_8,26.634381103713604,in-sample (trained on),1.0580538886476798,1.0537826443070044,0.011791127533208203,0.5471997788227887,0.5468975573471974,0.009217165068224781,1.6052536674704685,1.6031254250219924,0.009252750215311616,0.5534980297088623,0.6079885290378942,0.1230729635539324,0.08587634375503471,0.08587639275045307,0.00018713815059846813,-0.6099113903489706,-0.6099113101575783,0.00048631965301402987,0.0005219042192051268,0.0005219052656453354,5.98116502697822e-07
Track_8,26.648351110966207,in-sample (trained on),1.058974032383041,1.0486479822857884,0.011872417294664966,0.5468824878631835,0.5472323657792348,0.009191202461652226,1.6058565202462245,1.5985876885440637,0.009275266363109037,0.5534980297088623,0.6021302384761092,0.12345121365259253,0.08577413938262246,0.08577435259405249,0.00018713880576675328,-0.6130263954622149,-0.6130268096061045,0.0004863196486086325,0.0005257862746007299,0.0005257834765926209,5.981167385598959e-07
Track_8,27.03182446272691,in-sample (trained on),1.0464285172167278,1.0487098878224885,0.012294315226380395,0.5542880817065163,0.5544205330458322,0.008670519802030345,1.6007165989232441,1.6021177725379323,0.009333531714611598,0.557479977607727,0.6196196218819607,0.13180419853676703,0.08175109709044556,0.08175090491449083,0.0001871589214120557,-0.7279522762493321,-0.7279521194615265,0.0004863222587996045,0.00030651269848481377,0.00030651429722764606,5.981294822751215e-07
Track_8,27.454224025493307,in-sample (trained on),1.0339556481258803,1.0315083276146335,0.012443599568395622,0.5608591496706958,0.5606873454574592,0.00867333730794865,1.594814797796576,1.5926464927661204,0.009395986855743022,0.5614619851112366,0.6734248940796087,0.1353433572292982,0.07976341745976744,0.0797634688972848,0.00018715966607313255,-0.6245729331878347,-0.6245732565258727,0.00048632236326604845,0.0002823808851576839,0.0002823812474612185,5.981299769336875e-07
Track_8,27.673806641376974,in-sample (trained on),1.0505182291881972,1.0503316657939088,0.013288522932956608,0.5531013890566578,0.5531964279422527,0.009264578341431393,1.603619618244855,1.6036743977135446,0.01002732009770578,0.557479977607727,0.6233371236958073,0.135714625195817,0.07986933613073326,0.07986942258362535,0.00018715971320051284,-0.5327354584715861,-0.5327356896825644,0.0004863223506140324,0.0003960089238203415,0.00039600900367660666,5.98129952304012e-07
Track_8,27.748556877629873,in-sample (trained on),1.056936568565785,1.057029846350939,0.011058092544082018,0.545613010369596,0.5454999722022784,0.008155939242877677,1.602549578935381,1.601609626631636,0.008565875411290435,0.557479977607727,0.5640346552907368,0.12521593864386615,0.07985485062516968,0.07985430316245794,0.00018715480860681142,-0.5447402956618922,-0.5447402458260597,0.0004863217155146377,0.000373497702048696,0.0003734985437221245,5.981268884867129e-07
Track_8,27.840150284590578,in-sample (trained on),1.0624987279611922,1.060270728500465,0.01075831101506391,0.5405881059548211,0.5405682560088836,0.007719718172953045,1.6030868339160131,1.6017939894226298,0.008222735173824576,0.557479977607727,0.5833304962271371,0.12826020671848082,0.07979812990810911,0.07979866099569391,0.00018715621612909174,-0.5374294550742772,-0.5374295907187605,0.0004863218583670799,0.00043231296548400326,0.0004323121428580804,5.981277041439303e-07
Track_8,27.982699505647737,in-sample (trained on),1.0669221648894458,1.0675768736181426,0.011907897949663643,0.5395689358511769,0.5397861024332009,0.008363137149713427,1.6064911007406226,1.6074427941498173,0.009025803926401958,0.557479977607727,0.6160004575164175,0.13242956456110166,0.07924284440213146,0.07924278408672385,0.00018715899503422107,-0.5438020181864557,-0.5438019461286435,0.0004863222882135323,0.0003973456303569642,0.0003973460038905419,5.981295942733233e-07
Track_8,28.138976875081124,in-sample (trained on),1.0898196706696162,1.0867573048785597,0.012752292194324801,0.533967241408333,0.5349031410224668,0.009871686236945563,1.6237869120779491,1.6226511713057956,0.009964948496091065,0.5614619851112366,0.9575600386567236,0.12499883816376331,0.0790371770294858,0.07903713924295308,0.00018714642280905918,-0.4743533434956829,-0.47435394362957833,0.000486320349012595,0.00047780302961784014,0.00047780286394262435,5.98120492500918e-07
Track_8,28.22523073556566,in-sample (trained on),1.085991343179072,1.0877224345513068,0.013692848355351528,0.5339052938370116,0.5331183331964011,0.010342385650939274,1.6198966370160837,1.6202891548717187,0.010549130871608197,1.556962013244629,1.082268362107351,0.12698865526647649,0.07818340202172597,0.0781834018942539,0.000187149525673054,-0.5024483399169016,-0.5024479133891858,0.00048632051373121425,0.0005055893690070925,0.0005055889640708624,5.981218239105835e-07
Track_8,29.139014985819003,in-sample (trained on),1.0584029099380827,1.0575246133000267,0.014479643772814774,0.5492939001535514,0.5493473035884745,0.009876046853644179,1.6076968100916342,1.606970621636722,0.01080424239909242,1.5768719911575317,1.5380079104995081,0.14313330401060748,0.0683744001794945,0.06837441167512373,0.00018716099993753508,-0.5118507598366246,-0.5118509395380738,0.00048632247280939246,0.00041777242008755693,0.00041777249551097563,5.981306673075386e-07
Track_8,29.697349626187766,in-sample (trained on),1.0524378399924927,1.0508429580660352,0.013278534464690801,0.5433446964419696,0.5436705051852018,0.009187383795778322,1.5957825364344624,1.595400486446311,0.009979396910101619,1.5529799461364746,1.5220503609993048,0.13761478862857093,0.061644448680960716,0.06164433730091348,0.0001871602510614156,-0.5687514805867695,-0.5687515086127326,0.0004863223913368685,0.000623280447837434,0.0006232801371346262,5.981301995588169e-07
Track_8,29.87923917597209,in-sample (trained on),1.0456636785511002,1.0449427685855008,0.012639347224942832,0.5450263386703582,0.5452143129908648,0.0087712154112382,1.5906900172214584,1.590489673801293,0.009512084302986164,1.5689079761505127,1.5077041710835712,0.13572674494310255,0.05953994023406671,0.05953988499994048,0.00018716004074720128,-0.5449382006040464,-0.5449384874879941,0.0004863223640181853,0.0005495860490005477,0.0005495858056302988,5.981300279275195e-07
Track_8,30.487744415016547,in-sample (trained on),1.0644948880273508,1.0674213534980301,0.015612763992460248,0.536665724211955,0.5361746409889118,0.011329611372882305,1.6011606122393056,1.6019157214743336,0.011945518168742867,1.5768719911575317,1.587097498323297,0.1296630579093697,0.05683049132195554,0.05683058759482383,0.00018715807874100424,-0.3825848379748521,-0.3825849837153198,0.00048632203151987094,0.0008303361286097669,0.0008303360612223664,5.981285114249344e-07
Track_8,30.612662179510927,in-sample (trained on),1.072268512975647,1.0711646474798349,0.012546942142590342,0.5341432618192468,0.5342580632635063,0.009743635516050297,1.6064117747948938,1.6052577482840547,0.00967791909269194,1.5768719911575317,1.5654399479459469,0.12015709694295847,0.0564366280025727,0.056436306699203714,0.00018714453639829913,-0.36620510879442403,-0.36620519940057705,0.0004863186309607616,0.000852737180032681,0.0008527378244141302,5.981136284702945e-07
Track_8,30.63395189338374,in-sample (trained on),1.0709200267535282,1.0698906797625556,0.012347246777997832,0.5346985204048841,0.5345072674267762,0.009778385180327444,1.6056185471584123,1.604315913410096,0.009666791718517458,1.5768719911575317,1.5613836792148537,0.11973878179387457,0.056384267526216246,0.05638446200871712,0.00018714282770877224,-0.3707862961457596,-0.3707866337580745,0.00048631866749340074,0.0008601828701075119,0.0008601811169614687,5.981137036828822e-07
Track_8,30.811404240043185,in-sample (trained on),1.0635906104072632,1.0616917302282813,0.016279433224317564,0.5394420170214071,0.5394958859021457,0.011867702872975781,1.6030326274286704,1.6012495795321462,0.012431902232220973,1.5529799461364746,1.5375194123628022,0.13049068087673768,0.055039336343416186,0.05503926414040347,0.00018715671085788043,-0.4307610699577869,-0.43076147610114157,0.0004863218383279847,0.0008211531518854418,0.0008211527387786254,5.981275748335017e-07
Track_8,30.85736017119676,in-sample (trained on),1.0582283960870538,1.0608685163763019,0.013831249358142813,0.5404573477121938,0.5405826624109851,0.011215537496778831,1.5986857437992477,1.601773858328662,0.011042688031233748,1.572890043258667,1.5704670686334858,0.12115010903779282,0.05460643939151885,0.054606540768335,0.00018715058503855237,-0.4409948256334994,-0.4409942153758721,0.00048632109959395283,0.0008284185690965846,0.0008284195523976443,5.981237087889754e-07
Track_8,31.460803890805526,in-sample (trained on),1.0304337212763934,1.0304495000117495,0.016169389752260666,0.5528316901499531,0.5528489095113446,0.011019086476460212,1.5832654114263467,1.5827408284403903,0.012056400262210843,1.572890043258667,1.5446859178332317,0.1433944249895608,0.04808106270479405,0.04808105763667171,0.00018716103112110312,-0.5729033968606704,-0.5729035167522323,0.0004863224731585987,0.00029044799035538255,0.0002904482988365629,5.981306799609987e-07
Track_8,31.76161794606538,in-sample (trained on),1.0351613551022047,1.0356907187558662,0.015094388172252738,0.5404414836154041,0.5402826225688901,0.010409211437221693,1.5756028387176089,1.5754463884368222,0.01131617273141097,1.5689079761505127,1.5586267415936437,0.13884116915045963,0.044119548151450874,0.04411950917335092,0.00018716058634445695,-0.5589467961517373,-0.5589469286632632,0.0004863224172587248,0.0004139799905521728,0.00041398043098113326,5.981303516482227e-07
Track_8,31.943186697555845,in-sample (trained on),1.0334797126363473,1.0328153686415094,0.015432177853526534,0.537681055021476,0.5376720355591539,0.010642419770979078,1.5711607676578232,1.570580842727296,0.011566853340861409,1.5489979982376099,1.5442168327369385,0.1388207467624372,0.041475621769311785,0.04147558916758751,0.0001871606088529473,-0.6104259239967542,-0.6104259811679309,0.00048632241400841953,0.00044240411362534825,0.0004424042216177144,5.981303473533123e-07
Track_8,32.2747323717751,in-sample (trained on),1.0396192897838425,1.038856433497046,0.014383533920063162,0.5255764084033282,0.5257588883452464,0.009880649228280811,1.5651956981871709,1.5650994546389894,0.010763725935208376,1.564926028251648,1.562508737001457,0.13962490164167451,0.03669143824235482,0.03669151016284877,0.00018716071506484963,-0.7953595702509731,-0.7953594932789354,0.00048632242918546437,0.0006657984269580893,0.0006657981512030397,5.98130419226983e-07
Track_8,32.53282256957492,in-sample (trained on),1.0215654407601908,1.0218220187332376,0.014947586401254825,0.5349999470302308,0.5350230196202466,0.010213300872390542,1.5565653877904215,1.5565610505621958,0.011159807391108273,1.5529799461364746,1.5510047699118266,0.14221816026371892,0.03394587305100525,0.03394585102745143,0.00018716093874269847,-0.8516044058752757,-0.8516041865483501,0.00048632246636250674,0.0006702406553277237,0.0006702406334867177,5.98130610466078e-07
Track_8,32.65168811541922,in-sample (trained on),1.01958237285633,1.0214224873453925,0.014461000416830263,0.5354758841820447,0.5354703051096004,0.009973585154277972,1.5550582570383749,1.5562462253820057,0.010844902533134724,1.5489979982376099,1.5629088852726976,0.1384967368893623,0.03290682456865432,0.03290675350947046,0.00018716055844330372,-0.8811770080693231,-0.8811766844608689,0.0004863224184406539,0.0006903675907609504,0.0006903673869619059,5.981303394077279e-07
Track_8,33.69205350078486,in-sample (trained on),1.008493060609734,1.0092879519537763,0.014076795125016259,0.5570675253393166,0.5572123529775429,0.009916249772808259,1.5655605859490505,1.5666215752473374,0.010637232015900548,1.5489979982376099,1.5595503435625102,0.1329631537722805,0.02860598306764256,0.028606409322943276,0.0001871593746333977,-0.781015628418251,-0.7810155327477285,0.00048632214017684227,0.00035566445613270734,0.0003556648155939653,5.981292223169728e-07
Track_8,33.9673241106711,in-sample (trained on),1.0263565325167074,1.0250892535266254,0.017441551411924116,0.5573372230586777,0.5572150289155773,0.012617500364713667,1.5836937555753852,1.582224308403946,0.013320923823221802,1.5768719911575317,1.5362716163236523,0.13279657866464906,0.028258039261258784,0.02825770922681387,0.0001871592974944056,-0.7631613882579055,-0.7631613446839315,0.00048632214017684227,0.0003506618635777725,0.000350662053104765,5.981292058806497e-07
Track_8,34.642081122120715,in-sample (trained on),1.0629718929410457,1.064811579342888,0.013052521854937877,0.5365864025406628,0.5364213261266536,0.009354361320932082,1.5995582954817085,1.5994587343787492,0.009971918129506565,1.5410339832305908,1.4379327951698224,0.13080957579646582,0.026114576415974273,0.026113996584314916,0.00018715808483713565,-0.7146876815444666,-0.7146875711405837,0.00048632213287036686,0.0007108669109961031,0.0007108653158257491,5.981288678043786e-07
Track_8,34.76531280025978,in-sample (trained on),1.0546271428169007,1.0573193384255468,0.013192010052152824,0.540965016382149,0.541010983627773,0.009692799775101598,1.5955921591990498,1.5979867045987624,0.010215804412817137,1.5410339832305908,1.4452280883431992,0.12807608047371022,0.024447678210402744,0.024447789468020082,0.00018715702270047342,-0.7644223850325583,-0.7644222896955708,0.0004863220735052499,0.000604068003480381,0.0006040695547867203,5.981284211984929e-07
Track_8,35.19558196310143,in-sample (trained on),1.0419037811072225,1.043167167104025,0.010693643632258379,0.5409967449319315,0.5408888638313665,0.008075028241148764,1.582900526039154,1.5839018250373065,0.008351901302562586,1.564926028251648,1.468689997409947,0.12579838588623063,0.018694180845670455,0.018694282307659037,0.0001871491120546182,-1.1289226965086878,-1.1289225222144297,0.00048632111530828067,0.0005178518243535061,0.0005178500589198387,5.981239339273353e-07
Track_8,35.2136963239042,in-sample (trained on),1.0409836380842672,1.041287251849192,0.010674900064073595,0.5415837331359605,0.5418042016130175,0.008063593247935081,1.5825673712202277,1.5830450160914877,0.008345501456534215,1.564926028251648,1.4855736568629827,0.12591911649656123,0.018364665159670106,0.01836463597516407,0.00018714887663872834,-1.1480803076499515,-1.1480796273597171,0.0004863211435672074,0.0005017955836236152,0.0005017977043725463,5.98123992801275e-07
Track_8,35.57170692450675,in-sample (trained on),1.0238658018796092,1.0265075689937821,0.014279690021900552,0.5683948043808044,0.5681435765100752,0.010139391330057456,1.5922606062604137,1.5932805573828261,0.010888954742390518,1.5529799461364746,1.3643314758357334,0.13320941154047583,0.01672767973970622,0.01672787175042975,0.00018715921308696143,-0.7661833608803089,-0.766183232538273,0.0004863223249876549,0.0007342185871243331,0.000734216728198843,5.981297547710047e-07
Track_8,36.09111173340891,in-sample (trained on),1.0159946626850538,1.0148564364478059,0.01368871909495146,0.5787647372436902,0.5790471453820466,0.009498272999129967,1.594759399928744,1.5948484165724128,0.010273207727630657,1.572890043258667,1.3463735286032068,0.1353020321867882,0.015159161034206005,0.015159299825247953,0.00018716013734640155,-0.3930994709729915,-0.39309970702127606,0.00048632227558837625,0.0005237266073883914,0.0005237261748691113,5.981298061117525e-07
Track_8,36.16779234908353,in-sample (trained on),1.011507326981936,1.012404280541159,0.01325682065510577,0.5814989153369964,0.5811784679333302,0.009212298437163282,1.5930062423189322,1.5926192823115117,0.009962017497626877,0.5853539705276489,0.851348078250785,0.13485763633506398,0.014500549754730481,0.014500415934731425,0.00018716003207202797,-0.4379659822617618,-0.43796601032741705,0.00048632227220375994,0.0004172534611051763,0.0004172541509545214,5.981297658551884e-07
Track_8,36.3346678487933,in-sample (trained on),1.0246748974123798,1.0292543717948621,0.013247466070566273,0.5773899994523402,0.5758788918930567,0.01003656093923185,1.60206489686472,1.6024606148254525,0.01039968596583635,0.5773900151252747,0.6733713797111238,0.12543156932835456,0.013279767498028927,0.013279553667071608,0.00018715536641176,-0.4824025641258347,-0.4824028767360903,0.0004863218226674043,0.00044053854142609843,0.00044053874841895504,5.981273792489475e-07
Track_8,36.434916128525145,in-sample (trained on),1.0356848897686992,1.0358695799725182,0.012403318922454545,0.5682202950416808,0.5681905991573057,0.009114413837851271,1.60390518481038,1.6032793261129155,0.009577557006656084,0.5694260001182556,0.6383056071617312,0.12640763110747238,0.01293624906603546,0.01293631915136859,0.000187156132658134,-0.4978535904726607,-0.4978535031046982,0.0004863218077589611,0.00039058273018723386,0.0003905836463222348,5.981275080803684e-07
Track_8,36.51353989854213,in-sample (trained on),1.042966715130673,1.0396424481723043,0.012432343002642217,0.5616523746950218,0.5627098015438036,0.008755365183782648,1.6046190898256947,1.6048171511909632,0.009418175512152042,0.5694260001182556,0.6526084733498858,0.13166682039459174,0.01277199647594969,0.01277221401869841,0.00018715895142364252,-0.5127786720179437,-0.5127786739857573,0.00048632219411581925,0.0003878553207296237,0.00038785531009457447,5.981293269643063e-07
Track_8,38.53819702778084,in-sample (trained on),1.0625435503355536,1.0632868819597483,0.015218219649230582,0.53423845008075,0.5339734029689411,0.010565000227439522,1.5967820004163036,1.596456769045748,0.011446828579294962,1.5529799461364746,1.5143068050917405,0.1377654573969104,-0.00014565626626041622,-0.00014562090161761299,0.00018716029185812547,-0.4426561949994481,-0.44265635365165573,0.0004863223798667824,0.0006233006556809235,0.0006233006153529265,5.981301749126316e-07
Track_8,38.5806296139655,in-sample (trained on),1.0673663712355246,1.0671550453907135,0.014823166916049098,0.5311131352684887,0.531100644177482,0.010524956229037654,1.5984795065040132,1.5988110265030158,0.011282673306231759,1.564926028251648,1.550059949414888,0.13303881884545218,-0.0005424274216669349,-0.0005424604368051188,0.00018715941543029862,-0.44167529786939236,-0.44167534720090085,0.00048632230301451254,0.0006628652184752113,0.0006628656384639065,5.981296952699138e-07
Track_8,38.68166757535259,in-sample (trained on),1.0771072001096262,1.0763958099949673,0.01677827965868179,0.5301295333649533,0.5302637149703546,0.011540196446219139,1.6072367334745794,1.6067086683589753,0.012565245050470034,1.580854058265686,1.514473731829777,0.1406605507958757,-0.001694199270646159,-0.0016942073499070353,0.000187160763364282,-0.46015142373862483,-0.4601516401078271,0.0004863224541671478,0.0006997833637185893,0.0006997830324925797,5.981305133020226e-07
Track_8,38.954985365087204,in-sample (trained on),1.0811685237039133,1.078369714637567,0.016325970915262496,0.5354282885671137,0.5360552879578873,0.011364495235651738,1.616596812271027,1.6158833579063998,0.01229909425377946,1.580854058265686,1.5874411280733725,0.13767397816545474,-0.003284109286774949,-0.0032840738863001134,0.00018716032421413041,-0.45036531297846616,-0.4503655332685602,0.00048632239923430466,0.0007579121366208788,0.0007579115371738343,5.981302346779771e-07
Track_8,39.09073463604513,in-sample (trained on),1.0723002449687258,1.0730409056460746,0.01695311831714691,0.5388391646018541,0.5386969044392741,0.011799072639961041,1.61113940957058,1.6114306953897362,0.012767657733354141,1.580854058265686,1.5508555809782285,0.13771084717860518,-0.004227876210431229,-0.0042278141833475575,0.00018716040135269933,-0.48912451571666044,-0.4891245563436002,0.00048632239971782115,0.0007293593769450006,0.0007293591425415805,5.981302638338165e-07
Track_8,39.639510912967225,in-sample (trained on),1.0678423105245567,1.0649643215082776,0.013176803578824945,0.5605735874983419,0.5614376841793929,0.0090522816582251,1.6284158980228987,1.6282357971747972,0.00986808484138922,0.5694260001182556,0.6310561372537703,0.1394825041564579,-0.007559291832163777,-0.007558910901901077,0.00018716060580492274,-0.5262208247475669,-0.5262210553756842,0.00048632243496079993,0.00038431611464822635,0.0003843162922063068,5.981304163692159e-07
Track_8,39.820404594674926,in-sample (trained on),1.0654943562836285,1.0650678978337695,0.01203519826374257,0.5557349033327217,0.5559232891419195,0.008297061377140088,1.6212292596163502,1.621568546952354,0.009031563115143403,0.5694260001182556,0.6237103030739454,0.13772015539913643,-0.007984519518735298,-0.00798423652684323,0.00018716033570285545,-0.5283949485800891,-0.5283951375274252,0.0004863224014369909,0.0003540166540454456,0.0003540171284117577,5.981302520228109e-07
Track_8,40.24952763942959,in-sample (trained on),1.0558169900896064,1.0560662798263236,0.01350078629648147,0.5671097798888902,0.5670873735726835,0.009371227264799093,1.6229267699784966,1.6226012445874605,0.010169085857531087,0.5694260001182556,0.6314286538677317,0.1368981959610284,-0.008478772354131336,-0.008478676670094087,0.00018716015680691401,-0.5403951789684166,-0.5403953475919999,0.0004863223958765512,0.0003208245152228237,0.0003208247021980269,5.981301927034773e-07
Track_8,41.168624072738254,in-sample (trained on),1.0189001965095323,1.0180524755743916,0.013289791798876367,0.5653646793735929,0.5657117610271853,0.009158556565717929,1.5842648758831253,1.5847596133989716,0.009969276417391839,1.5609439611434937,1.5545366199504345,0.1386451421459912,-0.013218969305152775,-0.013218474514873381,0.00018716048411836255,-0.7246779739671065,-0.7246779100163699,0.0004863224209388224,0.0008155624091833377,0.0008155620510828756,5.981303435374495e-07
Track_8,41.73851173493716,in-sample (trained on),1.0337811391429597,1.033512243463513,0.0112625876566979,0.5491511184143355,0.5492035245222099,0.007713905173876919,1.5829322575572953,1.5827576635801441,0.008416397437037738,1.556962013244629,1.548917430037097,0.1387990186553984,-0.016994760332736357,-0.016994761123656756,0.0001871607108445103,-0.6904161589086416,-0.6904163674352874,0.0004863223962794816,0.0007293700468484699,0.0007293697694695422,5.981303075923512e-07
Track_8,42.02530679530234,in-sample (trained on),1.024595568735761,1.0243371887646577,0.010154772689726754,0.5581145833925422,0.558300308979584,0.0076147872485687424,1.5827101521283031,1.5828706350314854,0.007831326721675639,1.5489979982376099,1.5312028961142563,0.12694000046171253,-0.01776282394385081,-0.017762892805308718,0.0001871474861782794,-0.6277369779650844,-0.6277369634572143,0.0004863198067462572,0.0006809856108240853,0.0006809852421260573,5.981193350353909e-07
Track_8,42.02923420038376,in-sample (trained on),1.0248018074558076,1.0254395725564975,0.010165734900379789,0.558003531627921,0.5577664019122293,0.007608574428824446,1.5828053390837287,1.5826207460605648,0.00783008934699795,1.5489979982376099,1.5349505981621496,0.12698973558347731,-0.017741600461482432,-0.017741533891537608,0.00018714765805194334,-0.6242852757877161,-0.6242853408591755,0.0004863198070954654,0.0006839509271415867,0.0006839511746646088,5.981193564938191e-07
Track_8,42.34394225363903,in-sample (trained on),1.0131096374466124,1.0134195270280106,0.01183212936384001,0.5591299139645945,0.5590293427498056,0.008112118487414366,1.572239551411207,1.5722254537099034,0.008844867316057235,1.5450160503387451,1.5401419449673428,0.13862636587389357,-0.020526018107626984,-0.02052605954147726,0.00018716068599139893,-0.8870450866869477,-0.8870447797795333,0.0004863223956347929,0.0006735653065798819,0.0006735653565841251,5.98130295698752e-07
Track_8,43.4798193433177,in-sample (trained on),1.0322105555657846,1.03609130072254,0.017267796440574194,0.5716470357668827,0.5707936442698368,0.013321891235271102,1.6038575913326674,1.6042542305279215,0.013569889734366247,1.556962013244629,1.5232680551685074,0.12780832097850853,-0.025298898669047505,-0.025300061199078266,0.00018715455584723315,-0.5376818681460523,-0.5376820622166134,0.0004863217221227057,0.0008941891020812138,0.0008941884184390973,5.981269628551652e-07
Track_8,43.48691442263811,in-sample (trained on),1.0313538703548006,1.0348557875881184,0.017654583010589277,0.572059513919382,0.5720727034529455,0.01339254672693068,1.6034133842741827,1.6053948632235038,0.013722420109479936,1.556962013244629,1.528858350867774,0.12871533593132295,-0.025381578152220717,-0.025380672884429578,0.00018715506300734096,-0.5413676061941489,-0.5413674941658411,0.0004863217223644643,0.0008901056289086613,0.0008901054003063165,5.981270489355635e-07
Track_8,43.918548606826306,in-sample (trained on),1.0169488600050787,1.0156795901728044,0.0158478245295501,0.5711235054935592,0.5717711560761763,0.010913547834336132,1.5880723654986377,1.588407676739139,0.011882213515506964,1.556962013244629,1.5350827000946214,0.14026927721652122,-0.0268732153713866,-0.026873049008246067,0.00018716066887557503,-0.4969708834953789,-0.49697113703208484,0.00048632245432831994,0.0006757901043771357,0.0006757897849028017,5.981304920422213e-07
Track_8,44.29283347321153,in-sample (trained on),1.0106347680566796,1.0070835322083058,0.014739758784192963,0.569838480645442,0.5706089370708141,0.01034148163200271,1.5804732487021214,1.5793294992294542,0.01110669915211558,1.5489979982376099,1.5470052195320245,0.13233557895399808,-0.028956434030951272,-0.028956141435119407,0.00018715914626437445,-0.5934998518766821,-0.593500198344144,0.0004863220893538565,0.000539024579355685,0.0005390231080920906,5.981290057374059e-07
Track_8,44.3725050058881,in-sample (trained on),0.9814281482620543,0.998552683957844,0.02427241983491237,0.5840372445573845,0.5801198568598467,0.01890215250288633,1.5654653928194389,1.5700672978046555,0.019001721377205672,1.5489979982376099,1.538712036592059,0.13234108533970315,-0.029294910484739624,-0.029295235098475234,0.00018715906724956537,-0.6854128310736226,-0.6854124780579682,0.00048632209048206235,0.0004104349057078974,0.0004104366207506309,5.981290096358719e-07
Track_8,45.08983530280586,in-sample (trained on),0.7015934983394535,0.7358444310881427,0.05033945042538532,0.7238355872343736,0.7193275903656488,0.038078519130057664,1.4254290855738272,1.4423904071131093,0.03885844265489274,1.4215739965438843,1.4416625014697022,0.13973373534099426,-0.02604236706922,-0.026042094514787808,0.00018716065644901696,-1.047671674340769,-1.0476713958662511,0.00048632243340280244,0.00019517125894134502,0.00019517206974224374,5.981304282297749e-07
Track_8,45.1984303525347,in-sample (trained on),0.7093829899966955,0.7484172252794802,0.052521926368685315,0.7230582239321504,0.7092733526245573,0.03952696353751874,1.4324412139288458,1.4350087812732777,0.040359069135232795,1.4295380115509033,1.4246829842346165,0.14000983056214975,-0.026814303268586193,-0.02681450647847343,0.00018716070545185434,-1.0076448025148397,-1.007644581743646,0.0004863224353637303,0.00019419929832439263,0.0001941997718111637,5.98130448713191e-07
Track_8,45.64564405736002,in-sample (trained on),0.9106564333001931,0.9926677679719732,0.044491014270558404,0.6303299778248684,0.6124348789979966,0.03526178630108662,1.5409864111250615,1.5629853783998888,0.03525938245419637,1.537052035331726,1.4676418619289542,0.13861811925129394,-0.03304930203572405,-0.03304944000215261,0.00018716046254771163,-0.8820126907911775,-0.8820125284216395,0.0004863224222013376,0.00020511684897281062,0.00020511804642419095,5.981303400354456e-07
Track_8,45.80830706819096,in-sample (trained on),1.0307668804884906,1.0630160670499476,0.018181210872757644,0.5746454355488735,0.5572676848979689,0.015341562858704055,1.6054123160373641,1.6097379941137397,0.014438425427435633,1.556962013244629,1.5594431141276053,0.12685477353493374,-0.034031543325325216,-0.03403058827042511,0.00018714970973765358,-0.8063476007701191,-0.8063483339919221,0.00048632046811931257,0.00042229434965361144,0.0004223065273187632,5.981217654163702e-07
Track_8,45.93884333812009,in-sample (trained on),1.0772023945453157,1.0673085879442006,0.013999948727136512,0.5338894286716127,0.5389561008361976,0.010077016218542355,1.6110918232169285,1.6091780272325233,0.01063934639024252,1.5689079761505127,1.567155100698182,0.12513117596011586,-0.034323221091957144,-0.03432415341844819,0.00018714798186806282,-0.8524046887386209,-0.8524039463724393,0.0004863203195179635,0.0006245777218287813,0.0006245656330838537,5.981207864262352e-07
Track_8,46.11044112599098,in-sample (trained on),1.0843573029772693,1.0862454268492419,0.012882266308383562,0.5280354146463463,0.5277573525678726,0.009270207773698313,1.6123927176236157,1.613065729360677,0.009799092330098621,1.580854058265686,1.5727574882555941,0.12944202009058806,-0.03490722706376374,-0.03490719697840558,0.00018715718190412314,-0.9055145474844236,-0.9055144125223107,0.0004863217208870507,0.0006904761048613678,0.0006904773564881876,5.981274218513655e-07
Track_8,46.143174928585125,in-sample (trained on),1.086641796556602,1.0835442017288797,0.012429550225710528,0.5261316693636525,0.5267010975745245,0.009205706420496406,1.6127734659202546,1.6119948939733493,0.009597371990118496,1.5689079761505127,1.5650612618918267,0.12612469580230046,-0.03502599843019663,-0.035025996168683654,0.00018715553030621452,-0.9008784863866655,-0.9008783779002439,0.000486321591680501,0.0007084074615619759,0.0007084059954456162,5.981265683817943e-07
Track_8,46.398787920569305,in-sample (trained on),1.0950024073342404,1.0929052278497238,0.013720382590820243,0.5226256042362685,0.5233025343895192,0.009467603011349596,1.6176280115705088,1.6175928728853668,0.010300416985001936,1.5768719911575317,1.5268247686254515,0.13853545554744898,-0.03605567410779305,-0.03605555579073075,0.0001871604330052944,-0.8857870982029017,-0.8857869031895625,0.0004863224237861972,0.0008465915365773674,0.000846590122325944,5.981303465108491e-07
Track_8,47.22796516060046,in-sample (trained on),1.0705392884305749,1.0706445526249346,0.013669961260390055,0.5387439769340227,0.5385949019562033,0.009456658225229495,1.6092832653645974,1.608892916713437,0.010275312815435932,1.5609439611434937,1.5550943664497627,0.13775520938282554,-0.037924900373747183,-0.037925202119817314,0.00018716033875088443,-0.4657219346100372,-0.46572228841138663,0.0004863224118863194,0.0007122552315210922,0.0007122551937672186,5.981302745380563e-07
Track_8,47.36869150681179,in-sample (trained on),1.0473453296845652,1.0471933206705484,0.016787094064034322,0.5539580739114389,0.5543390679161226,0.011528660110435194,1.601303403596004,1.601872207641394,0.012569471331994767,1.5609439611434937,1.5305199558145546,0.1415965105156061,-0.03854671711792968,-0.03854645357703117,0.0001871607990026901,-0.49856271864869867,-0.4985629051989307,0.0004863224660401625,0.0005480688185299492,0.0005480687070499662,5.981305795262165e-07
Track_8,47.86946381279746,in-sample (trained on),1.034988171760998,1.0344032133085366,0.012320775521756344,0.5726179232199987,0.5721962888648079,0.008781515773632675,1.6076060949809967,1.6072973548173917,0.009294612016241684,0.5893359780311584,0.6640409886689334,0.12485793925772348,-0.04089560002709428,-0.04089551674268098,0.00018702445307369978,-0.543717625299152,-0.5437183274136076,0.00048629877090148905,0.0005354590439325184,0.000535460161828357,5.980243191807658e-07
Track_8,47.870581350348886,in-sample (trained on),1.0351137661363974,1.033158493748682,0.012378085599119121,0.5726940980945451,0.5733295345404119,0.008818296254464337,1.6078078642309424,1.6072641572655777,0.009331995144286162,0.5893359780311584,0.6608743193936795,0.12494168397464564,-0.040927572400157985,-0.04092746873090439,0.00018702653731696454,-0.5456425260342211,-0.5456419545698277,0.0004862988044806538,0.0005369180807599954,0.0005369173796832944,5.98025009544416e-07
Track_8,48.928302064094524,in-sample (trained on),1.0948913581224078,1.0922441178240327,0.015743659121885727,0.5324140260537782,0.5328673438460048,0.011107013724047748,1.627305384176186,1.625937046691487,0.011935114786795539,1.5768719911575317,1.5743041606675074,0.13431639008944649,-0.04200182288390765,-0.0420019469643723,0.00018715962058699304,-0.48303437071252303,-0.4830345525738392,0.0004863223146994967,0.0006646829386094777,0.0006646830492611223,5.981298157587908e-07
Track_8,49.28226246562638,in-sample (trained on),1.0859120272070288,1.0866375890950652,0.01572796429286616,0.5439316836961237,0.5437524182724716,0.010763902097791739,1.6298437109031525,1.6295587124205413,0.011755092535552607,1.580854058265686,1.5715311791820412,0.14223495488003102,-0.04341752064737631,-0.04341756956085868,0.00018716089020884833,-0.4361353499751978,-0.43613565216605243,0.0004863224696933977,0.0007649227277792946,0.0007649223668819035,5.981306181969134e-07
Track_8,49.497035305957056,in-sample (trained on),1.067921635639145,1.0685488010546238,0.00972194702665706,0.5418058358340624,0.5417093769517364,0.007361312128896882,1.6097274714732075,1.6100732865367533,0.007487188729683601,1.5848360061645508,1.5930978242026013,0.12294366707495799,-0.0452509448667498,-0.04524995618270038,0.0001870967425451695,-0.5306556332059806,-0.5306555886573815,0.00048631295039747294,0.0005820803584316938,0.0005820803462349661,5.980867334086005e-07
Track_8,49.50205600477012,in-sample (trained on),1.0676974545395563,1.0676170381760834,0.009854509038139978,0.5418996380435096,0.5417804255864463,0.0074224931621806045,1.609597092583066,1.6096739756814504,0.007567711746674949,1.5848360061645508,1.5916570321526362,0.12321832747789492,-0.04523711994487718,-0.04523816346539418,0.00018710045626949283,-0.5285252392699945,-0.5285252693206541,0.0004863131773859627,0.0005815164011094935,0.0005815170249092138,5.980881186827119e-07
Track_8,49.838877377697585,in-sample (trained on),1.0752986466504664,1.0754970120488836,0.014359599166433265,0.5391088627961528,0.5392682964790162,0.009880164084476279,1.614407509446619,1.6149056613793602,0.010764032243863134,1.5848360061645508,1.583304850126178,0.1399936440628237,-0.045234908775383276,-0.04523485752459981,0.00018716061448006947,-0.4681437601137739,-0.46814394482043253,0.00048632244608167835,0.0007255026969772335,0.0007255024869364163,5.981304578481337e-07
Track_8,50.73038365871919,in-sample (trained on),1.0812319812784157,1.0825104982012592,0.023010405784267662,0.5229904906920703,0.5231590159389813,0.016335721859109368,1.604222471970486,1.6052871084884446,0.017463368757778715,1.572890043258667,1.5676555603297935,0.13733603121193919,-0.046269809206326805,-0.04626973089002186,0.000187160382126676,-0.5801110500999566,-0.5801110849230652,0.00048632239187410903,0.0008681905504959478,0.0008681898194381663,5.981302322331814e-07
Track_8,50.812291698205556,in-sample (trained on),1.0761829032784416,1.0766353538181481,0.020183794047694294,0.5272673685399313,0.5276584221453886,0.015166627569273691,1.603450271818373,1.6042522537238217,0.015595696984233236,1.572890043258667,1.5610941491088013,0.13053873755140583,-0.04604612085968256,-0.04604590897024875,0.00018715776525890195,-0.5138264535231785,-0.5138261683072357,0.00048632192514614996,0.0008225917655972089,0.0008225922576287122,5.981282041395863e-07
Track_8,50.958399456450515,in-sample (trained on),1.0795344789902053,1.0801302185192374,0.01903980433951344,0.5284478914927676,0.5275205947104378,0.014593016941811116,1.607982370482973,1.6066049031871559,0.014842898841936304,1.572890043258667,1.5757524094232054,0.12778047260179376,-0.0459534796067031,-0.045953844572862,0.00018715705365023624,-0.4591748127750672,-0.45917541161901093,0.00048632181909475037,0.0008372103256104656,0.0008372093439115978,5.981276708582261e-07
Track_8,51.30266708450984,in-sample (trained on),1.078376370003499,1.0787889452661503,0.020533265669600686,0.5253225770367094,0.5253191835867453,0.014349285152392272,1.6036989470402083,1.6037237089033836,0.015453896391955995,1.572890043258667,1.571376862610112,0.13753212549011543,-0.047525836853310466,-0.047525824688528104,0.00018716050099973979,-0.5963252638921109,-0.5963253415797667,0.0004863223850511539,0.0007636214479081898,0.0007636214014416224,5.981302389068129e-07
Track_8,51.369705351481954,in-sample (trained on),1.0718690749435198,1.0684377636752072,0.018852468173899767,0.5254185822984528,0.5264076945875055,0.013910932276351613,1.5972876572419727,1.5965118496342248,0.0144845909448481,1.572890043258667,1.5809534843921378,0.12969663784360777,-0.047884455030681165,-0.04788452539428137,0.00018715925904213022,-0.6297175423598651,-0.6297178334699189,0.0004863221230657213,0.0007472276536958403,0.0007472259639318598,5.981290694343716e-07
Track_8,51.562578593370034,in-sample (trained on),1.0565467597953826,1.0559987155500832,0.016032800664095112,0.5343970953230839,0.5340483434311172,0.012200409357903362,1.5909438551184665,1.5898842415044518,0.012469911737641802,1.572890043258667,1.5747993582706026,0.1270849082156107,-0.04864165000617504,-0.04864213053425315,0.000187155426436069,-0.6971399257084434,-0.6971398200080888,0.0004863215311871108,0.0006230675220480187,0.000623067862969645,5.981264852417077e-07
Track_8,51.58129129788377,in-sample (trained on),1.0560708243058496,1.0572984557621443,0.016447213630109106,0.5343653659421609,0.5343557516805075,0.012343071592549005,1.5904361902480106,1.5911557432208456,0.012722196751253663,1.572890043258667,1.5711777349493288,0.1286894467896412,-0.048819734421152394,-0.04881928404806021,0.00018715606184847213,-0.7045833487507215,-0.704583305216449,0.00048632160949005446,0.0006212189777051089,0.0006212193770110866,5.981269364413157e-07
Track_8,51.85367510586257,in-sample (trained on),1.0418720587316261,1.0415803104227968,0.010518686701281298,0.5423610960819807,0.5423199918160125,0.007403898532543142,1.5842331548136068,1.5843337033279787,0.007946094356392517,1.572890043258667,1.5662902211084115,0.12789844151877278,-0.0499878640252131,-0.04998750532537867,0.0001871583209448419,-0.8323813964777398,-0.8323810000631365,0.0004863219155295346,0.00048379184730460865,0.0004837941228181066,5.981282067660987e-07
Track_8,51.8901919408048,in-sample (trained on),1.0396827511578441,1.0406479427256472,0.010853752665791968,0.5429004905708282,0.5428886207701846,0.0075608021924620135,1.5825832417286725,1.5829404845118775,0.008172010161098557,1.5689079761505127,1.5748085957939932,0.13242715819499648,-0.05024970194071899,-0.050249624635295406,0.00018715910288829644,-0.8570181084134243,-0.8570179254842548,0.00048632214208404724,0.0005129976145431452,0.0005129974974357678,5.981291869499694e-07
Track_8,52.59568588198029,in-sample (trained on),1.0634636966830706,1.0685159536153637,0.013771717165340898,0.5360946016482623,0.5342316983224419,0.00983597551372354,1.5995582983313328,1.5984448177855688,0.010513159250104624,1.5689079761505127,1.5732466199081598,0.13065396384818345,-0.046383574064220154,-0.04638452343486989,0.0001871583936293787,-0.47666876557320653,-0.47666954332713934,0.0004863221649167822,0.0005594869260911603,0.0005594933677632303,5.981290885302448e-07
Track_8,52.74930169906773,in-sample (trained on),1.0898622947028909,1.0833634720523722,0.015972011650596894,0.5087758603680181,0.5109192653920324,0.012935652211851601,1.598638155070909,1.598019605004086,0.012748764440504804,1.5689079761505127,1.565668978678072,0.12382265909531796,-0.04558433525868364,-0.045583822045368955,0.00018715145119083652,-0.4611393498144813,-0.46113944555465913,0.00048632123202408436,0.0011061727176205126,0.0011061652352812442,5.981246181300387e-07
Track_8,52.78361442745506,in-sample (trained on),1.090230515492814,1.0865087206570765,0.017990895219275767,0.5073731703062853,0.5083085527491948,0.013614946414553476,1.5976036857990992,1.5974436655100552,0.013988076791576315,1.5689079761505127,1.5505106821309527,0.1288071184004427,-0.04543974979590344,-0.045440057226134464,0.00018715532608291657,-0.46026276017355455,-0.46026288340056076,0.00048632166399319377,0.0010857286446407522,0.0010857306354158571,5.981269352519491e-07
Track_8,53.25019169586284,in-sample (trained on),1.1125168577727094,1.1098845501278358,0.020917854964433547,0.49578280034530686,0.49630290463375987,0.014315011579239544,1.6082996581180162,1.607062827400909,0.015611764730627122,1.572890043258667,1.5476653088324557,0.142593769827791,-0.04529208120177774,-0.04529205006663585,0.00018716096500255417,-0.7136136660838792,-0.7136136947166108,0.0004863224701500521,0.0010211454759138446,0.0010211448308364423,5.981306351122452e-07
Track_8,53.38819959970279,in-sample (trained on),1.1070118619507527,1.1044711394840923,0.021094550433565937,0.4908647927273792,0.49140059490384963,0.014617479317970975,1.597876654678132,1.5970752237964916,0.01584941535067962,1.572890043258667,1.558776257976965,0.14066131192535195,-0.0459256094049763,-0.045925599188789495,0.00018716072022304203,-0.9304820237464883,-0.9304819372006653,0.00048632245494614653,0.0009496150460492895,0.0009496142513384502,5.981305110389359e-07
Track_8,53.44531543965301,in-sample (trained on),1.1009357415466194,1.0979400609529415,0.021185082060334978,0.4931968803780962,0.49375461127489784,0.014926810461401761,1.5941326219247156,1.5932788507853717,0.016049333026018707,1.572890043258667,1.5371906194847302,0.1383395399424843,-0.046105738400536424,-0.04610588869532618,0.00018716036993456263,-1.0140924137054692,-1.0140923296926165,0.0004863224159693475,0.0009233447658929309,0.0009233446913595434,5.981303041233848e-07
Track_8,53.60721231971371,in-sample (trained on),1.1062662282669211,1.0973455929769012,0.020055190279879998,0.4908489288680582,0.4933878591603753,0.014373374489455719,1.5971151571349793,1.5977071641751837,0.015338232568598752,1.572890043258667,1.5545661947705205,0.1357928324840575,-0.04807680655766085,-0.04807596714408663,0.00018715993476938058,-1.1801046275031555,-1.1801040200808361,0.00048632238013540267,0.0009681352518598749,0.0009681338028663277,5.98130084058723e-07
Track_8,54.01353085024327,in-sample (trained on),1.0532945247285395,1.0527967412082646,0.011858829366105019,0.5420596699315713,0.5426791257343246,0.00839772583100237,1.5953541946601109,1.595209505924686,0.00897203945957653,1.5768719911575317,1.5740461098070564,0.12283483905515642,-0.04951355585329969,-0.04951143509333471,0.00018677813598121722,-0.9190759464748658,-0.9190737642784945,0.00048627485622548073,0.000553185412210634,0.0005531916180883576,5.978843171204952e-07
Track_8,54.018144804663,in-sample (trained on),1.0522316003225713,1.0529573008927526,0.011475731446055772,0.5429956777637224,0.5424528729375769,0.008138249075083575,1.5952272780862937,1.595297850173949,0.008686661068734162,1.5768719911575317,1.5738531321243132,0.1219915645399228,-0.04950071068506845,-0.04950289619419683,0.0001867483244347627,-0.9125802457682369,-0.9125822389170941,0.00048627198766301526,0.0005597676479666814,0.0005597617087189284,5.978668235852423e-07
Track_8,54.100519544985005,in-sample (trained on),1.0523109218751292,1.050081728439537,0.015369636441794626,0.5446773196359079,0.5453896313106407,0.011318088609523307,1.5969882415110372,1.596799828402188,0.011813383130487541,1.572890043258667,1.5677916981813964,0.12789094986955574,-0.049483528440715345,-0.049482803803917105,0.0001871563300809571,-0.8387011146966005,-0.8387010077694572,0.0004863217442570467,0.0006080686845632538,0.0006080681623967152,5.981271618097264e-07
Track_8,54.12946560068048,in-sample (trained on),1.05012608544221,1.0517660784788487,0.014211350140835643,0.5466401163074706,0.5459669057114829,0.011004771887937076,1.5967662017496804,1.5970410166776425,0.011259877160315132,1.572890043258667,1.5831641905527127,0.12485139231818926,-0.0495337820439427,-0.04953431505783462,0.00018715484049482302,-0.8248546150227387,-0.8248547780672713,0.00048632178484562323,0.0005574570016963122,0.0005574576502825424,5.981270497945503e-07
Track_8,54.21748124127386,in-sample (trained on),1.0415230347103333,1.0416858080800968,0.015764837253285736,0.5529427463077454,0.5529498091703311,0.011065247809680772,1.5944657810180785,1.5943533473439917,0.011938098216806128,1.5768719911575317,1.5773503049691977,0.13649933226753072,-0.050085398752789397,-0.05008525947465496,0.00018715975001144341,-0.7829148130470517,-0.7829149598954404,0.0004863223737691019,0.0005089860552853494,0.0005089864642686494,5.981300390612547e-07
Track_8,54.47718009356195,in-sample (trained on),1.04586992035824,1.0462117896950327,0.014942722147095919,0.5530379321945615,0.5524792093156747,0.010698404820266398,1.5989078525528015,1.5983906229482099,0.0113884647148998,1.564926028251648,1.5745238744631609,0.13201011521301548,-0.05103286670634101,-0.051033069222162955,0.00018715694602944796,-0.6849245882450622,-0.6849248127694803,0.00048632202966638965,0.0005353991967348782,0.0005354005158240539,5.981283384881562e-07
Track_8,54.574005117462924,in-sample (trained on),1.0417451381208411,1.0439586817779911,0.010944330930707862,0.5567660994263759,0.5564358120575811,0.008834490391920757,1.5985112375472172,1.5994446739596058,0.008741487890371337,1.556962013244629,1.5636661762887196,0.12155787573978359,-0.05158795254305005,-0.05158722019656414,0.00018713585116005683,-0.727003932079728,-0.7270040218310755,0.0004863200933118099,0.0005887215420607203,0.0005887204224626643,5.981174325337029e-07
Track_8,54.61515796678664,in-sample (trained on),1.042304299890049,1.0424541687905822,0.01263575604975933,0.5548095355431238,0.5546126908683624,0.009395710043471691,1.5971138354331729,1.5961854958306523,0.009761924389181683,1.556962013244629,1.551900671843383,0.12726246260854715,-0.05173791539090783,-0.051738565117496985,0.0001871479935920248,-0.7505283198890633,-0.7505281292137181,0.00048632108398707295,0.0005934138700578098,0.0005934143121421845,5.981234286089668e-07
Track_8,55.405664771992804,in-sample (trained on),1.0704916893129806,1.0708064943871916,0.010173421130496546,0.5189926256815276,0.5184735927275885,0.007375445471167551,1.5894843149945082,1.588424729695102,0.007804036526941274,1.5609439611434937,1.5574252635956944,0.12851114409545383,-0.05443346085118466,-0.05443484786226059,0.0001871545471718056,-1.1480237006545668,-1.148022833438604,0.00048632150620538,0.0005921148685194494,0.000592114890806983,5.981263187963098e-07
Track_8,55.592002129705655,in-sample (trained on),1.0690480163729048,1.0681013541926065,0.010232192432961354,0.5175806814099688,0.5183534510007082,0.007432567481841721,1.5866286977828736,1.5877378820841062,0.007854513440710635,1.5609439611434937,1.5617261363194104,0.12825868940035148,-0.053699564561247824,-0.053698059417943325,0.00018715447120317937,-1.0760836202454185,-1.0760840394071607,0.0004863214932309967,0.0006087815394371067,0.000608781965518388,5.981262403806224e-07
Track_8,56.18705651449672,in-sample (trained on),1.0987781627600886,1.0972024901886515,0.019409708799603843,0.5175013576014583,0.5177048278855801,0.013496772947244079,1.616279520361547,1.615459929937271,0.014616009743273919,1.5489979982376099,1.569659146308384,0.13953789897209948,-0.0502214552118228,-0.05022163951248525,0.0001871605696975509,-0.7388559097202312,-0.7388559720607042,0.0004863224406555493,0.0008958289914593556,0.0008958281757204109,5.981304278993972e-07
Track_8,56.94833429714357,in-sample (trained on),1.0788840301245808,1.0741035050566652,0.013380205475463498,0.5205949436858356,0.5220058166249579,0.010360870499419902,1.5994789738104163,1.59846216139632,0.01049170378284886,1.5689079761505127,1.5563670731198356,0.12686181425601636,-0.052367019682785884,-0.05236709214211323,0.00018714935989752084,-1.0321641792721814,-1.0321641324961894,0.0004863208150436517,0.0007657205851738548,0.0007657152292220061,5.981231530706899e-07
Track_8,56.97266419104953,in-sample (trained on),1.0721851012536459,1.075890613741331,0.013073225953600314,0.5231747577587763,0.5221367048124496,0.009817196795940232,1.595359859012422,1.5962512474784063,0.010108786035798822,1.5689079761505127,1.5704495185291525,0.12745518763385688,-0.05253061647950248,-0.05253052736384499,0.00018715016157444444,-1.048813398618294,-1.0488130716639663,0.00048632083344420015,0.0006748793320758294,0.0006748844064455658,5.981233990563363e-07
Track_8,57.90957765825717,in-sample (trained on),1.0494235790820712,1.0493944193984597,0.011837263211057611,0.5372368478442568,0.5373063218719654,0.008116143967354977,1.5866604269263278,1.5869316075500293,0.008858578039766425,1.556962013244629,1.5617885199116301,0.1397809211259842,-0.051115063494665824,-0.05111485224333295,0.00018716063065804477,-0.8850649610754476,-0.8850647981371584,0.0004863224393661721,0.0004241097861248379,0.00042411070164502556,5.98130434919923e-07
Track_8,58.21129851659538,in-sample (trained on),1.0474722386593838,1.0479270422040896,0.008628190202327116,0.5378396994326694,0.5377925778914674,0.0061214353103010094,1.585311938092053,1.585566707685831,0.006500949005823148,1.5609439611434937,1.553817174908382,0.12418747155419173,-0.0521493196274553,-0.05214523951157128,0.0001868531085709678,-0.8170789714279327,-0.8170790071196967,0.00048627212942860905,0.0004691077208439,0.00046910923457977,5.978955193966464e-07
Track_8,58.212858697931466,in-sample (trained on),1.0474722386593838,1.0473254958196503,0.008687949421151437,0.5378396994326694,0.5376950762325158,0.006155486302995048,1.585311938092053,1.584833213568384,0.006542132833903541,1.5609439611434937,1.5517461751013695,0.12441139292746632,-0.0521493196274553,-0.052153363987050824,0.000186857795164399,-0.8170789714279327,-0.8170788070654255,0.0004862724955688911,0.0004691077208439,0.00046910726395836647,5.978982681715258e-07
Track_8,58.51255790871334,in-sample (trained on),1.0525013016039633,1.0535465671628554,0.012437329389902605,0.5208329111931334,0.5208076623971659,0.008584742222993364,1.5733342127970966,1.5738347191354025,0.009342641222800655,1.5609439611434937,1.5287881112817225,0.1381031163456286,-0.05462397806747945,-0.05462429392337681,0.00018716028224510843,-1.0400153140660933,-1.0400150405897173,0.0004863224240279554,0.0007062309259943292,0.0007062305538008122,5.98130301893335e-07
Track_8,58.61237287539419,in-sample (trained on),1.0559915004973393,1.0571687062365003,0.012163685249423944,0.518833979192483,0.518768361656572,0.00835819505065468,1.5748254796898222,1.5753847495782936,0.009115641261936753,1.5609439611434937,1.5431044041727588,0.13961868179612721,-0.05510831431582056,-0.0551083482661157,0.00018716054789244633,-1.0390980940872507,-1.0390978032993983,0.000486322446753229,0.0006215336928680555,0.0006215340818829474,5.981304387523041e-07
Track_8,58.94765686080919,in-sample (trained on),1.0714740327426366,1.074047073807402,0.011752848751234168,0.5121452500895848,0.5118467285990951,0.008350567000866263,1.5836192828322213,1.584733889237174,0.00896867169865768,1.580854058265686,1.5892118369524735,0.13001139777734194,-0.05534581188112497,-0.05534594120547709,0.00018715837815460871,-1.1431966121368033,-1.1431960421635792,0.00048632224555662096,0.000875336337331961,0.000875334881608134,5.981293199933243e-07
Track_8,58.971204790856255,in-sample (trained on),1.0715056355037387,1.072379009266041,0.012016816974081699,0.5120188376260182,0.511823677645789,0.008399432927560492,1.5835244731297569,1.5834259864783935,0.009087237315186403,1.580854058265686,1.6151320405630223,0.1337172315224261,-0.05528217089318094,-0.055282176464878485,0.00018715948436297302,-1.1420570621742732,-1.1420567031472593,0.00048632232654565274,0.0008715290222599602,0.0008715283521229688,5.981298372498808e-07
Track_8,59.20734897201709,in-sample (trained on),1.0832943750092707,1.082047150531679,0.00801384692614414,0.5085378932762906,0.5087937868096122,0.005641296680302471,1.5918322682855615,1.5916478541628931,0.006036103671782253,1.5768719911575317,1.5721066935125876,0.12275065762817611,-0.053269794022169296,-0.053261729643103675,0.000186635620536179,-1.04010254066767,-1.0401022455803046,0.00048621384263462396,0.000884982061148284,0.0008849779238747762,5.976547811666424e-07
Track_8,59.20762433609225,in-sample (trained on),1.0832943750092707,1.0828589004319373,0.008001795779843385,0.5085378932762906,0.5086461206632074,0.00563293912110917,1.5918322682855615,1.592063045537517,0.006026493349549426,1.5768719911575317,1.573215591662913,0.12268540809107166,-0.053269794022169296,-0.05327762335726341,0.00018663309482835498,-1.04010254066767,-1.0401025389311724,0.0004862134702705232,0.000884982061148284,0.000884985663736997,5.976529973743806e-07
Track_8,59.8133153124972,in-sample (trained on),1.0762505188168758,1.0754069904433923,0.011749672617526866,0.5284954847330117,0.5284996848259716,0.008274125049614885,1.6047460035498873,1.604424097630328,0.008929005917460214,1.5689079761505127,1.5660906511571249,0.13206977938618847,-0.04911454755978044,-0.049114507309484495,0.00018715895517509054,-0.6853204094347937,-0.685321084528606,0.00048632232238203786,0.0006007731243286594,0.0006007732270363841,5.981296996639423e-07
Track_8,59.880064112552574,in-sample (trained on),1.0706344718239698,1.071226546357136,0.0120168382029313,0.5296377315226779,0.5292978149525706,0.008414561199260845,1.6002722033466477,1.5998846681967915,0.009096934838821623,1.5689079761505127,1.533571888065273,0.13367770270547127,-0.04904194972572886,-0.04904191889266121,0.00018715927522022264,-0.6783200865542673,-0.6783205623356305,0.00048632232528313726,0.0004967715973477855,0.000496772988459139,5.981297794172072e-07
Track_8,60.074044541059536,in-sample (trained on),1.0637809894236911,1.0633734648375224,0.011134325620206898,0.5345874686402629,0.5347689348437873,0.008491438924907283,1.598368458063954,1.5983441305538113,0.008740061078715885,1.5768719911575317,1.5775206158563841,0.12520259613926177,-0.04902065532833504,-0.04902021603181224,0.000187150352672707,-0.639618342479844,-0.6396186575276359,0.00048632129794365364,0.0004275307588108558,0.00042753121741170353,5.981246049643599e-07
Track_8,60.08008486180449,in-sample (trained on),1.062321451199482,1.0626570833957594,0.011788505203612633,0.5354917475664284,0.5353321405646035,0.008658576742660053,1.5978131987659105,1.5978061623571533,0.009079912466848986,1.5768719911575317,1.574010974199454,0.12905692625717854,-0.04902157719946851,-0.04902181626683429,0.00018715372488012843,-0.6381450359753066,-0.6381450019055096,0.00048632151018096736,0.0004289234891175438,0.0004289235247721174,5.981261321316064e-07
Track_8,60.37062240233845,in-sample (trained on),1.0543098588626223,1.0557632509608748,0.012942557771135114,0.533461086184855,0.533124273138864,0.009065604949424088,1.5877709450474773,1.5878370279024645,0.009798019752007704,1.5609439611434937,1.5553965243359176,0.13461021323978015,-0.05106567339195559,-0.05106605316412044,0.00018715948694208618,-0.7591421712390767,-0.7591422149081424,0.0004863223474443128,0.0005459816517597521,0.0005459819470745092,5.98129877341251e-07
Track_8,60.668119201467086,in-sample (trained on),1.0586726075387096,1.0585605993457134,0.013657132685626678,0.5294632243207726,0.5295636928505064,0.009599599293001637,1.5881358318594823,1.5878474007220083,0.010357071502407738,1.5689079761505127,1.5870156101088058,0.1342492261445596,-0.05225443976062737,-0.05225502521406848,0.0001871594365321404,-0.8720417214905151,-0.8720415931868201,0.00048632234279718156,0.0005145852494728044,0.0005145851095531676,5.981298614996263e-07
Track_8,60.9219872874513,in-sample (trained on),1.0610998791764932,1.0611777460607419,0.015122115638279894,0.5320808736689062,0.5321244931195582,0.010316636651620472,1.5931807528453994,1.5928347915253618,0.011283809975447354,1.5689079761505127,1.550905033351313,0.14310630241064656,-0.052663306409087264,-0.052663311939974006,0.00018716099454488743,-0.9733621540030823,-0.9733618869893326,0.0004863224727825304,0.00046837151499472875,0.00046837164288100676,5.981306646975559e-07
Track_8,61.08295414799466,in-sample (trained on),1.0662082610614747,1.0658286190800061,0.01582003718334644,0.5342701800553448,0.5341830436594346,0.011076083617631951,1.6004784411168194,1.6001827355952694,0.011970027678915855,1.5609439611434937,1.5785103160535041,0.13684162622411739,-0.052119646181978244,-0.05211987115836865,0.00018716008224734928,-0.9740982159148043,-0.9740979520652686,0.00048632240326360873,0.000552282659234926,0.0005522828604615574,5.981301983694567e-07
Track_8,61.92033258644022,in-sample (trained on),1.0284982485125265,1.0318064411224395,0.01558117134464749,0.5607798258621854,0.5600469863720213,0.01098230515071782,1.589278074374712,1.5900070888764901,0.011836447762212845,1.556962013244629,1.5697688778455683,0.13565540144310673,-0.04978245405144379,-0.04978269438079887,0.0001871598037038069,-0.7587939320625137,-0.7587941236158388,0.00048632238523918807,0.0005815750474865602,0.0005815750823668675,5.981300855454235e-07
Track_8,62.07089711519196,in-sample (trained on),1.0320677727579595,1.0336124572336174,0.015278174866239554,0.5547354355513812,0.5545518808815861,0.010565711638666776,1.5868032083093409,1.5870757687185546,0.011481322519339828,1.556962013244629,1.5532374202774308,0.13897942813590672,-0.049887046254620766,-0.049887085298868775,0.00018716048904209772,-0.7800998950865746,-0.7800999675788531,0.0004863224312807024,0.0004977334157008555,0.0004977339416197339,5.981303805397543e-07
Track_8,62.12328628092761,in-sample (trained on),1.0377155503191322,1.037335943439056,0.015259177857016736,0.5504520092589922,0.5503496511976423,0.010573658710315473,1.5881675595781242,1.5875248515417153,0.011476441201613037,1.5609439611434937,1.5387974237975555,0.13835731589889183,-0.04995663620054428,-0.049956676432545435,0.00018716040909000085,-0.7877774617026235,-0.7877774992807928,0.00048632241733931087,0.0005076900012997395,0.0005076901256883084,5.98130315108445e-07
Track_8,62.38133236130374,in-sample (trained on),1.0555948850168175,1.0564769435670485,0.01408758615599966,0.5363642984177487,0.536113870683562,0.009826746603134666,1.591959183434566,1.5917826737793725,0.010639228950380546,1.5768719911575317,1.5391627624375226,0.13628254506937829,-0.05134370827121649,-0.05134408990236573,0.00018716000721882647,-0.9635431903987995,-0.9635427958388337,0.0004863223924382116,0.0005671979212797759,0.0005671978978657766,5.981301397934679e-07
Track_8,63.13605879482444,in-sample (trained on),1.0891959840557965,1.0892063839719748,0.016620743531406457,0.5166764038492484,0.5166515846626071,0.011417638675215194,1.605872387905045,1.6054378992690226,0.012441886371545708,1.5768719911575317,1.5669733691179895,0.14112250644168903,-0.05106395110487938,-0.05106388082793849,0.00018716077461851684,-0.9620450304801645,-0.9620448389286547,0.00048632245615493763,0.0007778499275461804,0.0007778498772728462,5.981305313406413e-07
Track_8,63.330232002891734,in-sample (trained on),1.098571928730049,1.0974689330317955,0.012822915739025945,0.5075225627042382,0.5081681788355672,0.009501104260369077,1.6060944914342872,1.6062835654016963,0.009783558258590066,1.572890043258667,1.5605298504126535,0.12461343210915093,-0.04983093798324302,-0.0498303698239182,0.00018710786989429784,-0.9414457385833045,-0.9414452192493206,0.0004863152421704776,0.0009200584934977161,0.0009200556917293432,5.980965613613047e-07
Track_8,63.334250776153205,in-sample (trained on),1.098349825319541,1.0972397785171426,0.01237724090616133,0.507649479159321,0.5073684302230037,0.009314410014036614,1.6059993044788619,1.6056244715282812,0.009526174476707719,1.572890043258667,1.5662472770766063,0.12370716240553827,-0.04981224932476302,-0.04981283110216898,0.00018710292031797173,-0.9422820179060053,-0.9422823293717328,0.0004863150160156871,0.0009193725423552402,0.00091937456943311,5.980946593984104e-07
Track_8,63.50396739856543,in-sample (trained on),1.102744301951739,1.1002379635320634,0.017700581502144,0.4999551763572541,0.5003312387099517,0.012163707446600735,1.602699478308993,1.6018589432463384,0.013254057484747327,1.572890043258667,1.5716995564163008,0.14152153517048274,-0.04900305792689323,-0.04900315009598147,0.00018716080111285877,-0.9636551334346806,-0.9636549305251713,0.0004863224654491979,0.0009943897752803018,0.0009943891842906587,5.98130573249042e-07
Track_8,64.20883011690326,in-sample (trained on),1.076472622346118,1.0780307682851393,0.01583206101771379,0.5114411036094346,0.5111901527212201,0.01131635988150014,1.5879137259555527,1.5882629595124138,0.012079387212438189,1.564926028251648,1.573815099983013,0.1325224471337669,-0.04880054894897897,-0.048800648899693835,0.00018715904966466266,-0.8766185434581147,-0.8766184120575695,0.00048632225785943327,0.0009837277807709516,0.0009837268684913926,5.981295067726652e-07
Track_8,64.32483566585202,in-sample (trained on),1.0704599626035805,1.0703829178363646,0.016282021805377328,0.5180883462210576,0.5181535822178643,0.011590626301943777,1.588548308824638,1.5888020443813722,0.012411046747342792,1.564926028251648,1.5640950671578455,0.13439850059352346,-0.048802684315226295,-0.048802693399962446,0.00018715948952119935,-0.7668796712393564,-0.7668798669291698,0.0004863223098643309,0.0009025184866197707,0.0009025188258373071,5.981297925332154e-07
Track_8,64.82568204464017,in-sample (trained on),1.0819141572690105,1.0826925129842329,0.01540670480414785,0.5259412961652079,0.5254250731831892,0.010739380131280556,1.6078554534342184,1.607088593825016,0.011620269625642759,1.580854058265686,1.5674795310663394,0.13683246560379467,-0.0478700412374534,-0.04787057385172122,0.0001871601800188479,-0.6818292370338486,-0.6818295384356764,0.0004863223916860748,0.0006972018036223616,0.0006972023776287231,5.981301748961127e-07
Track_8,64.89822047629305,in-sample (trained on),1.0862293121111821,1.0843711251761978,0.015402923573802086,0.5276863958493647,0.5279181600892449,0.010748547675670657,1.6139157079605466,1.6127554668235695,0.01160085151284892,1.580854058265686,1.557113799177735,0.13618992199885466,-0.04775066679637683,-0.04775090687364669,0.0001871600022950786,-0.678729986478302,-0.6787299554208944,0.0004863223173051138,0.0006871285567098928,0.0006871281566525693,5.981299129890351e-07
Track_8,64.96340628997689,in-sample (trained on),1.0822949061593212,1.0814707831149963,0.015390144244230653,0.5311290007900906,0.5313529530715085,0.01108308613252057,1.6134239069494118,1.613157929731849,0.011772409946103676,1.580854058265686,1.573607714759631,0.13167198611878211,-0.04762581004516075,-0.047625741478927744,0.0001871586820225852,-0.6671908948092283,-0.6671911566138586,0.00048632219849433156,0.0006220069527048752,0.0006220071628823551,5.981292074995037e-07
Track_8,65.62641771728195,in-sample (trained on),1.0668111181710347,1.0697376342627258,0.014265631728449,0.5413616281225386,0.54103790457935,0.01088372360232684,1.6081727462935733,1.609719580377599,0.01125944192382871,1.5768719911575317,1.5848616973285607,0.12522523141601963,-0.04826687355624869,-0.04826635122113515,0.0001871555209274227,-0.8709332859193296,-0.8709326226774926,0.0004863219793000472,0.0005558568100306114,0.0005558575601646503,5.981278564156793e-07
Track_8,65.68217086323871,in-sample (trained on),1.0674298357559866,1.0672647094495824,0.013985057360871059,0.5408063692994327,0.5409855856920334,0.010813697478244441,1.608236205055419,1.6089275636224027,0.011072123517573654,1.5768719911575317,1.5803452301521523,0.12455608528133454,-0.04799353383122919,-0.047993363410803666,0.0001871530216971258,-0.8246102967663741,-0.8246101506607468,0.00048632171191512094,0.0005484076625573624,0.0005484056825136028,5.981265301238103e-07
Track_8,65.69269929089988,in-sample (trained on),1.0670649510812,1.0662721427899338,0.015204002559362235,0.5409650147792353,0.5408001898222098,0.011145908997444979,1.6080299658604351,1.6067873387441416,0.01173717532001307,1.5768719911575317,1.5800645996627947,0.13005733613129544,-0.04795679517767646,-0.047957039985667776,0.00018715754978361463,-0.8186425772682512,-0.8186427892008526,0.0004863220770510399,0.0005481762421316381,0.0005481771796885449,5.981286730792316e-07
Track_8,66.17571035944246,in-sample (trained on),1.0806291330739322,1.077651475238244,0.013903152220827449,0.5375700021288784,0.5377033407076437,0.01090146699638951,1.6181991352028107,1.6160991226392445,0.010963904869518641,1.564926028251648,1.5627098171656728,0.12183554090321096,-0.045460910214619205,-0.045459882752785785,0.00018713815505380782,-0.6606715897645387,-0.6606718586263556,0.0004863199489008438,0.0004979015308041043,0.0004979091733536196,5.981175681236353e-07
Track_8,66.22653836453527,in-sample (trained on),1.0797856674189605,1.0800824598468937,0.0117259823000566,0.5372065653994916,0.5369696343806023,0.009247890509520497,1.616992232818452,1.6166572623551299,0.009170324314108929,1.564926028251648,1.564706579111663,0.11896403890850975,-0.045247089286330595,-0.045249183932443274,0.000187099483869073,-0.6492196384431339,-0.6492196062029545,0.00048631615882293076,0.0005776858327141566,0.0005776733808034366,5.980967478535191e-07
Track_8,66.25968432511888,in-sample (trained on),1.079042679225781,1.0784930671149242,0.013520623526991028,0.5377445112305334,0.5380496366251439,0.010782684950204943,1.6167871904563145,1.617247947952882,0.010765144548700362,1.564926028251648,1.5692467380506683,0.1208213441360169,-0.04509795866906643,-0.04509706400456143,0.00018713617523110075,-0.6486083621864769,-0.648608638063701,0.0004863198405120046,0.0005545200900073313,0.0005545259865252213,5.981168700201709e-07
Track_8,66.38313270435626,in-sample (trained on),1.0718084471040512,1.0737455452793798,0.016447075546643545,0.5394420185055866,0.5387816345371638,0.01175852593828202,1.6112504656096378,1.6106729297611722,0.012563333356285003,1.564926028251648,1.559461500826076,0.13334354545354074,-0.04536834548081832,-0.0453686219986653,0.0001871592681862696,-0.6640012859651651,-0.664001534207673,0.00048632229868972527,0.0005548267944395211,0.0005548271296692962,5.981297037275927e-07
Track_8,66.61747158420175,in-sample (trained on),1.0596720710456133,1.059540235168777,0.015041416303255775,0.5402193806798334,0.5403639903044147,0.01045665141338144,1.5998914517254468,1.600048106339456,0.0113164966959539,1.5689079761505127,1.5652165103488254,0.13642153669178766,-0.04602483545507615,-0.04602473050261466,0.00018715953758648317,-0.6024353917605808,-0.6024354892460965,0.0004863222923771474,0.0005812964965029891,0.000581297826778469,5.981297300256878e-07
Track_8,66.83732788191715,in-sample (trained on),1.0701268042226237,1.0699326402130702,0.011306063563749032,0.5328582330528958,0.5325913180155518,0.008836913649437334,1.6029850372755194,1.6025766564165347,0.008838600912524771,1.5689079761505127,1.5661458262294643,0.12273964193973506,-0.04665065227370513,-0.04665124943110542,0.00018712134289526679,-0.6176283830882384,-0.617628760228941,0.00048631813118861045,0.0008065721638133937,0.0008065699795438741,5.981076585462904e-07
Track_8,66.85123362776284,in-sample (trained on),1.0694922228970851,1.0693512479440688,0.012321832559396846,0.5319063605302834,0.532016424117127,0.00920292647549085,1.6013985834273685,1.600957507379419,0.00944781338809336,1.5689079761505127,1.5564424577487719,0.12548123777498527,-0.04675796441733837,-0.04675746272350349,0.0001871307606853851,-0.6256323161297861,-0.6256319199956392,0.0004863187974528697,0.0008052564004261638,0.0008052571139751145,5.981120694878143e-07
Track_8,67.13122308956059,in-sample (trained on),1.0668904350335855,1.069787879541861,0.009127631227186028,0.525037016407902,0.5262849340365183,0.007289180087351194,1.5919274514414874,1.595048983605524,0.007134316847217733,1.5689079761505127,1.5720002541083258,0.1200056843591089,-0.048879815790370026,-0.04887885587844129,0.00018710739286065855,-0.8417178219579252,-0.8417086767865385,0.00048631267535175155,0.0008624838422408843,0.0008624603590637063,5.980874438216544e-07
Track_8,67.44921447082857,in-sample (trained on),1.066069887862319,1.0661949930677546,0.007888522346933706,0.5293215743842579,0.5286989170402483,0.006117576275579511,1.595391462246577,1.5945976020541002,0.006117062269882457,1.5689079761505127,1.56960963183804,0.11906996684680039,-0.04815017175980103,-0.04815108132173207,0.00018708508724840872,-0.7276432377646399,-0.7276522829759249,0.00048630911860087596,0.0007773976534970113,0.0007774174176887254,5.98070928709503e-07
Track_8,67.47869279914265,in-sample (trained on),1.0657799199995293,1.0644153851366094,0.009268066894736832,0.5315573416145675,0.5312285259118094,0.006948656815113929,1.5973372616140966,1.5962876862363031,0.0071503283959088145,1.564926028251648,1.5666169414744888,0.12138102011973334,-0.04796702366008937,-0.047967052892085874,0.0001871461060246901,-0.7107870818249361,-0.7107871709324112,0.00048631971710718524,0.0007164825626002967,0.0007164863749736856,5.981187402285992e-07
Track_8,68.10140423199877,in-sample (trained on),1.0854202257209564,1.0828407089042469,0.014140214500560369,0.5307799791434846,0.5311548765629527,0.010335766717070378,1.6162002048644413,1.6152056155111432,0.010879189438825756,1.580854058265686,1.5827214466496264,0.12995959247721695,-0.04488688213436791,-0.04488704073197722,0.00018715701636983948,-0.8703714744898237,-0.870371203753969,0.0004863219094318483,0.0007317432473750279,0.000731743176302642,5.981280709307937e-07
Track_8,68.14922866102269,in-sample (trained on),1.0819300265901117,1.0825159879324902,0.01422866898179994,0.5320174133635137,0.5317981255960856,0.010535401942515382,1.6139474399536253,1.6140971116186098,0.01102108949002838,1.580854058265686,1.5925674157891496,0.12900737548033533,-0.04468863617409678,-0.04468835992226451,0.00018715656243938113,-0.8524514112547905,-0.8524516174695191,0.0004863218871900666,0.0007444197517453322,0.0007444194620459043,5.98127887240049e-07
Track_8,68.44625399824186,in-sample (trained on),1.0848173712829194,1.0853135235475793,0.015870234641455556,0.5188498451890223,0.5190039257937398,0.011148998114023012,1.6036672164719419,1.6041795970327741,0.012029876234443886,1.572890043258667,1.5866858861343667,0.13647052289018505,-0.045764263954827154,-0.04576421626874512,0.0001871599174190237,-1.0898832823498064,-1.0898828706266512,0.0004863223991805806,0.0008325716287592179,0.0008325714170978142,5.981301445839466e-07
Track_8,69.05314693825258,in-sample (trained on),1.0721416031696882,1.0735063853804054,0.018625084951053413,0.5285748086602564,0.5283575848773472,0.01290467824508383,1.6007164118299446,1.6008248313198934,0.013999430578588642,1.556962013244629,1.5508438417058361,0.13977173799384546,-0.04647901848350701,-0.04647883167574983,0.0001871606027568981,-0.9053086765654591,-0.9053084845350825,0.00048632244140768603,0.0008696546687001905,0.0008696546737811184,5.981304414448822e-07
Track_8,69.13251310666138,in-sample (trained on),1.0759014990700193,1.0762167671116234,0.018112209844714518,0.5289872868127556,0.5293214563573908,0.012889808320822304,1.604888785882775,1.6060466279416272,0.013810801315618137,1.572890043258667,1.5759127734899268,0.13585145162952564,-0.04633579765951711,-0.046335314725636734,0.00018715986231990664,-0.8853091537414607,-0.885309021553149,0.00048632237607923635,0.0009747329303615922,0.0009747323771721154,5.981300583388049e-07
Track_8,69.511226734573,in-sample (trained on),1.0926861825929695,1.0910744738914975,0.0182448587717746,0.5285748104412717,0.5286699154101864,0.01283462756270873,1.6212609930342412,1.6201730659251086,0.013825671841284248,1.564926028251648,1.5657640935625632,0.13759893059910652,-0.04320247485277487,-0.04320255951947803,0.00018716016102726584,-0.658611375186311,-0.6586115128651847,0.0004863224013832668,0.0010424861414572825,0.001042485545819523,5.981302164411228e-07
Track_8,69.74447000555656,in-sample (trained on),1.0887993704750243,1.0888986415843145,0.013074567863800412,0.5268455755663108,0.5269224812079338,0.009228039330798927,1.6156449460413351,1.6158456653657767,0.009930435402234237,1.5529799461364746,1.5689123538197478,0.13233122447530754,-0.04234617399449032,-0.0423464897668521,0.00018715920605300604,-0.6509812287853867,-0.6509814677403865,0.0004863222990657937,0.0009726383123796798,0.000972637355604157,5.981296367103945e-07
Track_8,70.0048225743617,in-sample (trained on),1.0786936543139805,1.0780157147909286,0.013246813237492171,0.5311924595519366,0.5313061470407261,0.009069347878008296,1.6098861138659168,1.6096617157167108,0.009904160872040515,1.5529799461364746,1.5480278184007796,0.14119626657306647,-0.04247872469928658,-0.04247874062344349,0.00018716081119477549,-0.8238890815722302,-0.8238889539079814,0.0004863224582770375,0.0008261575516311364,0.0008261572621273144,5.981305464223799e-07
Track_8,70.20888753588484,in-sample (trained on),1.0986527581773107,1.0957436993490783,0.012969736357154085,0.5217368154535218,0.5222393482101239,0.009288989230150046,1.6203895736308325,1.6187585226513783,0.00987915081503703,1.5529799461364746,1.5524262686977937,0.13066311127866995,-0.04163567887949737,-0.04163600564657591,0.00018715824708794495,-0.7884328024586857,-0.7884325495930559,0.00048632197183239706,0.0008917732348129493,0.0008917703773969239,5.981284622480564e-07
Track_8,70.59807131380177,in-sample (trained on),1.080153197168829,1.0819119981636225,0.011927758428536954,0.5322395171302249,0.5318756400360207,0.008531359876293335,1.6123927142990537,1.6132538574215656,0.009079769616567712,1.580854058265686,1.5651095880992814,0.12905681426532511,-0.04125410560742918,-0.04125364730559841,0.00018715780793188914,-0.7328022461196585,-0.7328023763961307,0.0004863218978005785,0.0007484490684059234,0.0007484519130668489,5.981280836503847e-07
Track_8,70.82488406861037,in-sample (trained on),1.092305436433549,1.0919897905369262,0.01381149758972608,0.5351268647913914,0.5350602049725658,0.009445162409846133,1.6274323012249403,1.6267701409796798,0.010318589458076323,1.580854058265686,1.569785279715794,0.14171916181541874,-0.04099533741892372,-0.04099531276247233,0.00018716088036139892,-0.5291701432638252,-0.529170383784326,0.0004863224607214817,0.0006705111444151597,0.0006705112875756478,5.98130577527432e-07
Track_8,71.62710926400487,in-sample (trained on),1.0740453439404765,1.0751749577961707,0.020240211874553667,0.551863957923722,0.5513747595604264,0.014010119618211001,1.6259093018641986,1.6248759123628937,0.015199825474179973,0.5534980297088623,0.7074697186269404,0.14053423171239504,-0.04041234109234187,-0.0404122394604904,0.0001871607162371661,-0.4997542558011502,-0.4997545119590141,0.0004863224530926668,0.0006567792883523503,0.0006567792371771442,5.981305020691828e-07
Track_8,71.88357511200506,in-sample (trained on),1.0560866817535157,1.056858479779887,0.01904905934459586,0.547770905304715,0.5474484932580725,0.013306766168400066,1.6038575870582308,1.6038925249374942,0.014381740440970988,1.5609439611434937,1.4991696843316844,0.1387251834891753,-0.03993389254839963,-0.03993368756783307,0.00018716043652224908,-0.5746642754590043,-0.5746645255794604,0.0004863224342086632,0.0005807756345830674,0.0005807760304100444,5.981303697033652e-07
Track_8,72.05262729515849,in-sample (trained on),1.057403438357243,1.0536545222040363,0.0205302575575437,0.546993541765023,0.5471439613051787,0.014164590519110419,1.6043969801222662,1.6022223734398309,0.01538467939468826,1.5609439611434937,1.5419496445740137,0.1408950915678098,-0.03933743515708407,-0.039337442546106174,0.00018716079501681583,-0.5929878210602382,-0.5929880013569528,0.0004863224523136681,0.0006836077986330501,0.0006836075553982365,5.981305230812006e-07
Track_8,72.2492250757695,in-sample (trained on),1.0480909517324304,1.0490866023438725,0.019331353332753914,0.5428528962619751,0.5424257709645959,0.0135705051549596,1.5909438479944054,1.590759692986293,0.014623771534573568,1.5410339832305908,1.5538951168318587,0.1379676743984096,-0.03947187460322476,-0.039471882181825874,0.00018716034367462345,-0.8366859110628095,-0.8366857527098281,0.0004863224149754525,0.0006880335354639085,0.0006880331173472272,5.981302854570415e-07
Track_8,73.25071718843031,in-sample (trained on),1.1166823738151126,1.1150845692443188,0.01406895084832531,0.5191453515537201,0.5193507712898867,0.009710506057228657,1.6358277253688327,1.6352282323365812,0.01056014171362055,1.580854058265686,1.5742724800473018,0.1384784053959762,-0.035728380998729596,-0.03572838073327744,0.0001871604740364282,-0.735462851574343,-0.7354630565667332,0.00048632242246995786,0.0005178980110155067,0.0005178984925349906,5.98130336764706e-07
Track_8,73.42111404543581,in-sample (trained on),1.1152772904629726,1.1158791382642856,0.014159842491128562,0.5192940504664919,0.5191198390153661,0.009903447767966391,1.6345713409294644,1.6342157596513864,0.010669958822303522,1.580854058265686,1.5865741232698458,0.13352014005946017,-0.035112767204366346,-0.03511269800475468,0.00018715985692722623,-0.71528926360024,-0.7152893331910273,0.000486322240425972,0.000508510935016309,0.0005085116609866969,5.98129630119351e-07
Track_8,73.46523917994053,in-sample (trained on),1.1115491240622988,1.1115695970916164,0.014909465331030988,0.5211660660120595,0.5211590297037785,0.01029778532666191,1.6327151900743584,1.632312174160192,0.011186558560204467,1.580854058265686,1.5781167864340895,0.13796336065103335,-0.03504484441678671,-0.03504482276293733,0.0001871605228048498,-0.7053026745753064,-0.705302743733331,0.00048632239603772336,0.0005326726269306079,0.0005326726982937184,5.981302896363202e-07
Track_8,73.57273224313266,in-sample (trained on),1.1101847738621244,1.1105346076765528,0.013115585192886527,0.5150582174143469,0.51510609127847,0.009795450974863767,1.6252429912764712,1.626549067846161,0.010154730833343032,1.580854058265686,1.5858518637560433,0.12502837541502262,-0.035256956063676625,-0.03525712140932599,0.00018715586442536608,-0.747979804624759,-0.7479797810068479,0.0004863215964619498,0.0006047607001387783,0.0006047600857166172,5.981266509602238e-07
Track_8,73.61444082345028,in-sample (trained on),1.1124058087983455,1.1116045406124004,0.01441751141253738,0.5142173966563556,0.5145135396215204,0.010430827595119695,1.626623205454701,1.6257021696862681,0.011016479217966398,1.580854058265686,1.5717519951745635,0.1299226928445459,-0.03517299157101661,-0.035173002558538,0.00018715797534120653,-0.7551267400332797,-0.7551266839224018,0.0004863219130045015,0.000616171577512707,0.0006161712332443326,5.981282447101155e-07
Track_8,73.70909716468921,in-sample (trained on),1.1110254053085569,1.1088145420686701,0.016094403204358555,0.5132039544128236,0.5134193615588777,0.011104935462471103,1.6242293597213806,1.6228645483827637,0.012079046622051776,1.564926028251648,1.5505976089633675,0.13991769286766403,-0.03537558920326687,-0.0353755675198988,0.00018716061635577682,-0.7815543067483726,-0.7815543732574733,0.0004863224480426062,0.0007149685272794977,0.0007149681122753088,5.981304620769678e-07
Track_8,74.51831772201899,in-sample (trained on),1.0451084205591346,1.0453394117599373,0.014354695397335446,0.5345081460190959,0.5344669728827521,0.009889783509374275,1.5796165665782305,1.5796134903995644,0.01076697541260562,1.5609439611434937,1.5591463525493776,0.13972811543821037,-0.037775069221176884,-0.03777511700715187,0.0001871605725111126,-0.746377009426225,-0.7463770512513334,0.0004863224394198961,0.00045844481320093163,0.0004584450120391467,5.981304244304315e-07
Track_8,74.63530722583677,in-sample (trained on),1.038429449635198,1.0386502405164095,0.011360731103895055,0.5364118910643209,0.5363472197555765,0.007940245448690483,1.5748413406995188,1.575018134693491,0.008590791809089086,1.5609439611434937,1.5691406227353382,0.13347352007194005,-0.03726518825703376,-0.03726537570741481,0.00018715921777626488,-0.7222585349416483,-0.7222585757057067,0.0004863223113686047,0.0004242065709320019,0.00042420653961298624,5.98129711788818e-07
Track_8,74.86314263268603,in-sample (trained on),1.0566102168355804,1.0545380895717567,0.015718656043832425,0.5327313163009773,0.5330169160300632,0.011102283534881656,1.5893415331365577,1.5887450548288942,0.01193603140258249,1.564926028251648,1.5655882509648336,0.1356128178195886,-0.03520482764751823,-0.03520466048845214,0.00018715971742087466,-0.7102812138615783,-0.7102812591535907,0.0004863223420450447,0.0004398033976883828,0.0004398036998636232,5.981299312258987e-07
Track_8,75.89236124071702,in-sample (trained on),1.1268108141018576,1.1225448654655088,0.01950450458556562,0.5210074221351707,0.5209308167317755,0.014015560235080745,1.6478182362370282,1.6453590386601928,0.014909626099708865,1.5689079761505127,1.566749692253308,0.13461364719869923,-0.029780818786886005,-0.029780919936663746,0.00018715978705683122,-0.43154332466071504,-0.4315438580861952,0.000486322324235518,0.0006177297886084504,0.0006177309149368964,5.981298899121334e-07
Track_8,75.97734653830213,in-sample (trained on),1.1144999295948037,1.114617288161462,0.019545093637147484,0.5241961957092779,0.5243560988389065,0.014049968388597955,1.6386961253040815,1.637971058634558,0.014909291843224903,1.5689079761505127,1.5779307484441252,0.13367368765120657,-0.030366188519077214,-0.03036618064618234,0.00018715981167559756,-0.46118916355801065,-0.46118948579155616,0.0004863222938008352,0.0005978603107556718,0.0005978601807860364,5.981297753535572e-07
Track_8,76.0662688314555,in-sample (trained on),1.098178716642516,1.0954808811610361,0.019159453778179254,0.5331929645368031,0.5329945110003063,0.013716473201518888,1.631371681179319,1.6295429191167181,0.0146385933462685,1.5689079761505127,1.5721752863180618,0.13542763950713455,-0.030839818426304393,-0.03083984961854155,0.00018715984309382796,-0.5305744563255604,-0.5305750084652945,0.00048632234816958764,0.0005072399926999178,0.000507241880037547,5.981299917180999e-07
Track_8,76.42965984488768,in-sample (trained on),1.0810892047635112,1.0812817143564035,0.013909829630113455,0.5354600206789267,0.5354405942986666,0.009510377724018793,1.616549225442438,1.6164081707171747,0.010392642871205974,1.5689079761505127,1.5622453926909836,0.14219994709572897,-0.030970935489316495,-0.03097090238520094,0.00018716088809868063,-0.681015055201016,-0.6810151137768357,0.0004863224668460232,0.0006321244760425573,0.0006321245019483473,5.981306047835835e-07
Track_8,76.6226981172889,in-sample (trained on),1.0782018586458912,1.077231440038688,0.013807927864152952,0.5344605540849298,0.5343565701850052,0.009721253052524099,1.6126624127308211,1.6120949317793942,0.010474602250990735,1.572890043258667,1.578321917404314,0.13442143434896092,-0.03123825554132134,-0.031238423248946465,0.0001871595066371311,-0.8885068517154572,-0.8885068943091621,0.0004863223193466282,0.0006650197393225577,0.0006650192132162507,5.981298154449317e-07
Track_8,76.64332782630433,in-sample (trained on),1.0770361920197804,1.075909484712547,0.013992017596627212,0.5346467102330829,0.5347147112052762,0.009821630307966688,1.6116829022528634,1.6109012335972026,0.010589918715240213,1.564926028251648,1.5690378249623786,0.13470278616258483,-0.031246115826070307,-0.03124605336885335,0.0001871596838924419,-0.8987677173342964,-0.8987677692700151,0.0004863223109388122,0.0006780063988767359,0.0006780056017540257,5.981298279497397e-07
Track_8,76.91594308471517,in-sample (trained on),1.0636223419254045,1.0607940682966381,0.013849089510126285,0.5370623379114614,0.5368593775110784,0.010015477969192487,1.600684679836866,1.5983581779745195,0.010631494424355884,1.5489979982376099,1.5608663228976445,0.130200414493198,-0.03181790416248334,-0.03181801182334412,0.00018715830523559959,-0.9738359298717736,-0.9738361223746721,0.00048632211519514273,0.000703353875371618,0.0007033505755683646,5.981289426185958e-07
Track_8,77.27684365319337,in-sample (trained on),1.0605709346986951,1.0594507550404433,0.012728307415641616,0.5302696708175871,0.5304755546593704,0.009014380197841121,1.5908406055162823,1.5901204263505841,0.009648034161912126,1.5489979982376099,1.55233131387117,0.13038493704392495,-0.032655255987923196,-0.03265551218595186,0.00018715894040376353,-1.0017263483755854,-1.0017264314367398,0.0004863220807848642,0.0006469860468882277,0.0006469838587492429,5.981289350694469e-07
Track_8,77.45478002113921,in-sample (trained on),1.0289424542649335,1.0325007651097828,0.010561537380569868,0.5384266881116357,0.5383876026098066,0.0076122700594957625,1.5673691423765692,1.5699554825350934,0.008093519593852818,1.564926028251648,1.5573108172695076,0.12565904730356534,-0.03473158476741186,-0.034731147071093996,0.0001871564562251222,-1.0962910048568029,-1.0962903760117757,0.0004863218802865182,0.00037778962338562503,0.00037779599355929744,5.981277068365207e-07
Track_8,77.7993100992384,in-sample (trained on),1.0426335524752794,1.0432779389580142,0.01159534230274665,0.5318111746434672,0.5317449087068326,0.008028041503963372,1.5744447271187467,1.5749429455240604,0.008724881425722824,1.564926028251648,1.58193120729435,0.1359818934028146,-0.032510017355283104,-0.032509814302371834,0.00018715994883723635,-1.1064345793510975,-1.1064343862763542,0.0004863223876299086,0.000547568695429159,0.0005475691680329602,5.981301144700056e-07
Track_8,78.04514703427844,in-sample (trained on),1.0581058875199347,1.0591780798025543,0.012984464614619247,0.5262086617331656,0.5260874814504762,0.009404830664622624,1.5843145492531003,1.5849082578605034,0.009972784041915563,1.5609439611434937,1.56778538829149,0.1285523274190836,-0.030157702799999353,-0.030157649067977656,0.00018715776291423203,-0.8721050357504316,-0.8721052996822645,0.000486322048550409,0.0005598991398116735,0.0005598997501592882,5.981285895595021e-07
Track_8,78.08290936020146,in-sample (trained on),1.0574510344471115,1.0575104885162485,0.013888501924912082,0.5260206166491566,0.5261300530147259,0.009558743612164168,1.583471651096268,1.5836960480431885,0.010412688702484952,1.5609439611434937,1.5613413570463124,0.13959415053410446,-0.03006154214736165,-0.030061519285659453,0.000187160591033726,-0.8918936508288117,-0.8918935995875775,0.00048632243984968854,0.00058195565916993,0.0005819558444584602,5.981304327889869e-07
Track_8,78.095371630257,in-sample (trained on),1.057625544498641,1.0564302961909497,0.013600380414731135,0.5259254292187938,0.5259803106181051,0.009494054821685343,1.583550973717435,1.582948310569826,0.010252582509085234,1.5609439611434937,1.549427530037896,0.13453810294688903,-0.030016260085309426,-0.03001620402609331,0.00018715973875714693,-0.9024919582596868,-0.9024917930626009,0.000486322276931478,0.0005915787927184312,0.0005915785786414564,5.981297489893886e-07
Track_8,78.27975397893988,in-sample (trained on),1.0637492575493466,1.0647623241125403,0.013965362615853459,0.5201983297488604,0.5203865780206769,0.009725192640434572,1.5839475872982072,1.5849736578840043,0.01053182421437161,1.5768719911575317,1.581006261252326,0.13610834899207302,-0.03006304246927058,-0.030062769681906434,0.00018715999432329606,-1.0692688510736736,-1.0692686758696655,0.00048632237935640384,0.0006569024245362391,0.0006569021581956855,5.981300974225079e-07
Track_8,78.47406838076893,in-sample (trained on),1.075790445880586,1.076312610595046,0.011310090989098482,0.5190560843840063,0.5191049172886224,0.007932483855262849,1.5948465302645922,1.595199801195846,0.008561268045131432,1.572890043258667,1.5859222352839182,0.13194087950020836,-0.029815481986022657,-0.029815547780717867,0.0001871588773325288,-0.9674356857583483,-0.9674354429222397,0.00048632222242840737,0.0006331770404157713,0.0006331767968230979,5.981293970210192e-07
Track_8,79.22814066703309,in-sample (trained on),1.0677922570279665,1.0676844063174873,0.012030076852010511,0.5221950630583461,0.5222349047741768,0.008225469289416544,1.5899873200863126,1.5899192738483239,0.008988756092213336,1.5888179540634155,1.5771318261814065,0.1412244784475649,-0.0314692884911688,-0.03146925269831391,0.00018716084823995326,-0.9677592216220139,-0.967759027144985,0.00048632245795469323,0.0007747758543284189,0.0007747755861630018,5.981305484376834e-07
Track_8,79.25035731118422,in-sample (trained on),1.0662875814266888,1.0659502843633724,0.012178790662210223,0.5228794416583392,0.523070476159743,0.008383635532008155,1.589167023085028,1.5893876505522326,0.009136459938506139,1.5888179540634155,1.5889296151037147,0.13888383298438367,-0.03139956524440398,-0.031399215071322636,0.00018716042948833966,-0.9581409864951823,-0.9581407998717388,0.00048632243799620877,0.0007831272804742325,0.0007831268524497914,5.981303852641555e-07
Track_8,79.55372858998788,in-sample (trained on),1.0640030916468555,1.0660740182730464,0.012435044168739468,0.5271787284854874,0.5270774846388833,0.008612798088145907,1.5911818201323429,1.592396564013773,0.009356321891325335,1.5888179540634155,1.5876995878560234,0.13644072250241954,-0.030320615553092664,-0.03032040449380521,0.00018716009068805618,-0.8881798988942154,-0.8881794295043357,0.00048632238682404775,0.0006618858512343852,0.000661885791940679,5.981301560810953e-07
Track_8,79.96143943511228,in-sample (trained on),1.0649232376678532,1.0656750505517087,0.01917727824248337,0.5294949489226379,0.5294376587090123,0.013820432337988067,1.5944181865904912,1.5956910216052456,0.01471030324133364,1.564926028251648,1.5720696437493316,0.1345824090723991,-0.023794489995764456,-0.02379424483068296,0.0001871597235169527,-0.6495859314155333,-0.6495859894404117,0.0004863223548045091,0.0007894696637893974,0.000789469421574803,5.981299620171236e-07
Track_8,80.29732459150523,in-sample (trained on),1.072046416718884,1.073462697977699,0.02014245263996789,0.5335245440858769,0.5329432882365962,0.014138741245252759,1.6055709608047606,1.6060104417152736,0.015225878935341322,1.572890043258667,1.565714990360736,0.1379529284998643,-0.02025587056349549,-0.020256038453529853,0.00018716042597138484,-0.49241238150363215,-0.4924125810060632,0.0004863224085822901,0.0005978308435305454,0.000597831043714965,5.981302900658113e-07
Track_8,80.31474960555953,in-sample (trained on),1.0737810660271891,1.0737496000694855,0.019591262951165853,0.5325925023487162,0.5324579663560319,0.01397841519461598,1.6063735683759053,1.6061263572914186,0.014952259786369262,1.572890043258667,1.5746381247474068,0.13622284348243227,-0.020035051343748805,-0.02003504258065748,0.00018715995587116383,-0.4879685559458537,-0.48796880029969025,0.0004863223796518862,0.0005833982920884112,0.0005833986444940853,5.981301095143377e-07
Track_8,80.93957638310897,in-sample (trained on),1.072030548080505,1.072365965607147,0.011613806486494333,0.5310655452340722,0.530952155041631,0.008007180243791859,1.6030960933145775,1.6032660734129556,0.008719870951350161,1.5689079761505127,1.582589219417564,0.1377903084664012,-0.01869748441530817,-0.018697418009189448,0.000187160262784609,-0.4674790406842495,-0.4674791780007468,0.00048632241776910324,0.0005832995586702086,0.0005832997508340462,5.981302830452839e-07
Track_8,81.07567403340678,in-sample (trained on),1.0881447024525157,1.0880142942984274,0.014530019421502938,0.5223530787560675,0.5223510412140874,0.010000927148869822,1.6104977812085832,1.6104523204157757,0.01089188735150616,1.5689079761505127,1.5702991610496442,0.13982572214052277,-0.018041877930120725,-0.018041839513975512,0.00018716063253375193,-0.3789516630108115,-0.3789520002787964,0.0004863224436640961,0.0007537062375403386,0.0007537062248593484,5.981304487792666e-07
Track_8,81.46761116909059,in-sample (trained on),1.0857216456971794,1.0853196495441946,0.013197991451325506,0.5167874558513383,0.5168261330877405,0.009056171679936734,1.6025091015485178,1.6021854159410278,0.00988019852415154,1.5689079761505127,1.5055612172011863,0.14041578793899032,-0.016982451675637583,-0.01698248239954678,0.00018716070498292774,-0.36269650918580737,-0.3626967886386645,0.00048632245268973647,0.0007871197426777538,0.000787119125351384,5.981304956763754e-07
Track_8,81.7062111348333,in-sample (trained on),1.0697143259513902,1.0701488271682342,0.015835367780106212,0.5240058213828569,0.5238703118165782,0.010865435513432017,1.593720147334247,1.5937791417700409,0.011846218691384627,0.5614619851112366,0.6947760432976542,0.14104499539920412,-0.016806898329636496,-0.016806904416531075,0.00018716081424279674,-0.415856768320598,-0.41585699147341054,0.0004863224560474895,0.0006414676505150296,0.0006414677762162421,5.981305359163715e-07
Track_8,82.137552945049,in-sample (trained on),1.0609729635525509,1.0610155795331553,0.013040106172524796,0.5260206186676405,0.5261295925195018,0.008992898431364022,1.5869935822201915,1.5873064923771802,0.009785427899101263,1.5529799461364746,1.557567054126588,0.13866421807367008,-0.014729523556399168,-0.014729549153517287,0.00018716035586673852,-0.4753714457291352,-0.47537161400111894,0.00048632241400841953,0.00039804336508095174,0.00039804324087313876,5.981302863490614e-07
Track_8,82.49797995608026,in-sample (trained on),1.0465203657805682,1.0470059965817087,0.014314341234385608,0.5282416532476585,0.5282352703187181,0.00977393141096565,1.5747620190282268,1.5748563899961403,0.010686288618392244,1.5529799461364746,1.5194644019404202,0.14258368287157996,-0.015049453959950516,-0.015049436277443904,0.0001871609553895717,-0.5702938083099487,-0.5702938748854244,0.0004863224701500521,0.0004445315728255798,0.00044453186870363286,5.981306366485009e-07
Track_8,82.60093501283762,in-sample (trained on),1.0536118153319416,1.0540140835378766,0.013078094341531626,0.5347778444508632,0.5342808705697558,0.009421935070236268,1.5883896597828049,1.5874845948758842,0.00998949960567021,1.5768719911575317,1.573180917305845,0.12986200583748256,-0.01465794353486121,-0.014657965944462843,0.0001871577744031143,-0.5810161880656993,-0.5810166158250729,0.0004863219956590358,0.0003589924429886123,0.0003589952125461239,5.981282976863683e-07
Track_8,82.7622233413982,in-sample (trained on),1.053659411065607,1.053416978454548,0.012404790168104576,0.5267979794764424,0.5272318959664924,0.009084318789583486,1.5804573905420494,1.5813534869060297,0.009540494350710277,1.5768719911575317,1.5758767625360979,0.1273262465868182,-0.014799396587368934,-0.01479940637689875,0.00018715650546352787,-0.7185870546383744,-0.7185866640183006,0.00048632181511916553,0.0005593959218209946,0.0005593935095246904,5.981273709894632e-07
Track_8,82.80231244642114,in-sample (trained on),1.0561818717960343,1.0561107846138174,0.013631754427757456,0.5266869279492898,0.5265967464583429,0.009489203652038447,1.5828687997453241,1.5824380069871515,0.010252480541908079,1.5768719911575317,1.5677056041197788,0.1351868542334161,-0.014350174337296802,-0.014350142951238244,0.00018715990686813018,-0.74544861670211,-0.7454485301468224,0.0004863222809607831,0.0005910594931985247,0.0005910596016900174,5.981297370957784e-07
Track_8,83.32457863692463,in-sample (trained on),1.0504230431826467,1.050274881066035,0.02384175174186097,0.5190084897189501,0.5191817930197523,0.017096494171912335,1.5694315329015966,1.5698919075620679,0.01813741066297871,1.5529799461364746,1.5523003912920772,0.13645977258461514,-0.010161127058550889,-0.010161132223019018,0.00018716023652465478,-0.856257661212054,-0.8562575317628405,0.0004863223516616516,0.000705140811979861,0.0007051406035249668,5.981300548533182e-07
Track_8,83.34927897421213,in-sample (trained on),1.0499680709271204,1.0502609530109668,0.024231731544866922,0.5191453529728783,0.5192009984624503,0.01715123463521978,1.5691134238999986,1.5691088536700384,0.018304914672658677,1.5529799461364746,1.5435090774052833,0.1375653470464385,-0.010104645944979281,-0.010104633580980326,0.00018716043112958523,-0.8592489891375423,-0.8592488868396433,0.0004863223608484658,0.0007046891166227405,0.0007046891604620294,5.981301482841784e-07
Track_8,83.54985416872702,in-sample (trained on),1.0516604794211597,1.0514947819329683,0.025411664269651166,0.5147250637827642,0.5150086841232628,0.017359484791584112,1.5663855432039238,1.566055968781314,0.01893272366364283,1.5529799461364746,1.5315731416049512,0.14317731922549107,-0.010007800606212446,-0.010007809216371195,0.00018716100908158938,-0.966514347730362,-0.9665140832241044,0.0004863224728899785,0.00067845033659327,0.0006784502319753142,5.981306698844835e-07
Track_8,83.68481486786212,in-sample (trained on),1.056879910933544,1.0562652275406448,0.02447897934225488,0.5154706969916583,0.5157525922583297,0.016983320955876194,1.5723506079252023,1.5723556354639714,0.01835093952352725,1.5689079761505127,1.5607027595482417,0.14038680589850408,-0.009717427254856928,-0.0097174171312183,0.0001871607898586255,-0.8681552275093953,-0.8681550532554094,0.00048632243901696576,0.0006039824185253892,0.0006039821349225594,5.981304718065899e-07
Track_8,83.76039083965422,in-sample (trained on),1.0540084299813228,1.054902767548034,0.024503725213657516,0.520245923226573,0.5200902288786301,0.017054588435117746,1.5742543532078959,1.5740094045978887,0.01839842847675334,1.5689079761505127,1.5621777432303088,0.14007176953095776,-0.009477450207781953,-0.009477453952514382,0.00018716075023434044,-0.7795728347430682,-0.779572839453684,0.0004863224363307632,0.000539007159957329,0.0005390074025189051,5.981304475238314e-07
Track_8,84.25109732421228,in-sample (trained on),1.0463299917509832,1.0530271294268692,0.01865304959003283,0.5252749824903876,0.524975724679922,0.013122621492740913,1.5716049742413707,1.574871694718194,0.014122945850069738,1.5689079761505127,1.5753038453350283,0.13708108311027878,-0.008002748719486847,-0.008002719616587859,0.0001871602278494905,-0.7508513700144687,-0.7508515189782978,0.0004863223910682482,0.000531610732813974,0.0005316110310645019,5.981301899778602e-07
Track_8,84.37455679705167,in-sample (trained on),1.0695080882999526,1.069429111683545,0.012720150868603609,0.5215944077864111,0.5216233496914819,0.008693940288301774,1.5911024960863638,1.591008348860397,0.009502156866935037,1.580854058265686,1.5687714301441578,0.14178949685222866,-0.007724319860233065,-0.007724308681844193,0.00018716088762975446,-0.9077023301929145,-0.9077022122982329,0.0004863224647507853,0.0006110030758087643,0.000611003119074332,5.981305851756734e-07
Track_8,84.58042052759376,in-sample (trained on),1.077123066581103,1.0766575972555683,0.012381051025742058,0.5244500254729829,0.5244576716923677,0.008535227694054086,1.6015730920540858,1.6012479960217934,0.009292568058921178,1.580854058265686,1.5770115170421999,0.138435022017253,-0.005745282361617269,-0.005745247449371375,0.00018716031858699952,-0.8652887846619637,-0.865288715166449,0.00048632241363235116,0.0006651801162363178,0.0006651800323735311,5.981302915359923e-07
Track_8,84.65374531855265,in-sample (trained on),1.0730141499840407,1.0729806143506906,0.0110192506530336,0.5239106313403384,0.5238124318526518,0.008336118463800488,1.596924781324379,1.59648611849275,0.008645088913963086,1.580854058265686,1.5830757151277934,0.12538055538070517,-0.005236067004985325,-0.005236098377596948,0.0001871511076847931,-0.865100642539663,-0.8651005618296288,0.0004863215141028305,0.0006943140892130823,0.0006943139204739374,5.981254620213603e-07
Track_8,84.67443858042228,in-sample (trained on),1.0722367873942236,1.0728300455677375,0.01146846836165451,0.5237519863354733,0.5237298451560993,0.008538942763011525,1.5959887737296967,1.5966524142254437,0.008907555145007056,1.580854058265686,1.5828624760278447,0.12682715221502291,-0.005062115373097787,-0.0050622244086286,0.0001871529021158922,-0.8641197384622744,-0.8641197568117044,0.0004863215950113979,0.0006871324196653563,0.0006871321523916048,5.981260558468463e-07
Track_8,84.85636908938119,in-sample (trained on),1.0685720760746307,1.0696279025398687,0.011605534012110362,0.5230856764601521,0.5230219529623261,0.007991155188304297,1.5916577525347828,1.5919676499112603,0.008703678659177407,1.572890043258667,1.5717579569330005,0.138115270619573,-0.0039974526966978004,-0.003997335715057273,0.00018716029514061897,-0.8685638510283878,-0.8685637967480337,0.0004863224070780166,0.0006277887399265152,0.00062778867537016,5.981302428548274e-07
Track_8,85.03421521579816,in-sample (trained on),1.0753938290939864,1.076314031071792,0.01213247834851086,0.5184690948738995,0.5183846184347869,0.008363497838041195,1.5938629239678859,1.5939211611519088,0.009097070764258575,1.572890043258667,1.5664067576531706,0.1369292533330623,-0.002892389624063355,-0.0028924215281005477,0.00018716035774244845,-0.9202632675179931,-0.9202632187610238,0.0004863223671341807,0.0007434864540427307,0.0007434872657563554,5.981301401238457e-07
Track_8,85.2681192870659,in-sample (trained on),1.0981753146743394,1.1009595981269555,0.0164899552310871,0.5024776364940097,0.5026534374201346,0.011527658489569916,1.6006529511683492,1.6022823057535154,0.012459672913099077,1.5609439611434937,1.5506687077354868,0.13731954680803132,-0.002452602551027481,-0.002452509426890223,0.00018716020276185105,-1.00275704191804,-1.0027565911652414,0.0004863224047141582,0.0010116892599479246,0.001011687702247618,5.981302279382701e-07
Track_8,85.36779043280029,in-sample (trained on),1.0923530261117624,1.093317082141964,0.01608667589930162,0.5060630230552172,0.5060213838794373,0.01136182431103771,1.5984160491669794,1.5992071841753284,0.012204589178807958,1.572890043258667,1.5773064715406682,0.13452042612778337,-0.0023569884735797127,-0.002356893869139628,0.00018715990475795142,-0.9540960866381193,-0.9540960868514787,0.0004863223461012113,0.0009275180426476995,0.0009275171079920706,5.98129937635231e-07
Track_8,85.39386654402719,in-sample (trained on),1.0907348430014228,1.0892480781001406,0.016399725385905034,0.5081095488897833,0.5082703539628632,0.011352171105695572,1.5988443918912059,1.5982727206686727,0.012317175222573458,1.572890043258667,1.566970946142659,0.13867276622129676,-0.0022382285993080586,-0.0022382602712116015,0.00018716055047154488,-0.9345035471747839,-0.9345034165205202,0.0004863224066750862,0.0009307972788338782,0.000930796546398124,5.981303288026025e-07
Track_8,85.47819091319735,in-sample (trained on),1.0885296704997105,1.0909262983144055,0.016082315426229073,0.5096960033316061,0.5099715534063296,0.01144927468700807,1.5982256738313165,1.5996987553220443,0.012266938904046627,1.572890043258667,1.5703577539113833,0.13390062126260205,-0.0022218577734332595,-0.0022218973262646095,0.00018715948975566417,-0.9248392358333706,-0.9248385969946722,0.00048632232106579827,0.0009447054684840666,0.0009447033387476689,5.981298320464271e-07
Track_8,85.95057906833722,in-sample (trained on),1.084595271790645,1.0843534031934356,0.017469549701713383,0.515407236448797,0.5155835804125339,0.012053574550659314,1.6000025082394422,1.6001074457182725,0.013108081275697923,1.572890043258667,1.570217777409098,0.1405617266965775,-0.0010230290956878023,-0.001023048436290747,0.00018716068927388552,-0.8470789283125275,-0.8470787264700117,0.00048632245258228835,0.0009585698076045952,0.0009585692919200527,5.981304995913506e-07
Track_8,86.17334881487938,in-sample (trained on),1.0683817088129035,1.0685964685978457,0.015209396113805838,0.5344446874947187,0.5343611648587783,0.010547903789556673,1.6028263963076224,1.6026186589757583,0.011448535637984623,1.564926028251648,1.562740398203688,0.13832467882018656,0.0017867103696337001,0.0017867406321584252,0.00018716038634702275,-0.573555456324844,-0.5735557034773672,0.0004863224247263681,0.0006182875747345409,0.0006182878620637316,5.981303345346563e-07
Track_8,86.35720620045996,in-sample (trained on),1.0639555033934545,1.065097746161124,0.013033526578712786,0.5383632289935868,0.5380406665350588,0.009051534660819238,1.6023187323870411,1.6024821998396392,0.009811367319432395,1.564926028251648,1.5822692931938076,0.13513530256227088,0.003340841592543233,0.003340966956577111,0.00018716010123893934,-0.5866391532643113,-0.5866394659322547,0.00048632235910243385,0.0005451543746148257,0.0005451551192802427,5.981300434717998e-07
Track_8,86.85363083855393,in-sample (trained on),1.082045299429742,1.0827541185542988,0.012261271456494685,0.5147999148993265,0.5148460370132755,0.008472188189763879,1.5968452143290686,1.5974814907438208,0.009208603266300821,1.564926028251648,1.5729988621380007,0.13642887744753696,0.005176002071358455,0.005175812208371997,0.00018716022433253192,-0.863948308019784,-0.863948051786643,0.0004863223768045111,0.0006181638012111644,0.0006181649253303132,5.98130132409523e-07
Track_8,87.0476241741288,in-sample (trained on),1.0773610393127122,1.0776410491163837,0.01015682724147224,0.5132179294686868,0.5132816166451182,0.006966630773417034,1.5905789687813991,1.590839365488508,0.007603807052084443,1.564926028251648,1.5678097829425175,0.13849205725975122,0.005221942037736115,0.005221899129390046,0.00018716045387255785,-0.9858689977682131,-0.9858685979394698,0.0004863224145456601,0.0005305302966902751,0.000530530532664337,5.981303191720913e-07
Track_8,87.40063488807638,in-sample (trained on),1.0817555157074414,1.0817256106504294,0.009644997743340274,0.5006690779292726,0.5007368339521201,0.0065867535082006,1.582424593636714,1.5824625427489862,0.007205563365485485,1.564926028251648,1.5445202188777658,0.14145986652239034,0.0041179328879909485,0.004117976350303597,0.0001871608236213233,-1.2168172567383164,-1.2168167505678542,0.00048632246158106647,0.0007349894888241757,0.000734989321826605,5.981305651878283e-07
Track_8,87.68180317597614,in-sample (trained on),1.0674920358828135,1.06752750444128,0.011467338919762829,0.516032437719996,0.5161649052240765,0.00788310774107939,1.5835244736028096,1.583752424393047,0.00859143401833615,1.572890043258667,1.5653106188786814,0.13794150705852973,0.005078956589707826,0.005078840198321169,0.00018716045434148508,-0.9622538920963655,-0.9622534670791056,0.0004863224072123267,0.0005680829711834377,0.0005680831173323111,5.981302844328705e-07
Track_8,88.11542356912435,in-sample (trained on),1.0921150599105425,1.0910119441552557,0.020416296077669566,0.5218958340555548,0.5219843313418042,0.014305115958180613,1.6140108939660973,1.6129018991704407,0.015417070797646962,1.5489979982376099,1.5489884284201596,0.1385199048613466,0.008736305097323161,0.008736341417868623,0.00018716049115226991,-0.7750555893365965,-0.7750556279710399,0.0004863224168020703,0.0008844551223002488,0.0008844539545446088,5.981303280592525e-07
Track_8,88.37403606263112,in-sample (trained on),1.0981911781774574,1.0947619308351895,0.021418766791981028,0.523133269344193,0.5232774311413791,0.015408399048690919,1.6213244475216504,1.6195277478249417,0.016392044889090206,1.572890043258667,1.5774064747478076,0.1358981415821658,0.010779218802781543,0.010779268134237841,0.0001871599868204416,-0.6985941012570742,-0.6985941061023317,0.0004863223726677587,0.0009110441984254028,0.0009110430335412861,5.981300755184549e-07
Track_8,88.56375559202942,in-sample (trained on),1.0939712075598211,1.0940833021937326,0.022229108431856718,0.525100473151264,0.5246203116331363,0.01593879075776276,1.6190716807110852,1.618068173520409,0.016956381061197026,1.572890043258667,1.5721796601000941,0.1364468107453249,0.012183802426517116,0.012183863894601141,0.00018716014156675383,-0.6338125635730586,-0.6338128757331776,0.0004863223722916903,0.0008095441662947552,0.000809544067677074,5.981301006106543e-07
Track_8,88.56836118425227,in-sample (trained on),1.0941457171364135,1.0937524577978601,0.02349921956837348,0.5249894213866427,0.5250381133603701,0.016185177293288545,1.6191351385230561,1.6183504464032783,0.01758575326385661,1.572890043258667,1.5666948465332606,0.14182703542112135,0.012243511145052078,0.012243503090930119,0.00018716087543767403,-0.6302248644658048,-0.6302249051494163,0.0004863224646164752,0.0008062373985292524,0.000806237232025465,5.981305889254591e-07
Track_8,88.60453314967569,in-sample (trained on),1.0931938437826605,1.093125082592231,0.022993571382638012,0.5265282822320185,0.5266348633006472,0.016163915878999728,1.619722126014679,1.6190234806918857,0.017328951297422877,1.5609439611434937,1.552684555839506,0.13816819046434287,0.012346888870707522,0.012346882678529073,0.00018716047356750099,-0.6081422913230756,-0.6081423467411247,0.0004863223792489558,0.0007547457672949229,0.0007547457197779424,5.981302028791138e-07
Track_8,88.61599657459493,in-sample (trained on),1.092257835475572,1.0918493587043017,0.022188868457687035,0.5273215091560941,0.5271304765642367,0.01613130699716615,1.6195793446316662,1.6193889509317785,0.01702101159361354,1.5609439611434937,1.5615089834445466,0.13497125278912267,0.012380192686344998,0.012380240790467985,0.00018715988037366167,-0.6027608626543118,-0.6027609263140347,0.0004863223423673891,0.0007556630558793408,0.0007556628756439315,5.981299045643968e-07
Track_8,88.69380891649175,in-sample (trained on),1.0884503444352474,1.087810140011062,0.023894030724666695,0.5288762348106658,0.5285520185813245,0.016846544668771356,1.617326579245913,1.615827364435784,0.018047087102763225,1.5609439611434937,1.5547096341175795,0.138236344096722,0.012515273543279047,0.012515285258855794,0.00018716052702519336,-0.5773217455642526,-0.5773219965134413,0.00048632240366653913,0.0007610142817249288,0.0007610139669938599,5.981302871089303e-07
Track_8,89.01351220533405,in-sample (trained on),1.0759808169714957,1.0777451473838142,0.026894847150823784,0.5214357648890807,0.5211050758626986,0.01911278437506052,1.5974165818605766,1.5972038637674193,0.02040237893531298,1.564926028251648,1.5622245014035194,0.13879476571423263,0.011408917074444268,0.011408917312499016,0.00018716052679072984,-0.670775882259231,-0.6707758675654446,0.0004863224216372351,0.0009610533811373912,0.0009610538474037764,5.981303519290438e-07
Track_8,89.3796758475373,in-sample (trained on),1.079851766595565,1.076871429060497,0.027275789077949513,0.506665876573063,0.5075790462332459,0.01975162683051866,1.586517643168628,1.5863960332503118,0.02083434066614507,1.564926028251648,1.565001662667699,0.13680858070223764,0.014384351126198234,0.014384384233611798,0.0001871602827140361,-0.6681160712958706,-0.6681160755002509,0.00048632237752978594,0.0012852257867865709,0.0012852245681348453,5.981301521991558e-07
Track_8,89.61197059872237,in-sample (trained on),1.0850394768009624,1.084877189842989,0.024196235743203762,0.504206872704732,0.5048512817873541,0.018610478221599256,1.5892463495056943,1.5909810669398037,0.01894055600133351,1.564926028251648,1.567301927057904,0.13063511580657597,0.01662336986711515,0.016623351693398715,0.00018715880910302784,-0.6504769024919481,-0.6504770141754037,0.00048632215417196585,0.0012412558610907494,0.0012412543391587755,5.981291144153938e-07
Track_8,89.69391027956695,in-sample (trained on),1.0846428629827214,1.0849859931627885,0.024589626128318023,0.5051746092053998,0.5045889859557369,0.018633916536832523,1.5898174721881213,1.5893771631259392,0.01909676748702252,1.564926028251648,1.5621988538870895,0.1316416455765435,0.016977967388736897,0.01697793755515537,0.0001871585389983676,-0.7142348553731197,-0.71423464567709,0.00048632215769089324,0.0011539676159119452,0.0011539683596475392,5.981290780242108e-07
Track_8,89.89542814898115,in-sample (trained on),1.1014338434629498,1.0975791188134787,0.02390894060833752,0.5038810196436114,0.5056155571554599,0.0184681974453544,1.605314863106561,1.6048544517493797,0.018743403919316854,1.5609439611434937,1.555462438579774,0.1310607975511009,0.020521575014046087,0.020521551812541113,0.00018715822575150263,-0.6300501030530461,-0.6300501907516689,0.000486322142567564,0.0009144383485653143,0.000914436919686088,5.981289483671818e-07
Track_8,89.99026078382164,in-sample (trained on),1.0874191557624902,1.087838100807618,0.021966735929541875,0.5199603624196641,0.5192376595762778,0.015964846060348703,1.6073795181821542,1.6066609145183042,0.016800189931984538,1.5529799461364746,1.5510932103789212,0.1334608543798309,0.021979124755335023,0.021979179860396898,0.00018715899175170478,-0.6065777709283211,-0.6065778495564156,0.00048632221541741565,0.0007238581650053932,0.0007238599793826195,5.981293787345825e-07
Track_8,90.5244970335973,in-sample (trained on),1.0395399624133015,1.0401655238796126,0.015606462323363483,0.5377286480242512,0.5378214300272053,0.010726297289497836,1.5772686104375528,1.577025950443286,0.011682223702791225,1.5450160503387451,1.5241016487609824,0.13997192898712016,0.02059214705375233,0.02059219694748318,0.00018716072585016086,-0.9003087928773126,-0.9003084866028082,0.00048632244146141004,0.0006200260105890656,0.0006200263302821392,5.981304550564423e-07
Track_8,90.63191561649984,in-sample (trained on),1.0306399537035194,1.0303702360174924,0.021540376271904346,0.5324933496841872,0.5325834165131587,0.015030322168374528,1.5631333033877064,1.562741450756745,0.016243294086746456,1.5450160503387451,1.5272311577437874,0.1395842589530727,0.020798874585042624,0.020799028680521425,0.00018716057720038196,-0.9528546492109757,-0.9528544391505667,0.0004863224423747189,0.0004904927963112785,0.0004904934539886992,5.981304391157196e-07
Track_8,90.66703289617465,in-sample (trained on),1.0295770292975512,1.0283694637061047,0.02261266731398321,0.5315890709954904,0.5317332073908227,0.01550938580646627,1.5611661002930417,1.5601797078504052,0.016889620679031273,1.5450160503387451,1.531697438718598,0.14235890656826633,0.020878851033704376,0.02087881134065656,0.00018716093803930944,-0.940367134922557,-0.9403669337835198,0.00048632246907557116,0.00046022538848845915,0.0004602254652779587,5.981306230865015e-07
Track_8,90.69360657486047,in-sample (trained on),1.028260272693824,1.0332334810584733,0.02216934785083411,0.5312876446076124,0.5310498708842619,0.015611797141711254,1.5595479173014364,1.5617207495301435,0.016784424958828925,1.5450160503387451,1.5534984032113062,0.13833409341757055,0.02081694957618227,0.02081697635793136,0.000187160414013738,-0.9496973749321679,-0.9496972945264198,0.00048632242410854144,0.0004376428925211341,0.0004376429215075354,5.981303281914037e-07
Track_8,91.20554612932,in-sample (trained on),1.0339768644836214,1.026903369842533,0.021715989676060095,0.5229219295202739,0.5237943651723993,0.015322092776502086,1.5568987940038954,1.5516070135526023,0.016454973622495574,1.5489979982376099,1.5034427999020945,0.1378952171781722,0.024673306631870295,0.02467324328371004,0.00018716037087241754,-1.0382663893217643,-1.0382659859269485,0.00048632241731244884,0.0004105964985039129,0.00041059749934917416,5.981302943442033e-07
Track_8,92.23758009634912,in-sample (trained on),1.0673822404378914,1.0652943796801067,0.013531375898175452,0.5153120506807153,0.5158279893820489,0.01031710052291341,1.5826942911186066,1.5820370785799651,0.010511724209618838,1.556962013244629,1.5549904066056193,0.12677613271494972,0.03352183999700679,0.03352177746853863,0.00018714811786597638,-1.0426871254903194,-1.0426870031567361,0.00048632063616879494,0.0008062750543535251,0.0008062739735610349,5.981223228869704e-07
Track_8,92.26086012983887,in-sample (trained on),1.0671601999137137,1.064481568386817,0.013078608904797652,0.515495185459417,0.5152532514830647,0.010101151020830344,1.5826553853731307,1.5806171933939073,0.010232684990651185,1.564926028251648,1.5543471932821131,0.12567360572491518,0.033539715544953025,0.03353952128812193,0.00018714653371863384,-1.0450934162454872,-1.0450933730853005,0.0004863205530036491,0.0008042940326462317,0.0008042945032849473,5.981216641210964e-07
Track_8,92.44645181364223,in-sample (trained on),1.0702219937902049,1.0686055142215856,0.012905438182945045,0.5165336205664859,0.51640326234916,0.009822364253679413,1.5867556143566908,1.5858511175573589,0.010040624608412646,1.556962013244629,1.5535705974112042,0.1256748462252599,0.035020130218227925,0.03501995053502372,0.00018714240117879,-0.9158336436173871,-0.9158332503347716,0.00048632040528877665,0.0007492598745355621,0.0007492598817812214,5.981198465519091e-07
Track_8,92.45693422808583,in-sample (trained on),1.0702378576495257,1.0635827578060018,0.011834890337531167,0.5159942260776383,0.5164803634104393,0.009381950945935868,1.5862320837271642,1.582638113733155,0.009318612437356587,1.556962013244629,1.5515727262969132,0.12251548718797546,0.035020130218227925,0.03502032086440564,0.0001871361116832051,-0.9131851286877161,-0.9131857366474545,0.00048631973295586866,0.0007510441996150169,0.0007510443013834113,5.981159573469517e-07
Track_8,92.53028602759878,in-sample (trained on),1.0712531873904376,1.0683473893939675,0.011541524634273905,0.5129323701459573,0.5131784007796506,0.008385724225163621,1.584185557536395,1.5829728164168264,0.008744494935916438,1.556962013244629,1.557763602321185,0.12460715727529564,0.03527810506993669,0.035277450119709855,0.00018707447272532331,-0.9301793734912335,-0.9301799582326784,0.0004863058618831304,0.0007311209937497527,0.0007311141136840083,5.980579783754987e-07
Track_8,92.54180860189803,in-sample (trained on),1.0713325100116047,1.0713123815515402,0.011563410956953596,0.5124881630874725,0.5125949196304243,0.008400802856993258,1.5838206730990771,1.5842298791805784,0.008763057464460272,1.556962013244629,1.5591995873312947,0.12472846794211052,0.03525718313242708,0.03525773755924615,0.00018707474248221912,-0.9344268568197287,-0.9344262506316972,0.0004863059299000922,0.0007179788045809552,0.000717985637232437,5.98058348195403e-07
Track_8,92.65838679218572,in-sample (trained on),1.0616234096872854,1.0636229489989253,0.01359625006987733,0.5131703384843955,0.5131774002132407,0.009517189949660039,1.574793748171681,1.5756818362932234,0.01026733932857963,1.556962013244629,1.5477628614677592,0.13427958311960786,0.0350709466899677,0.035070822821724607,0.00018715902879724264,-1.049802590750113,-1.0498020304902933,0.0004863222161964147,0.0007324126893300964,0.0007324126707692127,5.981293483397814e-07
Track_8,93.30204471711335,in-sample (trained on),1.0806449947366676,1.0787277485368083,0.012516273315612966,0.5124564331128778,0.5126195953480708,0.008569878872257674,1.5931014278495454,1.5919955062517204,0.009359585508641311,1.556962013244629,1.538338046634398,0.1409520883955054,0.040884768294218256,0.04088462409862134,0.00018716076711569368,-0.7767473739896853,-0.776747307676628,0.0004863224548118364,0.0006932266728036182,0.0006932269597028164,5.981305259885238e-07
Track_8,93.47338073707746,in-sample (trained on),1.0838654937734642,1.0820754632283514,0.012925775197091779,0.5086489437348339,0.5088690594403672,0.008918017287409888,1.592514437508298,1.5919701275459688,0.009698928903274144,1.5609439611434937,1.5622791432076966,0.13768541684144042,0.04143818754566277,0.04143813106844088,0.0001871603994769898,-0.9907418002781673,-0.9907415655314531,0.0004863224006579921,0.0007133322599548706,0.0007133327453463023,5.981302436642529e-07
Track_8,93.58632605974276,in-sample (trained on),1.0925116683857374,1.0911713702179584,0.011427193897377957,0.5073004583438554,0.5074888955648775,0.008448308621908951,1.5998121267295928,1.5994220763487512,0.008822544967108865,1.5689079761505127,1.5648733887631812,0.12771769215627804,0.04300980462725438,0.043009665078969236,0.00018715377458819666,-0.9052311823133193,-0.905230839093479,0.00048632133579233465,0.0006105023866184101,0.0006105024036994215,5.981255779188032e-07
Track_8,93.60745468429292,in-sample (trained on),1.0937808322241582,1.0942201104998044,0.011577537061103031,0.5083633829872921,0.5082543081979765,0.008525242927422808,1.6021442152114505,1.6019814928543727,0.008916160476918558,1.5689079761505127,1.5643130939979115,0.1282166922925397,0.043414498989780746,0.043414505511089024,0.00018715422008444544,-0.8802264898345872,-0.8802267337054709,0.00048632135064706814,0.000603300557716942,0.0006033010181845853,5.981257340565426e-07
Track_8,93.73924935372048,in-sample (trained on),1.0961605150148688,1.0959729723559941,0.01262807738807713,0.507221134891548,0.5072074434350521,0.008731134356828108,1.6033816499064169,1.6031516635401406,0.009479346514770422,1.564926028251648,1.5633259460725675,0.13596300056678054,0.04376368430656428,0.043763681927612,0.0001871602639569283,-0.9599561271989268,-0.9599561527353788,0.0004863223566579892,0.000594941664188574,0.0005949423448837599,5.981300624189719e-07
Track_8,93.88930405939189,in-sample (trained on),1.0886248554366518,1.0882325871349736,0.013074316026771447,0.5082523305102649,0.508357376942326,0.008996410482888625,1.5968771859469166,1.5964720539256398,0.009792925187164358,1.564926028251648,1.5423476496587378,0.13833891958675293,0.04388459791478358,0.04388454554326095,0.00018716055094047186,-1.0327984145384779,-1.0327981997430884,0.0004863223933783826,0.0006681110578028084,0.0006681109804911618,5.98130277395824e-07
Track_8,93.9710629910513,in-sample (trained on),1.0795979328839427,1.0799601175650757,0.014107445012805581,0.5167557248081344,0.516590868504118,0.009882743661043606,1.5963536576920772,1.5966641117583056,0.010659570816237479,1.564926028251648,1.5581444596023777,0.13434837915715722,0.04421071290008483,0.044210762445542715,0.00018715987896687563,-0.9958466152885488,-0.9958465757234995,0.0004863223165798389,0.0006495104825412986,0.0006495105041714703,5.981298607067191e-07
Track_8,94.10512689328434,in-sample (trained on),1.0715704752629496,1.0719947888578083,0.011567024850164408,0.5187229279027992,0.5187025110381294,0.008503275060209283,1.590293403165749,1.5905137540429872,0.008904845631764063,1.5609439611434937,1.5582753118389523,0.12825631943098392,0.04500402211366842,0.04500409587868734,0.00018715372745932096,-0.9628362041990226,-0.9628358607324143,0.0004863214859245115,0.0006815170957103697,0.0006815174065863847,5.981259081504045e-07
Track_8,94.12666577057496,in-sample (trained on),1.0714911522855797,1.071212755219199,0.011136216047058297,0.5191671348425496,0.5192325685070174,0.0084163898255278,1.5906582871281294,1.5905287221619786,0.008709588116697666,1.5609439611434937,1.5608333912718435,0.12584287146352308,0.045366744025765605,0.0453666557499634,0.00018715146080430719,-0.9326672074545578,-0.932667248041782,0.00048632136966542426,0.0006922229172665418,0.0006922219581803447,5.981250302139856e-07
Track_8,94.20736873982642,in-sample (trained on),1.0671601327529467,1.0663040013322296,0.01288644204850644,0.5232601860367444,0.523341185578891,0.008908522264670793,1.590420318789691,1.5901281228827935,0.009684112428900216,1.5489979982376099,1.5485115386373869,0.1377939288710744,0.046501458520916375,0.04650140438422576,0.00018716019267990154,-0.8245303510929973,-0.8245302123740867,0.0004863224012489567,0.0006837425268754676,0.0006837425588306027,5.981302116176068e-07
Track_8,94.7596089953334,in-sample (trained on),1.039698611217666,1.0396997868796325,0.011262320306442994,0.5347619773857147,0.5347847261812605,0.007676804201263813,1.5744605886033807,1.574349199764171,0.008404454562604455,1.5489979982376099,1.530830824406428,0.1432415335403818,0.049758469940800416,0.04975845280792786,0.0001871610118951445,-0.6718923250642426,-0.6718923505870766,0.0004863224730242886,0.0005001985561260235,0.000500198682482273,5.981306733699667e-07
Track_8,94.89203305239138,in-sample (trained on),1.0450608267252188,1.0458261336487562,0.011889439743936093,0.5307165191942952,0.5306778149270788,0.00818818242248939,1.5757773459195141,1.5762635211233578,0.008911251370024317,1.5529799461364746,1.553178526841293,0.1367459445135667,0.05100655964896327,0.05100649825557639,0.00018716041870301135,-0.6867646627118041,-0.6867646935214211,0.0004863223828753296,0.0005190082351158972,0.0005190092554192511,5.981301852534574e-07
Track_8,95.29536819006444,in-sample (trained on),1.051516626562391,1.0514473965324078,0.011445490135179202,0.5210731455257961,0.521116113388228,0.007821275590352164,1.5725897720881872,1.5725253263878567,0.008551688226458713,1.5529799461364746,1.545461663636086,0.14170699487472557,0.052412995475464026,0.052412958111383426,0.0001871608524602895,-0.8872398756927756,-0.8872396967150407,0.0004863224638643385,0.0006370729591455734,0.0006370726978846126,5.981305800217828e-07
Track_8,95.73827962122456,in-sample (trained on),1.0513749162989308,1.0504469100594462,0.01415304954046006,0.5247514539980793,0.5250362438728516,0.009893316781772103,1.5761263702970103,1.5757214431530178,0.010668865075449367,1.5410339832305908,1.5410367267647973,0.13501598961753683,0.057679476090972286,0.057679354322555554,0.00018715995657455657,-0.5644429828351494,-0.5644432274776876,0.00048632227021596936,0.00044788003396495504,0.0004478790071604119,5.981297544571456e-07
Track_8,95.94375617198281,in-sample (trained on),1.0418086027006703,1.0420944813600632,0.012185611734938295,0.5311448627496621,0.5310235960221497,0.008499691281325527,1.5729534654503325,1.5734057985389867,0.00918137052556127,1.5689079761505127,1.5636215242169222,0.1333062078815975,0.05883152968079381,0.05883162865037647,0.0001871596972569228,-0.6147935966052057,-0.6147934416407121,0.0004863222447238978,0.0002672577485471507,0.000267259530667127,5.98129568388195e-07
Track_8,96.0381496251697,in-sample (trained on),1.0395399746429397,1.0393875939740242,0.014802024274006306,0.5337783766695228,0.5338134616265698,0.010336158932877832,1.5733183513124624,1.573048513876711,0.011151846564242321,1.572890043258667,1.5678004620335404,0.13549429582895825,0.05941021338933044,0.05941021168665113,0.00018716004449862748,-0.6048930846355984,-0.6048931863498873,0.00048632229388142134,0.0002631418569963688,0.00026314215672642937,5.981298502832932e-07
Track_8,96.0902316981958,in-sample (trained on),1.0374934472648272,1.0378578591565342,0.014625293930835384,0.5331279306535227,0.5330039451248052,0.010329876169046022,1.5706213779183498,1.57109228616422,0.011079036667314576,1.5689079761505127,1.5744031448902096,0.1328601562771983,0.05958687853135035,0.05958692016386109,0.0001871596090982241,-0.6174349501271087,-0.6174350543272902,0.00048632224845772084,0.0002943177795699465,0.0002943183673991036,5.981295632508146e-07
Track_8,96.35263399961391,in-sample (trained on),1.0371602919709635,1.03760183355551,0.014414809200762517,0.5284478898304867,0.5284267494813135,0.010308200431582972,1.5656081818014502,1.5654641932911428,0.01089636653308242,1.5410339832305908,1.5352495847724354,0.13034774244357994,0.06318573572713396,0.06318560719651277,0.00018715879034577235,-0.594483914275139,-0.5944839682835794,0.0004863218315318838,0.00043839410421040137,0.0004383939006654318,5.981280206471099e-07
Track_8,96.39938528406401,in-sample (trained on),1.0399207218709694,1.039967355596212,0.014674561282637668,0.5279878183190091,0.5280537902951055,0.010548973532586409,1.5679085401899786,1.568031774827175,0.011119693301800826,1.5410339832305908,1.54347299670636,0.13015050839386683,0.06372205059600886,0.0637221437746165,0.00018715867592647325,-0.5956324718224775,-0.5956325013764515,0.0004863218281741264,0.0004336681209189276,0.0004336682341598167,5.981279925318551e-07
Track_8,96.63806006034568,in-sample (trained on),1.0421417585882058,1.0424456525530519,0.012097286351234493,0.5214833557843213,0.5213951345228522,0.008432698522485632,1.563625114372527,1.5636196343795543,0.009115415519099302,1.5450160503387451,1.5459069029229553,0.13363159944965675,0.06433164504681818,0.06433162187476513,0.00018715971484176467,-0.7375170794764645,-0.7375171071583436,0.0004863222486994791,0.0004590839188147924,0.0004590842190590339,5.981296220581247e-07
Track_8,96.78427251790984,in-sample (trained on),1.0480433681096688,1.0473992380717694,0.011988327317099357,0.516581212144449,0.5167793524079655,0.008335521719560686,1.5646245802541179,1.5644644095851161,0.009023566676721414,1.556962013244629,1.5501137050950304,0.13456990375349487,0.0657877804169172,0.06578780162092618,0.00018715981167559756,-0.772798299719464,-0.7727981766919604,0.00048632226930266017,0.0005353268130497877,0.0005353263588440449,5.981297165462624e-07
Track_8,97.15312549019828,in-sample (trained on),1.074045351183272,1.0733423135041629,0.01031538622361862,0.5049207743658013,0.5051700899966549,0.007101884617702515,1.5789661255490732,1.5786914234528047,0.007728632592037825,1.572890043258667,1.5026874901482699,0.13513737766199643,0.06878216024488211,0.06878216433133909,0.00018715976032788128,-0.7040750352443591,-0.704074954543338,0.00048632228388874484,0.0005981504201718885,0.0005981496460173266,5.981297353447746e-07
Track_8,97.25945204133532,in-sample (trained on),1.0494394456722822,1.0431632943158489,0.02236843894053265,0.5170730141054587,0.5171290223132514,0.017253047412454838,1.566512459777741,1.5634912921939026,0.017627957969725855,1.5489979982376099,1.5335047356301281,0.13165294921696336,0.06965535466513291,0.06965526641337082,0.0001871587957384835,-0.7213009791630843,-0.7213010451975906,0.00048632222680691946,0.0003897187027501698,0.0003897200087146039,5.981293014756205e-07
Track_8,97.45380887300365,in-sample (trained on),0.9692917797432478,0.9741383573255624,0.04142303502736553,0.5467397080237172,0.5457549394523321,0.030416227024705384,1.516031487766965,1.5158406222676943,0.0316071949878355,1.513159990310669,1.5160211510601376,0.13963987664408875,0.07045006773565426,0.07045007614769153,0.0001871605886890915,-0.8661271437272455,-0.8661269416343714,0.0004863224272513985,0.00028727142291990767,0.00028727159477242654,5.981303784253369e-07
Track_8,97.59525893969257,in-sample (trained on),0.8865740584187298,0.8842156411586419,0.04445891182425495,0.5517687676437347,0.5560322007029149,0.03616898660541841,1.4383428260624647,1.4436383546993945,0.035341015539053895,1.4375020265579224,1.3901816948502224,0.1357050751381713,0.07238790850002927,0.07238775932446695,0.00018716003535452602,-0.6765118512266824,-0.676512037321629,0.0004863223635615308,0.0006560746162380569,0.0006560752612254433,5.981300494681585e-07
Track_8,97.70687233356583,in-sample (trained on),0.8189911093132429,0.8514194837215479,0.058518798634623136,0.5690293887934362,0.5702178004464695,0.042818536338486715,1.388020498106679,1.4248697085005304,0.04412854541323756,1.0552300214767456,1.11781095691816,0.14145950465457877,0.07194335885140873,0.07194331441097722,0.00018716088622297602,-0.4097692351312282,-0.4097696640766237,0.00048632245773979704,0.0009474346141192932,0.0009474339162041425,5.981305606451362e-07
Track_8,97.79680892877039,in-sample (trained on),0.8029044632655216,0.7984209544155766,0.038534282761501976,0.584180025821663,0.5840052115627857,0.0325659287317653,1.3870844890871845,1.3806835962578363,0.031039788955769046,1.0552300214767456,1.0961498815223503,0.12723160481813428,0.07001359082477272,0.07001341041788618,0.00018715380788321615,-0.7130231260500141,-0.7130228897447509,0.0004863216112360891,0.0010424865314261093,0.0010424873621749052,5.981263060601625e-07
Track_8,97.82502230344454,in-sample (trained on),0.7986527654041807,0.8027762530267153,0.03347946441953451,0.5866548940242524,0.5830343102163267,0.028484742465765975,1.385307659428433,1.3868189235791255,0.027143530823781424,1.0552300214767456,1.1002037297133183,0.12266034912994772,0.06943319278870713,0.06943344523523316,0.000187146877702034,-0.7059263117677665,-0.7059263811966134,0.0004863211922950487,0.0010746948481351174,0.0010746927921386987,5.981233389599262e-07
Track_8,97.87469419942016,in-sample (trained on),0.7901176411317165,0.7882279910688134,0.037192302375423994,0.5910652367717242,0.589090953048925,0.028103594245306233,1.3811828779034405,1.3808144717353545,0.028784419469361534,1.0552300214767456,1.06383924956781,0.1226870083569208,0.06848183641501512,0.06848234173729982,0.00018708097070891836,-0.6385340572390628,-0.6385337024768358,0.00048631365986374843,0.0011280933235652683,0.001128096504955871,5.980827642122715e-07
Track_8,97.88366489522278,in-sample (trained on),0.7885782134438318,0.7807587019793142,0.03952391492760006,0.5920380732369801,0.5910210445878378,0.03002711494216853,1.3806162866808118,1.3754391782659108,0.03050104638362394,1.0512479543685913,1.0591166988341845,0.12488459735432272,0.06831354121951495,0.0683129747168528,0.0001870982487772208,-0.6204719301900213,-0.6204723196817479,0.00048631480933606573,0.0011369143346361345,0.0011369103750261652,5.980909163471096e-07
Track_8,98.41331206190881,in-sample (trained on),0.5059826259338667,0.568696870232539,0.05018735681968397,0.6341651039759791,0.6282579038667151,0.03948413460225351,1.1401477299098457,1.1879193382908504,0.03948705618408713,1.0512479543685913,1.076919027644365,0.1389165387552296,0.06168989832654144,0.06168994329323313,0.00018716043652224908,-0.41229728158484324,-0.41229769854743314,0.0004863224303405315,0.0011875779290604596,0.0011875766081290437,5.981303606840535e-07
Track_8,98.83148641247953,in-sample (trained on),0.336305180239299,0.35875709244118087,0.03480137765675422,0.6535378504721892,0.6665215161058508,0.030725552685768074,0.9898430307114882,1.0235883831213277,0.028618340599267295,0.9875360131263733,1.003064845268854,0.1302498387655415,0.06758233243278389,0.06758245005346102,0.00018715833548175152,-0.20996756630037722,-0.20996695284542333,0.00048632217864328465,0.0006254318436322312,0.0006254336793135621,5.98129114597102e-07
Track_8,98.90133932066587,in-sample (trained on),0.2938113109286563,0.30193161699598703,0.029362869562473276,0.6979763846829593,0.7016697063745838,0.022251410681890016,0.9917876956116156,1.0018944450560037,0.022506628223203345,0.9875360131263733,0.991237498527836,0.1247436010833099,0.06727687579275358,0.06727676543112099,0.00018714501052346374,0.23145625410710505,0.23145462487652957,0.000486319520529744,0.000639882148641666,0.0006398862623723037,5.981177558482424e-07
Track_8,98.91539160739563,in-sample (trained on),0.28605354865233734,0.30369698146176916,0.028070763849387628,0.7130794291833482,0.7017839235233337,0.020918711205784105,0.9991329778356856,1.00206047515672,0.021467487537001534,0.9875360131263733,0.9970308366797612,0.12311172071819126,0.06723742509625621,0.06723742407341575,0.00018714127564145927,0.17412331143041013,0.17412353970689165,0.00048631910341353287,0.0006685448376718586,0.0006685397398030847,5.981154816244251e-07
Track_8,99.08115973140119,in-sample (trained on),0.20879322928617675,0.21520590824520358,0.020397340568909343,0.7252633980961435,0.7246199402998176,0.0140121411009742,0.9340566273823202,0.939250077494914,0.015253137175302573,0.9238240122795105,0.9491298860780782,0.14156666090507883,0.06444426242640053,0.0644442536269579,0.0001871608707484121,-0.30242839361892976,-0.3024285860767717,0.00048632246096323993,0.0007057899959549279,0.0007057899231669443,5.981305745705524e-07
