track_id,x_mm,_split,true_width_mm,pred_width_mean_mm,pred_width_std_mm,true_y_left_mm,pred_y_left_mean_mm,pred_y_left_std_mm,true_y_right_mm,pred_y_right_mean_mm,pred_y_right_std_mm,true_centerline_y_mm,pred_centerline_y_mm_mean,pred_centerline_y_mm_std,true_peak_depth_mm,pred_peak_depth_mm_mean,pred_peak_depth_mm_std,true_profile_skewness,pred_profile_skewness_mean,pred_profile_skewness_std,true_profile_waviness_mm,pred_profile_waviness_mm_mean,pred_profile_waviness_mm_std
Track_21,24.716252721611795,held-out (not trained on),0.0006636654337247213,0.3976991117366249,0.3086912084881665,0.1426883339881897,0.6297043827853469,0.2378406280238832,0.14335199942191443,1.2796968099972694,0.1673920047285987,0.3862540125846863,1.0215626837167398,0.3778231801586841,0.004911201540380716,0.15817096517058446,0.22980761915565834,-0.5169079169494732,-0.6960346116217819,0.34950635448474804,0.06260115007780197,0.0005995191967728659,0.00037954356960676213
Track_21,24.74188295692342,held-out (not trained on),0.00044244362248314754,0.3622989335733825,0.24275818859849005,0.23891999986436632,0.6228475040579682,0.21887062367210988,0.23936244348684946,1.2105347905644424,0.15407173992252213,0.3862540125846863,0.9812806230018881,0.3690095352378536,0.004911201540380716,0.12965831065916827,0.15483250298237972,-0.18292444611966854,-0.6954109194032687,0.34931620429512966,0.06437212491545026,0.0006488744243594205,0.00037331154876903204
Track_21,24.82818838010526,held-out (not trained on),0.00044244362248314754,0.3858569638517589,0.30917802801227556,0.23891999986436632,0.6280193278300252,0.23797111956889966,0.23936244348684946,1.272748132327239,0.16747787365739844,0.3862540125846863,1.0128305916041966,0.3778576821856396,0.004911201540380716,0.1585494505889537,0.23067292679750243,-0.18292444611966854,-0.6975197773155968,0.34950616774778903,0.06437212491545026,0.0006118370090701152,0.0003795663365877633
Track_21,25.16686700034849,held-out (not trained on),0.004181099683046341,0.42251036613802495,0.31718835886458574,0.2843148002400994,0.6389966324309968,0.2402717133138079,0.2884958999231458,1.3078451070773993,0.1690874068159153,1.8675580024719238,1.0031194604265532,0.37883378091884184,-0.00279630278237164,0.12683492402608162,0.24395441373173268,2.464938958435348,-0.7012182249934032,0.3495159621396502,0.04078127729294587,0.0006201212897623202,0.0003801755773070922
Track_21,25.3779998996878,held-out (not trained on),0.006412571030003684,0.43291341190386595,0.2603973112201305,0.2913582854263194,0.6622440766187729,0.22568799864445438,0.2977708564563231,1.3055824824530282,0.15879851703684822,1.8675580024719238,0.9311552858281142,0.372771980357874,-0.00279630278237164,0.05835617582497217,0.17335828615591498,6.2411104812535,-0.7050054299294497,0.3494305605550699,0.01739972727478918,0.0006458821837309322,0.0003761567654179869
Track_21,25.488727651306466,held-out (not trained on),0.006412571030003684,0.4334579542392316,0.3006892194813818,0.2913582854263194,0.626717298037452,0.2350546940979887,0.2977708564563231,1.281126605145575,0.16540919758190492,1.8675580024719238,0.9598666749950642,0.37647386308512343,-0.00279630278237164,0.1112236489466246,0.2230925660140187,6.2411104812535,-0.7013517808345864,0.3494888467780661,0.01739972727478918,0.0006298013217875076,0.0003786690220445165
Track_21,25.645725779874756,held-out (not trained on),0.008913834434036814,0.460207451291929,0.3098836536837185,0.2365454129122813,0.616977830738016,0.23810498897118593,0.2454592473463181,1.2959431206133256,0.16756075984945323,1.8675580024719238,1.019249933245748,0.37788418409793983,-0.00279630278237164,0.15142354329801283,0.23284836200046366,3.712391937304593,-0.6950202398087351,0.3495057059985115,0.006344968328214035,0.000569613239594899,0.0003795779766401658
Track_21,25.872421128498548,held-out (not trained on),0.009801845997571945,0.5106422887159918,0.30460081181894727,0.26934656381416017,0.6312993901907886,0.23600860692747316,0.2791484098117321,1.3325430702379306,0.16608453816558358,1.8675580024719238,1.038760021987849,0.37683114174698934,-0.00279630278237164,0.1611032131994337,0.22855597014933748,-1.3373465743225725,-0.6899993226480867,0.349489739554176,0.0022935628265746437,0.0005291147511303875,0.00037886661462975096
Track_21,26.302407983169598,held-out (not trained on),0.010526883396062446,0.5641777371223243,0.3171526647708064,0.26071509544519667,0.633126682794955,0.23974215984099387,0.2712419788412591,1.3614260599009553,0.1687148356762992,1.3698079586029053,1.061083938919938,0.37850618218463594,0.002185781803356284,0.14269992878744192,0.2463571789578733,-1.0515245658792516,-0.6926864123191508,0.3495108292206397,0.0022422156050061247,0.0005228050206423988,0.0003799385730644878
Track_21,26.51618062713191,held-out (not trained on),0.014543700115875113,0.5640588273944063,0.3302873431124611,0.2652729782295841,0.6409655269167385,0.24293624883543144,0.2798166783454592,1.3634182261656425,0.17106218627671133,1.3698079586029053,1.053377870865186,0.37976724404960693,0.002185781803356284,0.11057703018673724,0.2642287097579146,-0.8093752587710273,-0.6971479588322651,0.349520791597136,0.002642286714589208,0.0005175088963715205,0.0003806680628721858
Track_21,27.777103779654006,held-out (not trained on),0.2977774503874589,0.5703691221091475,0.2300060176067686,0.9198737315150846,0.6527093329591029,0.21219890751636392,1.2176511819025435,1.3168066005676184,0.14964277147836627,0.9357699751853943,0.9170373962654854,0.3647265799157592,0.019658677225165507,-0.03567762989976432,0.14347364832790568,-0.40927005016372947,-0.7071133350467546,0.349085817076755,0.00022142747299049934,0.0006026009101970102,0.0003695737038938288
Track_21,27.910775673985754,held-out (not trained on),0.35573062027593055,0.5632537270660358,0.30237088467292195,0.9167325527544515,0.6630028087836576,0.23565465432550486,1.2724631730303821,1.3586274721329168,0.16586021309957127,0.9357699751853943,0.9954994299776697,0.3769351639923868,0.019834271295030424,0.05811358350574765,0.22238371523374928,-0.6005230076578335,-0.6949590305156287,0.3494969346926796,0.0002553229881445434,0.00055828037362725,0.0003789279678677847
Track_21,28.160727886160956,held-out (not trained on),0.4338793493362062,0.5773754360060742,0.2538627997538448,0.8966480436553044,0.6618129113232322,0.22477321224368685,1.3305273929915105,1.3324440108613402,0.15825535974083763,1.3299880027770996,0.9807098526385633,0.37294378936643846,0.02031670633430888,-0.03230552890181444,0.16250288775816651,-0.30080897008385715,-0.6960242643365478,0.3494408885145562,0.00016547740618669124,0.0005699539524880836,0.00037622615597385987
Track_21,28.34770415066181,held-out (not trained on),0.4511399758289535,0.5524135341660359,0.29738945090989705,0.8867327031861263,0.6701090411002983,0.23407878948144817,1.33787267901508,1.3562306741552956,0.16473684521894016,1.3220239877700806,0.9878646962829694,0.37619694628954076,0.020962580187266232,0.06312931866008283,0.2159320643346717,-0.4932627727495115,-0.6955610207977833,0.3494884370801927,0.00016835958200208607,0.0005787706109639061,0.00037845583365586757
Track_21,28.669695361679736,held-out (not trained on),0.4620865104920361,0.5585278541996537,0.2962375927994569,0.8901594415366412,0.6715319296591259,0.23349165678991157,1.3522459520286774,1.3594457557089183,0.16430434160219132,1.3498979806900024,0.9763423352715077,0.3758353327468477,0.02082520621368968,0.050220209544745084,0.2159276952253797,-0.32724214135665686,-0.6976942221659964,0.34948240506957107,0.00022475474631135757,0.0005907175348462215,0.0003782150856127458
Track_21,28.69225471363511,held-out (not trained on),0.464614071188465,0.5604545321276824,0.29197349639530634,0.8886338646213213,0.6742220077599554,0.2317866285093898,1.3532479358097864,1.3589195517987165,0.1630987519553498,1.3498979806900024,0.9642321262570374,0.374866793999499,0.020758623008541068,0.043082016934832976,0.21117071620237274,-0.34738602291033777,-0.6972326503582273,0.3494637020839979,0.00022703005445909142,0.0005921950083778607,0.0003775461999276008
Track_21,28.842298960832508,held-out (not trained on),0.4807432121727096,0.5543906890276877,0.30186152344978795,0.880926278364136,0.6666943068128548,0.23550035644426154,1.3616694905368456,1.3590464929198804,0.16572118856839435,1.3578619956970215,0.9884187855961136,0.3768314511511566,0.01985002743518528,0.058333756941189155,0.22282256989030846,-0.8298717649434652,-0.6991021397909867,0.34949620025309197,0.0002828117982378802,0.0005948845524911115,0.0003788858193666202
Track_21,29.054557245295538,held-out (not trained on),0.4528102885399546,0.520108410815456,0.29641618548470844,0.8906722696764129,0.6624672764576132,0.23378200040706923,1.3434825582163674,1.3362227988879891,0.16455020048773447,1.3419339656829834,0.9980780238909273,0.3759888537759818,0.019621892121209895,0.08491336510671646,0.21347454090382217,-0.8552399480744586,-0.6951004729489739,0.34948355822611865,0.0002705847520357584,0.0005861864675689406,0.0003783304580216669
Track_21,29.25407322270917,held-out (not trained on),0.4193791635186074,0.5222973650616047,0.30918188736261193,0.8959499995606354,0.6568539178693314,0.23763135388140275,1.3153291630792427,1.3519342171821527,0.16732495311256393,1.3140599727630615,1.0522953144403075,0.3778602938799738,0.019822574268694215,0.11862631169966852,0.23054929610613817,-0.5755236701770298,-0.693216785001532,0.34950688341712516,0.0002313559094083443,0.0005289672512900246,0.0003794682984316273
Track_21,29.389050676869676,held-out (not trained on),0.4163560211835873,0.5470354380630678,0.23600173343351594,0.8976249682110926,0.6634868147023842,0.21509143498164435,1.3139809893946799,1.323669013035223,0.15157135298360322,1.3060959577560425,1.0309362237155086,0.3672141894255536,0.019914635321468983,0.03728630512611436,0.1493634843339337,-0.48827255936492403,-0.6856863129446358,0.3492438394525131,0.00019469719320260284,0.0005196234867188068,0.0003714405982529403
Track_21,29.535260026763044,held-out (not trained on),0.4387497660588933,0.5040500357102596,0.29271036910369347,0.8847972266524436,0.6521283044111017,0.23234255216755076,1.323546992711337,1.3181181636950372,0.16358763967671755,1.3220239877700806,1.0072385474631922,0.3753015412992796,0.01926827920144614,0.09109572260239328,0.2083174252439925,-0.5875697049632388,-0.6905014406790505,0.3494727205234394,0.00022114566615467625,0.0005710280940710827,0.0003778089903781695
Track_21,29.583550975754708,held-out (not trained on),0.4375281973604662,0.5115356229140307,0.3064979457407745,0.8806565810306614,0.6470512487406092,0.23707487899811505,1.3181847783911276,1.3340802216184864,0.1669174019985345,1.3180420398712158,1.0429971565846847,0.3776538547255349,0.019039710993335273,0.1111872589092372,0.2260181409892711,-0.6686069130576786,-0.6931043207193579,0.3495064961284192,0.00022255497085967556,0.0005498231976842797,0.00037937711903962557
Track_21,29.727298703037995,held-out (not trained on),0.4334351454538653,0.5206291425449365,0.2411097018019189,0.8764842060279561,0.6463930024986554,0.21845199271601015,1.3099193514818215,1.2925316129254396,0.15385470384353525,1.3060959577560425,1.0226764756604438,0.3693613945612,0.018471628673887127,0.03478366317127635,0.15297092605253346,-1.0094533463393283,-0.6875372299684391,0.34936204734593435,0.000253038217923723,0.000567753808829918,0.00037352734255228446
Track_21,29.79239073590393,held-out (not trained on),0.4320866604190899,0.5087551516043882,0.31774111263110355,0.8765317995056688,0.6387919709843314,0.2405275445109667,1.3086184599247586,1.3364408220668977,0.16932012101418195,1.3060959577560425,1.0577707078236689,0.3790475757506943,0.018327683180649864,0.12186325644108222,0.24072633052259265,-1.139529328832541,-0.6951668027964144,0.34951839242775223,0.00025455919250098094,0.0005557522852000518,0.00038028628182650357
Track_21,29.836699705420564,held-out (not trained on),0.4336889786014994,0.49860294138347383,0.30589937947629503,0.8767380382257154,0.6416740843964374,0.23709838800326577,1.3104270168272147,1.3204863983901935,0.1668996399678803,1.3060959577560425,1.030240481687882,0.37762160002896716,0.018303285258259364,0.11217858243484732,0.22457200693518675,-1.1692812881813246,-0.694662763683788,0.3495064880641221,0.0002351758306912968,0.0005756459195869974,0.0003794106349089705
Track_21,30.256671807244466,held-out (not trained on),0.5049049074193871,0.49173647710840435,0.31481721795555967,0.8486577983633931,0.630944607514215,0.23975031409873904,1.3535627057827802,1.3222445961504339,0.16876101442114802,1.2981319427490234,1.051618459538169,0.3787256257417293,0.02082911350224252,0.1310631721332816,0.23678278628645497,0.22971696488247553,-0.6950404578871258,0.3495160343060002,0.00034001193793829933,0.0005636256816071796,0.0003801000861467126
Track_21,30.331525748167536,held-out (not trained on),0.5053173860468237,0.4901225051190045,0.3154474488599663,0.8482611845451522,0.6307221858227431,0.23989738322281404,1.353578570591976,1.3230868930316957,0.1688647529608972,1.2981319427490234,1.0537931606080677,0.37877546015705205,0.020801392235211644,0.13491065795492407,0.23771689757458303,0.6816272351196051,-0.6949346537333431,0.3495162378905372,0.00034523486556639626,0.0005608448192573931,0.00038012749044812993
Track_21,30.527694872547897,held-out (not trained on),0.5049207750782073,0.4661960473657546,0.29571051677178545,0.8480390807784411,0.6236372928699591,0.23342602047793112,1.3529598558566485,1.2762721887484902,0.1642799733942034,1.3060959577560425,0.9681943705197157,0.3756610106002338,0.020141563885087192,0.09338039293882923,0.2138826823992252,1.4202621765501502,-0.7008495664945805,0.34947230218368286,0.00037211862114290616,0.0006385497297273584,0.0003781013092847105
Track_21,30.82606906339049,held-out (not trained on),0.5371575235608089,0.46629319985502615,0.3134052181823059,0.8373463803316018,0.6218203543317694,0.23931168162895125,1.3745039038924107,1.302148702738525,0.16842388105945427,1.1627440452575684,1.0262501439481793,0.37845764328564196,0.020495411672210886,0.12616320531367467,0.23556680658541163,2.014498362863825,-0.696940382083762,0.3495125098612353,0.0003937936627958135,0.0005852907833438854,0.00037994733358021976
Track_21,30.898228051773533,held-out (not trained on),0.5345044941419647,0.4696354844772674,0.3044160644024258,0.8391590933241542,0.6185999790076456,0.2364557643911321,1.3736635874661187,1.2886785762124013,0.16641101006809791,0.9835540056228638,0.9987538344037484,0.37717188464545065,0.020338895065443858,0.109276357402481,0.22435806249229537,2.1572333258734346,-0.6973970641421654,0.3494974761110881,0.0004325653211904206,0.0005992587603075504,0.00037912126694051527
Track_21,30.97587977401419,held-out (not trained on),0.5240534122484138,0.4544088159529333,0.25286937194281345,0.8509422921801943,0.6211034461489383,0.2235142993748912,1.3749957044286083,1.2495729052644688,0.15733261922362304,0.9397519826889038,0.9690472318785407,0.37172194811647463,0.019992928338668694,0.05795825453040658,0.1631998614742467,1.7865580071575804,-0.7011564627758329,0.3493884087730814,0.0003929802139113353,0.0006327366063470734,0.00037530805694388687
Track_21,31.315831586328507,held-out (not trained on),0.4686226994689717,0.5251451449392031,0.31385262493088606,0.8900483891486647,0.6233989766665892,0.23906915856783412,1.3586710886176363,1.3363722299025438,0.16827123257602203,0.9397519826889038,1.0677134506313848,0.37832008197321465,0.016935790844312678,0.13549964470795658,0.23831304571043943,-0.5345031506205924,-0.693653247725828,0.3495095856919262,0.0002320959022477028,0.0005344532885713362,0.0003798182796515402
Track_21,31.456798028733186,held-out (not trained on),0.46930487320361386,0.5245584691941633,0.3135643604045026,0.8914127401799795,0.6203426892089503,0.23918119993399695,1.3607176133835932,1.3295276356197667,0.16833934200214412,0.9397519826889038,1.0572951694555393,0.37839576537770236,0.015789121234168608,0.13083124356271628,0.23696280169935077,-0.4203123882937759,-0.6938558084466163,0.3495115697653795,0.00023100794488941476,0.0005403943306199773,0.00037988810892998384
Track_21,31.545395301726597,held-out (not trained on),0.46882893581433127,0.5579687874940182,0.24800984654094058,0.8923011545344178,0.6136326224481599,0.22064765025030653,1.361130090348749,1.301250129619432,0.15533729936181942,0.9397519826889038,1.0639844975215131,0.3700023977900203,0.01540579436959265,0.09816542681964203,0.1599809025536393,-0.27382402739347805,-0.6864609371791015,0.3493295255746502,0.00022223245635256383,0.0005290145138600446,0.0003739119490252397
Track_21,31.605003529152505,held-out (not trained on),0.46495798767444146,0.5288122245088359,0.3282303186782402,0.8937130990434453,0.6167192987629102,0.24309510498831793,1.3586710867178868,1.3389029442879075,0.17109005888743836,0.9397519826889038,1.0748952716479385,0.379850102848925,0.015216164421204716,0.1358358865154029,0.25736943887676544,0.12247141884275208,-0.6956688703657801,0.3495218374774882,0.00022338071045457938,0.0005424876277240173,0.0003807688988459146
Track_21,31.817870881463364,held-out (not trained on),0.45029915236975565,0.536567629265819,0.3228668409835729,0.8986945660168906,0.6131876064174048,0.24182143016832988,1.3489937183866463,1.3322069522810076,0.17018415718880403,1.3419339656829834,1.0601104825461733,0.37940716687954273,0.014056383334892862,0.12417418808339972,0.24984661991557838,0.04360240707515242,-0.6954046067827016,0.34951946595208255,0.00021244557775080064,0.0005421958850476528,0.00038051771151465045
Track_21,32.22335535510901,held-out (not trained on),0.49015088242838584,0.5587532779433859,0.32024569931910146,0.8699321518856216,0.609969917745845,0.24107323641261938,1.3600830343140073,1.3306569633409662,0.1696528186343488,1.3021140098571777,1.0255870490943357,0.3790943851270631,0.013599072345877412,0.09081992456613812,0.24741134192664396,0.019390969931653946,-0.6965240529882959,0.34951722940311025,0.0003411186917448924,0.0005502267895076412,0.0003803355434363029
Track_21,32.22459726841497,held-out (not trained on),0.4903548549092005,0.5589565247351281,0.3199571384377951,0.8695139449740213,0.6098443956980603,0.24099456253358673,1.3598687998832217,1.3303989715217013,0.16959735435423992,1.3021140098571777,1.0248571482316662,0.3790645776249665,0.013601871726665354,0.0907117719671159,0.24703971511270092,0.023677498238694614,-0.6965143793722305,0.34951702115751176,0.00033822823515953506,0.000550229515027958,0.0003803177234393558
Track_21,32.22682631488727,held-out (not trained on),0.4904681731505223,0.5593618916741381,0.31941077085904607,0.8693610284907884,0.6097528432581222,0.2408457446150516,1.3598292016413107,1.3300296076539062,0.16949235698525947,1.3021140098571777,1.0234909599028381,0.3790076683966153,0.013606391704848243,0.09026132311448042,0.2463257887589672,0.022148553824649767,-0.6964978584188221,0.3495166142626064,0.0003366596077417495,0.0005503357483473541,0.0003802837039755292
Track_21,32.26207749332178,held-out (not trained on),0.4852804686443739,0.5711469969730119,0.31028737176707394,0.8665688688536565,0.6056031452351411,0.23815580647829246,1.3518493374980303,1.3234523010720303,0.16759464648049227,1.3021140098571777,0.999519883352196,0.3778925491511069,0.013695146641585715,0.07859272783182177,0.2349502271532023,0.09680782550082394,-0.6959563685285379,0.34950647044638067,0.000338871866084864,0.000549603041607131,0.00037959575822030245
Track_21,32.26913473814734,held-out (not trained on),0.4837892017516482,0.5733261058113006,0.30826017165580333,0.8672193151071252,0.6049559879915382,0.23751936109566446,1.3510085168587733,1.322180680375061,0.1671457081324374,1.3021140098571777,0.9936557805742833,0.3776075025861164,0.013707967964766171,0.07658331160314462,0.23246599140573107,0.11949425601296979,-0.695821262575475,0.34950324573876834,0.0003386905235137676,0.0005498310269733637,0.00037941481801848195
Track_21,32.5445638860393,held-out (not trained on),0.4502991530524782,0.5651068658190275,0.33155618738037373,0.8907147028531687,0.6117269344099022,0.24387001911685446,1.3410138559056468,1.3430789216547088,0.1716250721975599,0.9078959822654724,1.0539847292122368,0.3800657559963592,0.0121385889653182,0.09915836748422971,0.2628919045438499,-0.4897517445171247,-0.6964929094016677,0.3495226410083518,0.0003105561045160337,0.000543008728256841,0.0003808961212259218
Track_21,32.54655763970432,held-out (not trained on),0.4502991530524782,0.5648070460398653,0.3320250290835608,0.8907147028531687,0.6117581121755126,0.24397797658927547,1.3410138559056468,1.3433895073970434,0.17170121878906533,0.9078959822654724,1.0550951857033697,0.38010018396075435,0.0121385889653182,0.09968081472377467,0.2635553701761899,-0.4897517445171247,-0.696500428073989,0.3495227859983008,0.0003105561045160337,0.0005429025020627752,0.00038091526005010646
Track_21,32.59542266336375,held-out (not trained on),0.45077508854201115,0.5856829420897504,0.34110019924961527,0.8926501760919731,0.6286808274616497,0.24570746297674348,1.3434252646339842,1.3747471205496369,0.1729193246742524,0.9078959822654724,1.0827902831895053,0.3805844283245226,0.01159455896975325,0.128018763737119,0.2794544956681841,-0.732495549532477,-0.6960450690623212,0.34952434743083266,0.00028794177448296794,0.0005307648242925885,0.00038117327951286533
Track_21,32.724005537522636,held-out (not trained on),0.45245672982052504,0.6076966099748966,0.33329940691371723,0.8942366299401241,0.6271872926283505,0.24392144102715438,1.3466933597606492,1.377400567288707,0.17166364091245764,0.9078959822654724,1.0817758881568327,0.3800588312369362,0.010207640446109197,0.12264518000045012,0.2694177412253439,-0.9235920809366385,-0.6952637887455737,0.3495222463214001,0.00026453412978262163,0.0005258076508934539,0.00038087229277051544
Track_21,33.20267478521835,held-out (not trained on),0.4510923757021171,0.6258970182145277,0.32086338770272976,0.8941414434596362,0.6339545267081652,0.24084228338128205,1.3452338191617532,1.3744849036977138,0.16951261677335508,0.9078959822654724,1.0293864287053314,0.3790438894211471,0.00806988452084236,0.03611116178758586,0.249507247114214,-0.6950817245023522,-0.6950982187912027,0.349516847428571,0.0002040715630579197,0.0005311561822659522,0.000380223135832013
Track_21,33.27848185912008,held-out (not trained on),0.4609918504122244,0.6305614087837854,0.31462029824759075,0.8927612278565943,0.6360534597755731,0.23874758508223626,1.3537530782688187,1.373569116143235,0.168042128945376,0.9078959822654724,1.0176684435057441,0.37811634720659776,0.008002072951198523,0.018880400660056987,0.2426344432432528,-0.7607241006952065,-0.6945130393410581,0.3495069291034917,0.0002091686519200625,0.0005215511775246396,0.00037958079478219326
Track_21,33.30414131842244,held-out (not trained on),0.4666713568793825,0.6267912063616041,0.310477322500671,0.8886523113782663,0.6376297122423269,0.23742318548365815,1.3553236682576488,1.3707940705739579,0.16710605820586674,0.9078959822654724,1.0088612092833575,0.3775104749798081,0.008003190547286348,0.012969625636784495,0.23739631062181688,-0.7286383136138258,-0.6940180582236999,0.349499307596442,0.0002547103787832219,0.0005176993172647808,0.00037916700399815524
Track_21,33.35685906418587,held-out (not trained on),0.48015621767576,0.6014140381176647,0.2546030527284339,0.8802441042732907,0.6500401915019068,0.22221147961214832,1.3604003219490508,1.3511903707802233,0.156561168652853,0.9078959822654724,0.9463634995655297,0.37104665913569046,0.008030055010362847,-0.053494872350579786,0.16795231219874793,-0.6995075170585852,-0.688841794842438,0.34937261760661137,0.00027924446847235883,0.0005072512950420123,0.0003744490256826233
Track_21,33.90129351207092,held-out (not trained on),0.43954299230024635,0.5564542635548109,0.3015512735221835,0.885780829713639,0.6526962781028413,0.2343742432711042,1.3253238220138854,1.3487224058235803,0.16505300805006104,0.8999320268630981,0.9958400246219675,0.3760378170244519,0.007001711224871282,0.06832834100178425,0.22535974650857377,-0.7918763075162404,-0.6970317055516141,0.3494744096437589,0.0002113688642264257,0.0004925286083278065,0.0003782316572344368
Track_21,34.16141663706714,held-out (not trained on),0.45800932054500654,0.56472290300476,0.3031678165367255,0.866790971789227,0.6438546531547797,0.2354853147063101,1.3248002923342337,1.3470898406563234,0.16579772119617212,1.2981319427490234,0.9916944347846827,0.3767055458080332,0.007277694612510557,0.053146371546083454,0.22480469099304226,-0.3711700684302648,-0.6972653600388263,0.3494891667131897,0.00024292784142359263,0.0005315158926068233,0.0003787376457813064
Track_21,34.23345690044485,held-out (not trained on),0.45983374225665846,0.5742715062131516,0.3016685288653161,0.8645382073533487,0.6451384265534779,0.23531214148107146,1.3243719496100073,1.3500671682786511,0.16562082128427133,1.3021140098571777,0.988215621997509,0.3767663979883711,0.006787740541832837,0.012849274874969218,0.22229632611285216,-0.680464036827678,-0.6958010995550821,0.3494929318707248,0.00024449064687423786,0.0005737159428369612,0.00037879108403308313
Track_21,34.345832314213695,held-out (not trained on),0.4495693835841707,0.5652755004211404,0.2971208420873962,0.8655059450413601,0.6527318252626247,0.23355951123260696,1.3150753286255308,1.3485475242243452,0.16438085628740848,1.3021140098571777,0.971906457649901,0.3758252838574004,0.005879983874387355,0.02926144760818227,0.21675134671096238,-1.0345470394882632,-0.69355391367356,0.3494772068605724,0.00021104704296180828,0.0005494970748037154,0.00037813834151245057
Track_21,34.628100743788096,held-out (not trained on),0.4955289627451346,0.5602799527929818,0.3037369601012989,0.8442950517057898,0.6502579584548638,0.2361067147640045,1.3398240144509244,1.3500464577269577,0.16617831035938285,1.3339699506759644,0.9914539013684432,0.37714952972699284,0.0038778448503310513,0.04458036170043146,0.2239072588654604,-1.0660165672222754,-0.6953051473338623,0.349498788123384,0.00031238752857464035,0.0005624192293289709,0.00037905427430282853
Track_21,34.943777280581656,held-out (not trained on),0.4967346720961461,0.54711552400726,0.19804789288574015,0.8500538786568964,0.6687023981053443,0.19509277713439752,1.3467885507530426,1.2977081352162985,0.1374574909449125,1.3339699506759644,0.822426826409555,0.3526355398961546,0.00408025281957713,-0.06172806348523295,0.11875790450240914,-0.3434059955930208,-0.6924145739834403,0.34820036350939976,0.00034834480295267066,0.0006699163167510366,0.00035912175502176674
Track_21,35.10996347136295,held-out (not trained on),0.49319687782530763,0.5140397336715621,0.27776278257820214,0.8564472891894944,0.6690800561545801,0.22591645190583723,1.349644167014802,1.3120057445524653,0.15900135031213058,1.3419339656829834,0.917578888667018,0.3712794015501485,0.0026753682380499153,-0.0019164363500516878,0.19239297528879107,-0.34168499806581726,-0.6899931841253745,0.3493574979144066,0.00034954284206754514,0.0006377988557270713,0.0003749149800306181
Track_21,35.304548698399124,held-out (not trained on),0.4965601615696789,0.5123541406838623,0.2867100836701987,0.8581447945647981,0.659684910689345,0.23009647094459787,1.354704956134477,1.3121306616789967,0.16194334376183245,0.8959500193595886,0.9458813399269909,0.37406396351360305,0.001281335210454466,0.018972193089907746,0.20204707050492213,-0.7291105167267486,-0.695448606879535,0.3494467959589506,0.00035512772323310275,0.000644121828989573,0.0003769733837393711
Track_21,35.47843786271669,held-out (not trained on),0.5159307680281985,0.527940022867292,0.30318133306242473,0.8573357037814014,0.6425186326426227,0.2358759444669999,1.3732664718096,1.3254794386073145,0.16612642983746076,0.8680760264396667,1.0039968879661645,0.37712756575630735,0.00016826975075054314,0.05074389367125294,0.22087602535972503,0.09273376269719391,-0.6951214076515525,0.3494990965803905,0.00037124039531005965,0.000555614408521946,0.00037898906914153705
Track_21,36.100117890118675,held-out (not trained on),0.492022904207507,0.4919720717158102,0.2994775414396594,0.8528460392439033,0.6355804503035394,0.23501931605632695,1.3448689434514103,1.2960443002027213,0.16540681747442665,1.2941499948501587,0.9755172142263979,0.3766411891147467,-0.004143384929947837,0.0400940916733612,0.2166929332892641,0.26025201822366334,-0.7012426481715652,0.34949361406972657,0.00033331693691897855,0.0006482338293689898,0.0003787810778510711
Track_21,36.503034969728816,held-out (not trained on),0.49413288512315406,0.48256463528494387,0.2940744006644367,0.8389328378605178,0.6147018663629797,0.23300800079497092,1.3330657229836718,1.2643821539509037,0.16397230559070558,1.3299880027770996,0.9467059838684981,0.37553833576004825,-0.006322174202166373,0.002921780179360954,0.21161873000819906,0.12650426310044544,-0.7082328419450679,0.34947363798960496,0.00038679385439348936,0.0007145638311502359,0.0003780386253602687
Track_21,36.643072371815876,held-out (not trained on),0.5101878022648899,0.6434436941091684,0.21174022250555313,0.8330946873383693,0.6410273163404652,0.1993873911307653,1.3432824896032591,1.3602331718948864,0.140258043861491,1.3299880027770996,0.8921485522121396,0.35400287139357356,-0.00635197327561293,-0.05923015030202014,0.13703626800511035,0.04201027128391266,-0.6744008516118122,0.3482199826548869,0.0003921036375438987,0.0005320735906393948,0.00036044429439873463
Track_21,36.903581263453354,held-out (not trained on),0.5378714275075145,0.5761477156561324,0.3206387613506817,0.8229096517619858,0.6380553755992339,0.24078922657441929,1.3607810792695003,1.3672817280235428,0.1694283247314211,1.3459160327911377,1.0182446031744092,0.37890265085977193,-0.0049381972915406415,0.020916346180104562,0.25237570428650263,0.21330604621067709,-0.6973342196441333,0.34951434703544587,0.0004291685187546095,0.0005711017793632868,0.0003802029851760305
Track_21,36.91391673522065,held-out (not trained on),0.539156455442725,0.5645296816366687,0.3202979571875168,0.8222592057459858,0.6392558189511585,0.24078142485831272,1.3614156611887107,1.3629007913165334,0.1694258879870031,1.3459160327911377,1.0151559304987368,0.37892691625793745,-0.004864789880489947,0.02481201110424736,0.2510367628873079,0.246636362166684,-0.6979367772850351,0.34951485893647155,0.0004308460687524026,0.0005774088685891347,0.00038022094346776264
Track_21,37.10535471946885,held-out (not trained on),0.5101560700937097,0.5266600981568161,0.3155016908503098,0.849736592684134,0.6282661203505291,0.2395083361343408,1.3598926627778436,1.3420847297825986,0.16860243508780942,1.3379520177841187,1.0642393866208673,0.3785472557882706,-0.0037767108126510202,0.09290713529421948,0.23970739012331996,-1.2270578946882351,-0.6949358121982556,0.3495123117660129,0.00023305249603434728,0.0005323497475970642,0.00037994647178076895
Track_21,38.05829479755371,held-out (not trained on),0.4299925461233375,0.5596207278695537,0.21027550459375333,0.8734540781414366,0.5884698311695372,0.20195608134687518,1.3034466242647742,1.2623202069796151,0.14220416334787184,1.2941499948501587,0.9865640805434038,0.3570920367769831,-0.0075942531786192076,0.029472960992633742,0.12845374987515965,-0.07882935415897797,-0.6759685399716825,0.34860780286711845,0.00020559329574454963,0.0005250912019440075,0.00036342988461992226
Track_21,39.01929487274425,held-out (not trained on),0.48931006357014417,0.5569109713890152,0.3050740559477997,0.8543373083925817,0.6222987524085256,0.23648081432062656,1.343647371962726,1.335112775726402,0.16642630869765382,1.290168046951294,0.9778867438602021,0.3771595793439508,-0.00993790217128437,0.057477622209642185,0.2288337415386651,-0.5962516604770168,-0.6968932684182454,0.34949829571364727,0.00035846363934848306,0.0005485480478401402,0.0003791252658651565
Track_21,39.04497726927093,held-out (not trained on),0.48664482050682917,0.5615068051313096,0.30173522925025087,0.8549401609308691,0.621833636580366,0.23531555886230834,1.3415849814376983,1.3340288054833775,0.16560279652173407,1.290168046951294,0.9668099464413984,0.37658455536297714,-0.009878873165749083,0.053444619032745055,0.22515121118922896,-0.6300681502457277,-0.6968048843613195,0.3494900700791731,0.00034650638558470436,0.0005483631263056594,0.00037874955519162613
Track_21,39.233463630444305,held-out (not trained on),0.4897701337755439,0.6310862505668055,0.21204761037611364,0.8565742092066078,0.6273304805282831,0.20125234750716217,1.3463443429821516,1.3349883677978007,0.14172433193376807,1.290168046951294,0.8386109447249166,0.35520585272509986,-0.009537032873586121,-0.001796062560935524,0.13213915986231545,-0.6584492041785345,-0.6877957051064356,0.348242942076432,0.0004416899995003484,0.0004997745455908236,0.0003616651989072598
Track_21,39.276969881883986,held-out (not trained on),0.49682985715182176,0.6043106050264773,0.2946863470727773,0.8487053951656676,0.6244592025546835,0.2323207755609142,1.3455352523174893,1.3513923269143735,0.16348460996247224,1.290168046951294,0.9552202786873057,0.3748033484601567,-0.009392778426223429,0.050850031731099796,0.21935571889825878,-0.6134848824181968,-0.6935840884636104,0.349445297849126,0.0004304992012955988,0.0005237342546022689,0.0003775010006143463
Track_21,39.466192537185705,held-out (not trained on),0.4779669164839494,0.5837552408088174,0.2897845369748229,0.8567804478969707,0.6161268664612681,0.23063423894631116,1.33474736438092,1.3304219370616572,0.1622899044742238,1.3260060548782349,0.9350151905373149,0.37388354334107493,-0.008701153897813388,0.05304345156390057,0.21169221568722302,-0.41907239770148114,-0.6927755964980375,0.3494271565509303,0.0002856505062931592,0.0005217785964247824,0.00037688465285214416
Track_21,39.56746034828875,held-out (not trained on),0.46849578467617,0.5647257031129795,0.29848109992734867,0.8589856196269096,0.6143894430656327,0.23404921680886814,1.3274814043030796,1.3278242381789547,0.16469313641019345,1.3260060548782349,0.9885131468988557,0.375866794808557,-0.008469145635091182,0.07566314946812909,0.2208171965401201,-0.3494341407274071,-0.6921073991190932,0.3494718536154773,0.00024512703814917017,0.0005115403457128934,0.00037823846256146155
Track_21,39.7797730354294,held-out (not trained on),0.4532182298867826,0.5671711296514066,0.30585816577479735,0.8659977470320535,0.6186245308550192,0.23660850541930747,1.319215976918836,1.339407276921326,0.16650513743107243,1.290168046951294,1.0264361166686495,0.37719325734155457,-0.008157103012805594,0.08615138295390497,0.22966393234489965,-0.2202497472229357,-0.6925450828059606,0.3494965592605706,0.00024177717279828942,0.000513411581675706,0.0003791215123109555
Track_21,39.78620649423713,held-out (not trained on),0.4531105152730431,0.5676156205363456,0.305427390498479,0.8658163750041572,0.6183978628341937,0.23647451977692707,1.3189268902772002,1.3388541641581955,0.16641082859529152,1.290168046951294,1.0245423624804926,0.37713227683851325,-0.008171059035206424,0.08502804163435386,0.22907808944241503,-0.2221366398727488,-0.6924959502330066,0.3494957017894459,0.00024135385741093845,0.0005132226247575683,0.0003790812800189901
Track_21,40.11570008016518,held-out (not trained on),0.46189613530479107,0.6475179725286083,0.17896168244548197,0.8448661758427126,0.5780376459471172,0.18155149933241033,1.3067623111475037,1.2813777830513295,0.1278276145035541,1.290168046951294,0.8489225346930004,0.33826414273342653,-0.00748769979864027,0.00519141144859948,0.10626641796195035,-0.08424630188852161,-0.6581464860780327,0.3458928086179987,0.0002334593215024172,0.0004576205913991295,0.00034606985807210893
Track_21,40.651300189114195,held-out (not trained on),0.4597068331631056,0.5592055874084769,0.19273648786862912,0.8572087886323967,0.5524530069004205,0.19187987648523605,1.3169156217955023,1.1978491617186142,0.13512797692175774,0.8800219893455505,0.7909062681162436,0.3487191308562309,-0.00930853608692662,-0.026110859362071612,0.11487912484001833,-0.5143571250917739,-0.6998289206887134,0.3477220924950016,0.0002741241910893541,0.0006183406372021693,0.00035603768489325877
Track_21,40.772004414277674,held-out (not trained on),0.4665761806100488,0.5662896251079408,0.17263345248403106,0.8501807959431196,0.6183331223842107,0.17808913996594908,1.3167569765531684,1.2601760876321464,0.12535953755306417,0.8800219893455505,0.6818281212974014,0.3350287899934627,-0.010196111051304519,-0.05637398904179319,0.10180341724636194,-0.5438587862569829,-0.7173803471938669,0.34557324224082425,0.00028681621489493514,0.0006789194945849022,0.0003435924138795145
Track_21,41.28487729114858,held-out (not trained on),0.4562324981290506,0.6230808764600713,0.31728944325783703,0.84743623168345,0.6260682030144521,0.2396528014801844,1.3036687298125005,1.3713767563017358,0.16862354398266027,0.8680760264396667,1.016761355653472,0.37842235757035136,-0.011898892332559054,0.0036183492261902496,0.25082294793735294,-0.2627670228316187,-0.6955071381297419,0.3495090383041611,0.00035208984344570497,0.0005495002084119846,0.00037988594546250315
Track_21,41.79134935886269,held-out (not trained on),0.4870731635872586,0.7342517065208165,0.3995228442521345,0.839234263298521,0.6026760517950371,0.25257036508836356,1.3263074268857797,1.4138618067845252,0.17778581679230637,0.8999320268630981,1.1276303617938674,0.38185833823716114,-0.012075401766895514,0.08550933427767343,0.40733329456953304,-0.16147950205745934,-0.6972045155482924,0.349526280809029,0.0004097248653364887,0.0005468630892697719,0.00038175920831515567
Track_21,42.05719629516985,held-out (not trained on),0.48375747498288096,0.6295866239796353,0.14753582349879754,0.853226788490417,0.6359038105913659,0.15862357365129634,1.336984263473298,1.2755603045564055,0.11190386529004673,0.8840039968490601,0.7579156846467128,0.3129078625763759,-0.01229699538528638,-0.054139398776458736,0.08336225149631821,-0.47279398732197114,-0.6653039422988806,0.3396324295013098,0.0002970132682976808,0.00041859429021629945,0.00032165149360280425
Track_21,42.10346243552321,held-out (not trained on),0.48156917544584427,0.6203016371885912,0.14072870194644188,0.85605099134975,0.6523196680201004,0.1529865416261269,1.3376201667955943,1.2790034172282279,0.10816984526271185,0.8919680118560791,0.6643615026290108,0.3068039087410962,-0.012369377928105397,-0.05743006778170323,0.07840014493494207,-0.5874833098124134,-0.6865687819270098,0.337312997335551,0.0002792347366479126,0.00042100760355967814,0.0003141175196537684
Track_21,42.14341189482565,held-out (not trained on),0.4804630631965304,0.6103543715653914,0.16418012762254883,0.8598749760597472,0.6427040182148616,0.17134765639465188,1.3403380392562776,1.2721761599460568,0.12092142944291036,0.8879860043525696,0.7475434343374083,0.32774789068676785,-0.012566162641273766,-0.04637429738325591,0.09428271064322788,-0.7969456329421635,-0.6950658502308552,0.34356883479708533,0.00025884538966636776,0.00047688648164990967,0.0003357986931105272
Track_21,42.55401327719376,held-out (not trained on),0.48056870722675704,0.5879523278677864,0.299390026205523,0.8511168037752707,0.6368851297631688,0.23491953478848818,1.3316855110020276,1.3393090949760462,0.16537548576088532,0.8879860043525696,1.0107231603607627,0.3766590588089614,-0.014389505015114452,0.05826877674576535,0.21727576899311804,-0.6797440987795395,-0.6922395905413664,0.34949657445365334,0.00026266604226487085,0.0005075070559013468,0.0003787860184690048
Track_21,43.255169709217064,held-out (not trained on),0.5125516180498192,0.6978908864226957,0.21841966247212166,0.8042212180882337,0.6372645383170947,0.20399341416310318,1.3167728361380528,1.3681202637806058,0.1436070548755381,1.2782219648361206,0.871552525489119,0.35759246492657754,-0.01530379910417945,-0.08639813586058735,0.1390170846579192,-0.8376084222262793,-0.694137483941943,0.348522424932929,0.0004335703580389505,0.0004711726567087324,0.00036376845082296397
Track_21,43.26687419316703,held-out (not trained on),0.5117583904133375,0.6986168381360093,0.22050847222262754,0.8043957281397633,0.6365447499665096,0.2051399958100605,1.316154118553101,1.3691113019709233,0.1444102969201849,1.2782219648361206,0.8784565249968912,0.3585522731474591,-0.015280251715368792,-0.08631938129857719,0.14093472073184032,-0.8236111015030749,-0.694890134329685,0.34861897389945984,0.0003954987685919291,0.0004699862178347645,0.0003646136626916467
Track_21,43.52700915203198,held-out (not trained on),0.486851058633204,0.5987092482197691,0.16219848625587902,0.8041736246105209,0.661097256888455,0.17250799300473024,1.2910246832437249,1.286808446740022,0.12147499134356032,1.2742400169372559,0.6665768977097241,0.3318590188541411,-0.015354985552658509,-0.08637435394765436,0.092748726367333,-0.5788959459199983,-0.6602358259097033,0.34569420841334686,0.0003522787833377171,0.0006922715430003233,0.000340879702304347
Track_21,43.66160295438018,held-out (not trained on),0.48916728206839694,0.5744109172392979,0.1501882424942294,0.8040784388424391,0.6669883537910013,0.16173023521779784,1.2932457209108361,1.2780782939276447,0.1142516356440606,1.2662760019302368,0.6164102652591608,0.318492472773123,-0.014761602685770444,-0.06605487890170576,0.08449601528613211,-0.19360244194679735,-0.6783050256210127,0.34242112508676925,0.00037487055279828975,0.0005400744432098731,0.0003273025764020497
Track_21,43.808339789560335,held-out (not trained on),0.47828420699830076,0.5677886220192896,0.29575443885049707,0.8068864637637043,0.6536107019635033,0.23242693215522658,1.285170670762005,1.3500126352148487,0.16373905784531495,1.2662760019302368,0.9950549445807573,0.37528662171629135,-0.015066518653984085,0.049238539812202636,0.21720693668177476,-0.1748367058221965,-0.692437460883754,0.3494628212240451,0.0003888391555910057,0.0004914420312972272,0.00037764175007372623
Track_21,44.010270836161084,held-out (not trained on),0.46565603236278214,0.5909961437012173,0.22179445867850128,0.817896455882555,0.6695307296087998,0.20555168999413811,1.283552488245337,1.334126995667719,0.14524849356646144,1.2662760019302368,0.9224482177346885,0.36031310845108416,-0.015288721837372664,-0.022640075132770558,0.13818799225207226,-0.05335012621560496,-0.6850321287220832,0.34868992740294874,0.00032282488021349084,0.00044111738964122297,0.00036490816549329506
Track_21,44.21892207486791,held-out (not trained on),0.4773482032031177,0.5853590645939589,0.28695526830738444,0.8245595629471707,0.642897187511729,0.22945873402850817,1.3019077661502885,1.342188066078348,0.1616451607280196,0.8481659889221191,0.9503773801931059,0.3736275992117921,-0.015107075007606859,0.015716014512032802,0.20396901705271958,-0.04874271737996652,-0.6976328737468843,0.3494296079984259,0.00034822159062515215,0.0005228221218424483,0.0003765016765751272
Track_21,44.79241317581382,held-out (not trained on),0.518294584228698,0.6292212827705781,0.29813068926381814,0.805268279109818,0.6279668703468263,0.2340660476402261,1.3235628633385161,1.3552634265120824,0.16473360846415622,1.2782219648361206,0.9708284915857179,0.37616862803202533,-0.01538953280742217,-0.006845872866793966,0.2184664239893695,-0.5678761587013714,-0.6934568708931397,0.3494866344214527,0.00039292399879629447,0.0005457934921147744,0.0003783953526790322
Track_21,44.83634332877078,held-out (not trained on),0.5241486002724484,0.6281595282967244,0.19389473993786474,0.8017780797415046,0.6382699175072871,0.19222647280071192,1.325926680013953,1.3237772500356033,0.13552852379945898,1.282204031944275,0.7798289594321248,0.35054409134490505,-0.015511745856695585,-0.09057471509140344,0.1160573127098636,-0.6619677933119948,-0.6739892015518375,0.34808566780968153,0.0004174485582006947,0.0005213541328194244,0.000357107954282433
Track_21,45.02644379927365,held-out (not trained on),0.5357212161733991,0.6308542417746499,0.2948796157561689,0.7998763495494449,0.6257129434795324,0.23284198126936473,1.335597565722844,1.353258860131812,0.1638840954892681,1.3060959577560425,0.9679521609899444,0.37546557420667154,-0.015497281846097288,-0.005822150527576276,0.21507210818436057,-0.4619204158515225,-0.6951360542097637,0.3494722257058029,0.000484721833264731,0.0005358903782675558,0.0003779356461437206
Track_21,45.18289997591324,held-out (not trained on),0.4968457205362054,0.6318584765464651,0.2968108890291995,0.8166272918066656,0.6257620723383505,0.23351773179554708,1.3134730123428708,1.3561610349557445,0.1643708736419431,1.3060959577560425,0.9781430073576104,0.37579175957233785,-0.015734685316555582,-0.0011885170792758325,0.21786263740131823,-0.47157494569996505,-0.6971747036458852,0.3494778566757527,0.0003887220691912785,0.0005303092351655551,0.0003781695447701336
Track_21,45.52341473652804,held-out (not trained on),0.44346153480835643,0.6016833249374502,0.17106949453472986,0.8395515555048368,0.6542604713083874,0.1758877516247011,1.2830130903131933,1.314013962277548,0.12408259639431535,1.282204031944275,0.7241162163839281,0.33359737538462025,-0.014098457222255324,-0.06430271125687587,0.10062016214962995,-0.3528756950602168,-0.6807654593098524,0.34504356348289733,0.00035179872478610256,0.000422048491449142,0.00034106387976983284
Track_21,45.524272526596775,held-out (not trained on),0.4437401716316503,0.6015740832809463,0.17148894779715135,0.8393487159813208,0.6541288308646204,0.17619362204549496,1.2830888876129711,1.3139677437918347,0.12429842433733472,1.282204031944275,0.7253948484299119,0.33393294824353953,-0.014079291673227289,-0.06445821088866337,0.10090619197356855,-0.3526548081421464,-0.6800746005794919,0.3451181200438051,0.0003511075556186853,0.00042325808361808997,0.0003413848347134413
Track_21,45.682712459884655,held-out (not trained on),0.44531768732574356,0.7139606907338716,0.1317598941844691,0.8347128701518731,0.5865098185479177,0.14387239814065225,1.2800305574776167,1.317562700516364,0.1013565962206399,1.2782219648361206,0.6098343822348575,0.2936736697728743,-0.013400313967011041,-0.021229555188705812,0.07556644993057274,-0.3156260700388815,-0.6276373446520833,0.3307921062203169,0.0003907715101764151,0.00039545014197924514,0.0003005568326251582
Track_21,45.960486629757014,held-out (not trained on),0.41945848385413803,0.580966823853333,0.29087484539637304,0.8666799230523319,0.6014545613684429,0.23152634301622185,1.2861384069064699,1.3132266277801985,0.1629244802180849,0.8680760264396667,0.9360890505978274,0.37459138918564094,-0.012358725045242009,0.02890277739700635,0.21085462576118427,-0.34019800124136224,-0.6946846652174645,0.3494522054630527,0.00025462244899974453,0.0005242798158821028,0.00037739945963606336
Track_21,46.0548223560983,held-out (not trained on),0.41849074616612664,0.6393068530669106,0.18013101395828562,0.8632373173991997,0.5759776567412053,0.18356563612083582,1.2817280635653263,1.2713371516462564,0.12925721685204888,0.8680760264396667,0.7364387232876555,0.3409547717628997,-0.012654100388583795,-0.03456364347265996,0.1065065747261036,-0.3142192126252835,-0.6849542314203924,0.3468898527439514,0.0002886648497997404,0.0005028320626981692,0.0003492853409643741
Track_21,46.12127182844096,held-out (not trained on),0.42585189296192383,0.5964838898385942,0.27860467641714975,0.8581130707050225,0.5921993055176756,0.22627851901516174,1.2839649636669463,1.3035022687250022,0.15922632025625655,0.8680760264396667,0.8928435437241372,0.37127261681986745,-0.012823284017370946,0.01705636833419997,0.19652739953751536,-0.2685142456289092,-0.6903966706298604,0.34934306035748663,0.00030916710596859545,0.000509414517429031,0.00037497662766509883
Track_21,46.73213782180095,held-out (not trained on),0.5106002752524448,0.6641507473990789,0.14791218110575724,0.8151360246764712,0.554659249415869,0.15988873706899567,1.325736299928916,1.2588300965186556,0.1126104800563608,0.8680760264396667,0.7005859610416244,0.3157368095337844,-0.014067524245215787,-0.041120732104057464,0.08407929402003542,1.2221149308640145,-0.6546268088255718,0.3409961058903212,0.00035139364892007764,0.00047778043920006794,0.0003245382294294716
Track_21,47.04682813185012,held-out (not trained on),0.5491193832154293,0.5314431510020834,0.296774031618651,0.778488932852726,0.605120480630522,0.23393663579500626,1.3276083160681553,1.2971522001473579,0.16463116490572027,1.262294054031372,0.9581234732468578,0.37595513018820803,-0.014213776571652152,0.037061646938063464,0.21529678537185115,1.8901771006970094,-0.697042079789729,0.34947948753212965,0.0005807209796594315,0.0005468124174219107,0.00037833077182441093
Track_21,47.17999037416688,held-out (not trained on),0.5524826660099258,0.5236804108331365,0.2982563844888338,0.7793773472071643,0.6067000175540666,0.23452754117744554,1.3318600132170901,1.2959458877071828,0.1650512655591357,1.262294054031372,0.9637402640169175,0.3762804424976433,-0.013482489111733489,0.04125022757803304,0.216489410217561,1.8728606480768766,-0.6973319493788682,0.34948536841483374,0.0005693252293077845,0.0005522293415326469,0.0003785491730408784
Track_21,48.37305026363103,held-out (not trained on),0.5136938650769541,0.48251490903253336,0.28488732150425145,0.8166907498561053,0.6325567242289585,0.22970894327167427,1.3303846149330596,1.2858023235334717,0.16168892375702437,1.2981319427490234,0.9213181003087566,0.37380581148181774,-0.008643913671630558,0.02682123724011698,0.19817480836595747,-0.19542527457078068,-0.6948990246167125,0.3494397238607843,0.00036439874592464615,0.0005871340024565911,0.0003768216073244295
Track_21,48.97002933653989,held-out (not trained on),0.48892931610464574,0.627150358408016,0.16771587964964874,0.8207044784291332,0.6362593541087976,0.16827503416214637,1.309633794533779,1.3287559724398637,0.11842483599858425,0.8242740035057068,0.7544816278100271,0.3204343813009473,-0.008753954467300156,-0.08734157013745981,0.10326535219253503,-0.4333732721096482,-0.660927961021236,0.33980254388506465,0.00017295538633795062,0.0004633798339818009,0.00032738762053351325
Track_21,49.53819549242449,held-out (not trained on),0.5083212587568495,0.5210439852493679,0.28577018223028033,0.7808038370003776,0.6410423682854427,0.22946127118560627,1.2891250957572271,1.3141139420572636,0.1615858650888694,1.2662760019302368,0.9331789597493574,0.3736393991949404,-0.011509716540977762,0.027371044016743538,0.20003025826631782,-1.1715857264024332,-0.6930219826036571,0.3494314494409629,0.00038224713380022155,0.0005380915429650697,0.0003765638788776013
Track_21,50.21244114820405,held-out (not trained on),0.48334499801772524,0.5531017081726699,0.19597958597934226,0.7870557854375041,0.6388607073103317,0.19375403245554026,1.2704007834552293,1.2827326053922046,0.13655312299111544,1.246366024017334,0.7771109350121441,0.35131836760841684,-0.008760596137411389,-0.05331055730324087,0.11713866384863834,-0.9498328390760953,-0.6740686448934661,0.3482055627584852,0.0003593117396432028,0.0005284877434206826,0.0003582700321870495
Track_21,50.23882105525692,held-out (not trained on),0.48649927264168147,0.5565360124661058,0.2888850760686764,0.7854969047364735,0.6327370122102501,0.23051788372879808,1.271996177378155,1.3202670593310042,0.16224221355656354,1.246366024017334,0.9385246169232956,0.3741219342868272,-0.008406717933082421,0.009043116052008273,0.20580149928025937,-0.8658768468465625,-0.6900726356920459,0.34944246339477963,0.00037213355102314126,0.0005402169383495983,0.00037695690351583063
Track_21,50.24851003299513,held-out (not trained on),0.4877077471687499,0.5561018511957858,0.28758637330013165,0.7850409881527205,0.6335108649456564,0.2299368039539801,1.2727487353214704,1.3190345916816026,0.16182964439808395,1.246366024017334,0.9337886907202446,0.3737536643608384,-0.008224063372658864,0.00588979448131984,0.20443065754981848,-0.8110638520931456,-0.6893850039787154,0.3494324672179453,0.00037945954425464164,0.0005387969945536581,0.0003766875881676559
Track_21,50.45840377962885,held-out (not trained on),0.5044448385200653,0.5920694336732155,0.3055755818038811,0.7838987411255856,0.6196083298440056,0.23658499093725685,1.2883435796456508,1.3401694395789698,0.16655045114435774,1.246366024017334,0.9900047063356342,0.3773067858149486,-0.0057735278287059325,0.039045766441068955,0.22630002440439767,0.23643783557582218,-0.6960229163279902,0.34950192176732464,0.00046648277193156836,0.0005384910481191845,0.00037918080479593303
Track_21,50.46180268362262,held-out (not trained on),0.5044498746357267,0.5926963032953443,0.3059547799597586,0.7839325477206518,0.6193420086831496,0.23670939017979511,1.2883824223563785,1.3404240467516793,0.16663697294109964,1.246366024017334,0.9908073314670344,0.3773641821782948,-0.005758453412602249,0.03885546274650867,0.22678055262238675,0.24240334897909951,-0.6960002911611416,0.34950262301703094,0.0004655071601397156,0.0005388206448293118,0.0003792191224242316
Track_21,50.5028413524482,held-out (not trained on),0.5056505431217027,0.5935818694884036,0.3031015351964323,0.7833117531590252,0.620224411160173,0.23575235553464,1.288962296280728,1.338522386225047,0.16595725196942374,1.246366024017334,0.9824676613747079,0.3769104583507452,-0.005298070308244546,0.029690300570035258,0.22311690825508992,0.5590000586646898,-0.6951924083215913,0.3494967474969884,0.00047429257275742045,0.000537478846983329,0.0003789197411653905
Track_21,51.035961489250866,held-out (not trained on),0.5528158246283512,0.6236921435548219,0.22172195910358986,0.7976850273599663,0.6133514206193765,0.20855097757744892,1.3505008519883175,1.3130846046100277,0.14698868752264263,0.8521479964256287,0.8564229035348614,0.3630632633035283,-0.002605699317273645,-0.07428680703547795,0.1369154416808071,0.8820713075456921,-0.6808265838956589,0.3491047455954457,0.00047348076993428373,0.000544173617123075,0.00036840329458227996
Track_21,51.35317937848589,held-out (not trained on),0.5099974281759376,0.6395420209016554,0.29925020915688233,0.8451676017259696,0.6141803687216503,0.23418230347374902,1.3551650299019073,1.3463272674498183,0.164821704937455,0.8481659889221191,0.973360432186199,0.3761127103675963,-0.003885330239663253,-0.013920591732672554,0.22071846652473476,-0.8351702040899478,-0.6907696416559239,0.34948403049736243,0.0005554268614089307,0.0005347697350431043,0.00037833380757741234
Track_21,51.53944931629885,held-out (not trained on),0.474809874101464,0.6507107754797423,0.29268936040274995,0.8703446302755895,0.609356325838925,0.23192504727159696,1.3451545043770536,1.3443246053793436,0.1632456454107367,0.8720579743385315,0.954531247976258,0.37491874577937245,-0.003401915053377467,-0.006656029764066439,0.21278976719670464,-1.2322553597918355,-0.6930106200167913,0.3494633858019457,0.0005215546486962246,0.0005291593316833049,0.00037758071226493385
Track_21,52.01914931970491,held-out (not trained on),0.45685549387856134,0.6614240785784522,0.2962720529882388,0.8606808578211164,0.6118702651185063,0.23311215539417357,1.3175363516996776,1.3518507892832565,0.1640680637235152,0.8640940189361572,0.9726819334990515,0.37553143841694414,-0.0007551004822016694,-0.011107278980720885,0.21748993742354353,-1.2347130629687872,-0.6897107366435331,0.3494721765630195,0.0004036132837334497,0.0005292341074166939,0.0003779144848304404
Track_21,52.326968809304944,held-out (not trained on),0.45079095691323756,0.5596163438963924,0.18143733456429184,0.827367586206155,0.5712871338432493,0.18458209466474265,1.2781585431193925,1.2253838749043093,0.12998767828043348,0.8322380185127258,0.7425857861511929,0.34202765268086094,0.0002672910245506407,-0.01828361382145722,0.10685937482269049,-1.0734611752624101,-0.6936675070097327,0.3469882255391572,0.0003354753721562888,0.0004819259159535432,0.0003502412848677468
Track_21,53.013812835189555,held-out (not trained on),0.4812350085532048,0.5160957371411364,0.20188773259271098,0.8118044700755541,0.611632498694991,0.19735392890674167,1.293039478628759,1.2492205422074447,0.13900281879656712,0.8322380185127258,0.7811634910396108,0.35352247743268783,0.0021148835891467203,-0.02479068810808093,0.12180981896030965,-0.8558402348022266,-0.7101197767133863,0.34835072382875304,0.00030699698146146123,0.0005246189058991627,0.00036043127733424805
Track_21,53.18081543208318,held-out (not trained on),0.4982100680054896,0.49569012789440653,0.2830041873827005,0.8182296090392003,0.6143878044220499,0.2288017165741522,1.3164396770446898,1.2835649128002546,0.16103056285371797,0.8322380185127258,0.9153961762665175,0.37310097023004024,0.0021138836395338573,0.04321987529799125,0.19795148611810967,-1.1078952002159241,-0.6937214764853629,0.34941047805617975,0.0003947218223552022,0.0005168460856762742,0.00037631604616028774
Track_21,53.49605712149461,held-out (not trained on),0.5244862889013593,0.49924967801891046,0.1275540623557142,0.804205981275392,0.6219061145264467,0.141706622377032,1.3286922701767512,1.1991645449212067,0.09985211409343253,0.804364025592804,0.4854396533127736,0.2910436775320072,0.00407915593314101,-0.07883563779421443,0.0710934090511,-0.4513033755620831,-0.7076397458426947,0.3300758629746547,0.0005161075759572455,0.0005096908295889365,0.0002985435246183281
Track_21,53.74836684540784,held-out (not trained on),0.5333183053955138,0.4641590452384296,0.28228952445231403,0.798208555377337,0.5960083224812778,0.22841437231903636,1.331526860772851,1.2406727931021073,0.16073770772293014,0.8521479964256287,0.8811431776399539,0.37282467315131,0.005134323770301846,-0.016109077201554915,0.19855531400295956,0.15869710858589048,-0.7015638173788384,0.34940479519276524,0.0004246123651590872,0.0006237892194937409,0.00037614583794918653
Track_21,53.783846694193876,held-out (not trained on),0.5411395250088665,0.4855408842023906,0.28193550401307454,0.7909425955369653,0.6271164113685591,0.2281691910279677,1.3320821205458317,1.2847301335659789,0.16058211244933132,0.8561300039291382,0.8893394068309577,0.372650042392732,0.005246539371534851,0.02433773025264125,0.19727832060419906,0.2693457115073058,-0.6993937892919279,0.34939561875224673,0.00045319287186129154,0.0005560103442476161,0.00037597493760381046
Track_21,54.00621926814135,held-out (not trained on),0.5500871256528148,0.4791216574374247,0.2850606043273015,0.7856597031255167,0.613348710519626,0.22987059934153073,1.3357468287783314,1.2750703018728717,0.16180459111792764,0.8521479964256287,0.9189840758778112,0.3738757168911177,0.005543081950888319,0.024661464703661054,0.1985447538589768,0.7249151918196022,-0.695136194878806,0.34943869708128367,0.0004282331357342747,0.0005449274762271187,0.0003768732358974596
Track_21,54.53392681426745,held-out (not trained on),0.5646983689046001,0.4729270724066481,0.17095887194766896,0.7607999664853768,0.4994976098254126,0.17898335613046953,1.325498335389977,1.0787184561641474,0.12609467247008874,1.2264560461044312,0.6713147903846384,0.33771040973966493,0.005278215720707933,-0.10643345387850671,0.09792585651675133,2.822177924047617,-0.7041962614426694,0.34657740056472447,0.0006812614272654495,0.0008586604745157577,0.0003463484058704504
Track_21,55.01821756348419,held-out (not trained on),0.5301295340773594,0.4629072329202383,0.3106524594562891,0.7684784042407792,0.5944053706494441,0.23914952013534352,1.2986079383181386,1.2691647835261193,0.16832301179621598,1.2981319427490234,0.9878011298086281,0.37860457201400155,2.5100351754540148e-05,-0.008310143457994211,0.2302486181981646,-1.2269563192181618,-0.6998019106636312,0.3495162648829411,0.0003592604938001499,0.0006366210571285996,0.00038005436549792696
Track_21,55.252452005892856,held-out (not trained on),0.5135199860447929,0.564540883199599,0.2909393866564417,0.7764741955768495,0.6110088056861673,0.23155258203394852,1.2899941816216423,1.3233041636889153,0.16299147763084676,1.282204031944275,0.9791824497924617,0.3747438612184152,0.0001414233122926342,0.00209569085999228,0.21001693101646654,-1.047877482358018,-0.6959745988936875,0.3494570596123658,0.00032620938641721105,0.0005150549938479895,0.00037746931374406297
Track_21,55.37879500119627,held-out (not trained on),0.513027555201633,0.5887961492010912,0.3052763310352778,0.7804402685260393,0.6231366208903887,0.23653890651629822,1.2934678237276722,1.3558822140294458,0.16647285818069973,1.282204031944275,1.036347122027636,0.3773056178669709,0.0001169823663482864,0.026830867943915565,0.2314218885510047,-0.91059956895657,-0.696435172838081,0.34950161048133876,0.000322216033198755,0.0005102762535932662,0.0003792227073117651
Track_21,55.41267686623219,held-out (not trained on),0.5074432354524316,0.5974068738557614,0.3119324498741326,0.7851679018769131,0.6232307224113162,0.23861560047322075,1.2926111373293447,1.3634080926788055,0.16793443145960232,1.282204031944275,1.0508590674532856,0.3782300279184875,1.0752050622448389e-05,0.03154831491948893,0.2407518511966845,-0.9280940740337243,-0.6966756690664323,0.3495115354512639,0.00028968197763303694,0.0005134397284402066,0.0003798106606587996
Track_21,55.547300012843486,held-out (not trained on),0.48175853989513745,0.5664979755547679,0.29509014504958125,0.8029203258187647,0.616981887795854,0.23326936390088626,1.284678865713902,1.3315614741928123,0.1641979812766876,1.282204031944275,1.0021580455537398,0.37577021198452076,-0.0008275783676462243,0.0019886870870331904,0.21523213531160065,-0.9983935801024879,-0.6959254374981375,0.34948078714946235,0.0002518448269390973,0.0005154640490890411,0.00037819875869300355
Track_21,55.549874746111506,held-out (not trained on),0.48175853989513745,0.5638629726789443,0.2950863632627859,0.8029203258187647,0.6161085448374517,0.2332927788229012,1.284678865713902,1.3295996340530567,0.16421818029266966,1.282204031944275,1.0004811241826557,0.3757902553096884,-0.0008275783676462243,0.0018441699237031848,0.21486813960486523,-0.9983935801024879,-0.695981289536327,0.34948113279271203,0.0002518448269390973,0.0005175611537478201,0.0003782087290113196
Track_21,55.90096973451129,held-out (not trained on),0.48632752919102096,0.48302515443289906,0.17825595564683888,0.8133116003526635,0.5731179961312263,0.1847667596659788,1.2996391295436844,1.1557576665472336,0.13018544103251864,0.8402019739151001,0.7248204065483455,0.3438480956944602,0.0014205649067444725,-0.13057229904969453,0.10260924543644877,-0.18261649007821293,-0.7019913899021504,0.3476141779658162,0.00023922539023749445,0.0008279918283823169,0.0003523844575705331
Track_21,56.11477948580135,held-out (not trained on),0.4783793946661322,0.4698388638652239,0.17929129240742625,0.8197684679848264,0.5948327496144967,0.18522922947012108,1.2981478626509586,1.1660362945180367,0.1304828480327222,0.8402019739151001,0.7600405308996998,0.34427859185840753,0.0006864521408715518,-0.13848868300072523,0.10379681913847656,-0.9745135562469595,-0.7032133064685593,0.34764786285271587,0.00020962463286751352,0.0008729098511431005,0.0003527872441310953
Track_21,56.36470272246243,held-out (not trained on),0.47550791122048974,0.5353079705251675,0.3048496916108467,0.8274627712618308,0.6029121274630748,0.23711964422426465,1.3029706824823204,1.3019818081606016,0.16691919952093562,0.8402019739151001,0.9948142001051337,0.3777616051922634,-3.0085209841621527e-05,-0.028498746257467785,0.22307856155956923,-0.7324488767268018,-0.6980589674390052,0.34950960434696415,0.00021732288984461346,0.0005981895454551916,0.00037951824108118975
Track_21,56.444581724231455,held-out (not trained on),0.4875015060740163,0.512922830685862,0.2943574078856783,0.8185944930015807,0.6113427790996543,0.23366682137144346,1.306095999075597,1.2834936401112715,0.1644589859245541,0.8402019739151001,0.9713366256191127,0.37618310302710256,-3.43738422861099e-05,-0.053910163475791625,0.21046289738388074,-0.5380656876396449,-0.6976941821913663,0.3494928895321402,0.0002544325899014212,0.0006449219197809304,0.00037850103968436295
Track_21,56.71834288098217,held-out (not trained on),0.5042385971878629,0.5262006494610179,0.1806332709922123,0.7963365394755664,0.6095979612679199,0.1863774795235616,1.3005751366634293,1.2155291334444065,0.13127379642467793,0.8521479964256287,0.7803820075575643,0.3455953375870957,0.0009924393128583468,-0.1391969894020907,0.10494928622186081,-0.5130964576511621,-0.6969322774123704,0.3478031478188849,0.0002594806468990652,0.0007338487833873765,0.0003539359498420291
Track_21,56.86488717652277,held-out (not trained on),0.5024746751028394,0.5719369411271298,0.1984238338686522,0.7960839664179181,0.5978745919497399,0.19736868145444667,1.2985586415207575,1.2534584744717372,0.13906716934224572,1.2941499948501587,0.8069152695751058,0.3550901947587947,0.0005706798197867034,-0.1106567719760735,0.11758442950786047,-0.44677853076400886,-0.7059143413141301,0.3487159435233578,0.00026126388180977437,0.0006391509486029954,0.0003622542302980419
Track_21,57.109684357533375,held-out (not trained on),0.5257826402367823,0.8248106165562705,0.4315057867440724,0.77793367402962,0.5965162150217199,0.2532762164861411,1.3037163142664023,1.4215420201755393,0.17828864105351114,1.2941499948501587,1.1352297343956437,0.3818870964683386,0.0008357158754894472,0.020817253470990844,0.6451881642349822,-0.1128372419394562,-0.697207868590123,0.349526281460585,0.00031306354506603016,0.0005496165556178402,0.0003817667775301315
Track_21,57.34059981109082,held-out (not trained on),0.5193733656073947,0.6542874858508456,0.30363161875453865,0.7731901763444877,0.6149499897065083,0.2349937991229808,1.2925635419518824,1.354841773550541,0.1653976954646327,1.2861859798431396,0.9846741627541661,0.37634500854288266,0.0007209854671145876,-0.028574638803569554,0.22865145643052223,-0.1442909127503735,-0.6941045109936247,0.34948005672218485,0.00029188543830400775,0.0005150033371867024,0.00037835906159951237
Track_21,57.41250207582268,held-out (not trained on),0.520198322862268,0.6613566153129314,0.3011066040288362,0.773396414589597,0.6139019357989862,0.2342387852905206,1.2935947374518648,1.3552384341804564,0.16486722708471038,0.7884359955787659,0.9819501977493132,0.37597116679345743,0.0006478728727428538,-0.024827861720540814,0.2248340391943141,-0.15988102658519043,-0.6933230580462592,0.34947257162674955,0.0002819951281375881,0.0005148325349327104,0.0003780857720139324
Track_21,57.718286541916264,held-out (not trained on),0.5145981406785577,0.6481865817590222,0.309277214889001,0.7750939206773066,0.6235643138451501,0.23617238583316247,1.2896920613558644,1.368865303350383,0.16626014866478311,0.7884359955787659,1.0306113262652503,0.3767134041581481,0.0011655066723277015,0.02499706687353337,0.2449155625284967,0.019392187312325407,-0.6953667931152342,0.3494789795304217,0.0003141971834353708,0.0005073068082006217,0.0003786768063227653
Track_21,57.76979577028941,held-out (not trained on),0.5181676626680382,0.671977631425685,0.35824547215439967,0.7736026535471122,0.6169075863923725,0.24822863170442017,1.2917703162151504,1.3954828752192834,0.17474344519714302,0.8083459734916687,1.101931038530253,0.38120067340038183,0.001555540428620009,0.04761243366993169,0.3164917279678893,0.03670405179529573,-0.6969766526158359,0.3495256611029449,0.00035042353915089433,0.0005350759146990381,0.0003814631962067232
Track_21,57.93932685294622,held-out (not trained on),0.5140746136110618,0.6772096517649535,0.3615315071062839,0.7775529231208255,0.61628572673438,0.2488066052166051,1.2916275367318872,1.3980283217661789,0.17513505031960397,0.804364025592804,1.1088144919699747,0.38132139586469754,0.0021190895837180927,0.04684010119884366,0.32260012545573785,-0.2731504039928118,-0.6970064153684998,0.34952590308207454,0.00035279332449638897,0.000537023179175049,0.00038153104177235245
Track_21,58.05943707373694,held-out (not trained on),0.5124770802637887,0.7011869803368146,0.17143084242726464,0.7800927613935773,0.5987534409128977,0.17619053672637916,1.292569841657366,1.3285305427729213,0.1242193371443288,0.804364025592804,0.6977422589887147,0.33300965686014616,0.0021632142710787576,-0.05924459491654617,0.10138529059195468,-0.6129112155704187,-0.6997764865013406,0.3453132863954226,0.000305882231791802,0.00047222256377171687,0.00034171441808154536
Track_21,58.24604323271066,held-out (not trained on),0.5095373579705379,0.7040028787866441,0.1952574794657624,0.7942741494254763,0.5910067073631127,0.19327510198458078,1.3038115073960141,1.329823806392511,0.13623815154757013,0.804364025592804,0.768526906407334,0.35079836301004114,0.0015432689945730058,-0.05585458262839006,0.11749040562924169,-0.8923148891156052,-0.6800358643950948,0.34821136717535245,0.0002827948872347043,0.000522506359218385,0.0003580709280748835
Track_21,58.41879583196837,held-out (not trained on),0.5088234531926918,0.7101318105940089,0.2122995207999115,0.7959399261322629,0.5930320095122344,0.2030727149013163,1.304763379324955,1.3414477990411726,0.14307613166641694,0.7964000105857849,0.8282782141494298,0.3583690850624196,0.0015924071454617955,-0.04032110179596156,0.13058160543111513,-0.6182730047554977,-0.6909974246048918,0.3488075614040987,0.00030609668672582074,0.0005175008901768679,0.0003647009621063839
Track_21,58.58818173370316,held-out (not trained on),0.5117425267914851,0.6045494574525113,0.2813304743013881,0.7952101577325646,0.6214090988891301,0.22734521812585162,1.3069526845240498,1.3375649139023793,0.16001851118716515,0.8003820180892944,0.9129840278038359,0.37202735351937183,0.0017694213366379772,0.034839894316209985,0.2012899367638575,-0.6733878721806477,-0.6939755475988882,0.3493639216261251,0.00035192062268649897,0.0004903027369384231,0.0003754656954508306
Track_21,58.93330584230178,held-out (not trained on),0.515772115186866,0.5674404994496592,0.29912049310463806,0.7861356421770802,0.6112015100769956,0.23460448901259884,1.3019077573639464,1.3220335006470936,0.16509363355476347,0.8083459734916687,0.9701209705737166,0.3762912395377566,0.0026827966419030137,0.04275541452746212,0.22006967897240978,-0.7628155126344056,-0.6950738407110667,0.34948631289175935,0.00023847906833441887,0.0004961665519957689,0.00037857339754276633
Track_21,59.27287284448758,held-out (not trained on),0.55078515920981,0.6013791297980685,0.2858934029320018,0.7573097697292192,0.6084602544042509,0.22872558181989522,1.3080949289390291,1.3278378374431914,0.1609390912734506,1.282204031944275,0.9461768837593774,0.37265848452210926,0.004889189727411856,0.037895093045859155,0.20816875575439686,0.7737098844414141,-0.6913627696385423,0.3493919712489767,0.0005593718957720716,0.0004787403769537763,0.0003760064344562135
Track_21,59.42302784713494,held-out (not trained on),0.5606370378300488,0.6309613155098679,0.3093614840739605,0.7571352603900955,0.6136273021784462,0.23680753031346047,1.3177722982201443,1.362284845641309,0.1666633856688344,0.8402019739151001,1.024175712873223,0.3771697762769456,0.005642360525062748,0.05260033554072385,0.24094702564743403,1.4692513246933925,-0.6963371116211098,0.3494930670670884,0.0005940554212206773,0.0005073694387138151,0.0003790402872020294
Track_21,59.58856194419353,held-out (not trained on),0.5596290121948908,0.5520809202794749,0.29631568320811175,0.7584761920429411,0.6147330954839635,0.23366753118959152,1.318105204237832,1.3190412543742376,0.16444185936317476,0.8402019739151001,0.968337092254546,0.37582464917746056,0.0056663361155723105,0.04311218253839193,0.21539136003463616,1.8083400401900676,-0.6943694381674941,0.3494782133120087,0.000577196936940016,0.0004974620875845428,0.0003782516154686856
Track_21,59.844613779305604,held-out (not trained on),0.5552589651122987,0.5707877724573636,0.18063059237536747,0.7621801820884188,0.6163323002332602,0.18400466400920082,1.3174391472007174,1.272829989840299,0.1296739867718942,0.8402019739151001,0.7075666207966539,0.34182385838981016,0.005864046531140196,-0.050010979459940624,0.10613693889745955,1.2549866317378038,-0.7166805304355695,0.34699677924866,0.0004685029874110547,0.0004671692921692408,0.00034982629661726576
Track_21,60.37096457605338,held-out (not trained on),0.589621565523613,0.5497600806198826,0.2841643176463036,0.7117943960535099,0.6231667608078703,0.22882963274120302,1.3014159615771228,1.3152000007764468,0.16104495433292762,1.2861859798431396,0.8956992044208361,0.373046887423028,0.005646556364120664,0.012248153945215333,0.20258638215123423,0.49114908251729456,-0.6981444321747153,0.34941000532133193,0.0005083192423427843,0.0005262374970437815,0.0003762733596744684
Track_21,60.39463651284359,held-out (not trained on),0.5903037406830673,0.5884994391290219,0.17610533147353252,0.7097161409567552,0.6272668866851228,0.18026455629281982,1.3000198816398225,1.2949174022202183,0.12699916764000982,1.2861859798431396,0.6936970644985231,0.3375580589708741,0.005579470716621898,-0.05770505239465058,0.10396323926611678,0.3231498941368673,-0.7129701104654421,0.34608065803647203,0.0005090950368674581,0.000492652913666039,0.0003458673378625149
Track_21,60.66609882982455,held-out (not trained on),0.5983470634694593,0.5274154839325234,0.28008566007726377,0.6956125626941602,0.6156315508545749,0.22741473326548578,1.2939596261636195,1.2930997377327613,0.16006098960479426,1.2861859798431396,0.890444331311892,0.3722020839967474,0.004727506979179452,0.020220073335884704,0.19395736310371667,-0.4379076888083874,-0.6945735845305966,0.34938385571879504,0.0003858949602649655,0.0005108984705440362,0.000375668088965731
Track_21,60.806739493493765,held-out (not trained on),0.5972206779269583,0.537391620933604,0.28812758744140543,0.6976273595040063,0.6188770209018521,0.23072808999000224,1.2948480374309645,1.3128423931872555,0.16240579850613138,1.2662760019302368,0.9434268749490253,0.374317750192974,0.004190602586203494,0.03640433464310683,0.20388994019539294,-0.21746517133241866,-0.6942390992348004,0.34944972673890096,0.0004920163398024683,0.0005052365223403945,0.00037718224971834734
Track_21,61.4221807770333,held-out (not trained on),0.5821017656193311,0.5621796037506168,0.1497005634320151,0.7483463033262002,0.6084675439129135,0.16166739321641416,1.3304480689455314,1.2373814794821842,0.11401289861384777,0.8202919960021973,0.58556751158247,0.3184587888593955,0.0031180625641864636,-0.06163431058614992,0.0843289405161683,1.2087805048697562,-0.6823697286470198,0.34184553728371625,0.0005476234836442421,0.0005463361859522587,0.0003269864780708854
Track_21,61.48723100523955,held-out (not trained on),0.5776438293941467,0.6532958339386795,0.1463366493545663,0.7531056657017939,0.6209930752847178,0.15239240476177365,1.3307494950959406,1.3170848033308302,0.10720445330237603,0.804364025592804,0.6673819210360998,0.3020441845827766,0.0028663954177334124,-0.0749295341944523,0.08899866005902438,1.6191520432134636,-0.6694745015780749,0.336541337885022,0.0005782649498192688,0.00038420072802302925,0.0003107036119210581
Track_21,61.7836268988877,held-out (not trained on),0.5670304512122712,0.534447519961301,0.28899096245848466,0.744983021956516,0.6176413191757898,0.2314259601204789,1.3120134731687874,1.3062918986192322,0.16291602929421847,1.2224739789962769,0.9280858950844879,0.3749056260800255,0.0021228980921913043,0.031755993657529874,0.20274270241805398,1.3555049377015558,-0.693200984574033,0.34946899158863054,0.0007228407073257821,0.0005470955613034849,0.00037758777259918735
Track_21,61.92507439393296,held-out (not trained on),0.5428687545407815,0.546579814736777,0.28732945920770125,0.7512812450587512,0.6200295433455947,0.23042602540799603,1.2941499995995327,1.3140153553427367,0.16222654776253287,1.2224739789962769,0.924058499218041,0.374282999776434,0.001837422434931443,0.027436882393104475,0.20180723794370853,0.24722338010274814,-0.6930361680734,0.34945379211664673,0.0005436114397687956,0.0005333844456388095,0.00037711453865533047
Track_21,62.165275849821754,held-out (not trained on),0.5410621470165631,0.5518436745706866,0.2827116621572283,0.7389612324417584,0.6234161794533142,0.2284995276934807,1.2800233794583216,1.316000149804526,0.16088790765308905,1.2224739789962769,0.9088373840625614,0.37313129642362053,0.001141776295780266,0.03110112520442434,0.1960350181690656,0.1532681372670357,-0.6917190609763925,0.34942105876860924,0.00048522016693016833,0.0005285734648063985,0.00037623709220689747
Track_21,62.712389076088215,held-out (not trained on),0.5584636010615475,0.5640831950640968,0.28295430224489976,0.7334494984363654,0.6155251485910618,0.22834679339224065,1.2919130994979129,1.3077592048895508,0.16072230126248946,1.210528016090393,0.9029475236150009,0.3728893406069727,0.0008159401555263134,0.007245196331130278,0.19733551100045976,2.8047549696984,-0.6892833491367031,0.349410989216696,0.00044885009415660486,0.0005535886709429964,0.00037607751194241717
Track_21,63.12552823551116,held-out (not trained on),0.5614619998936634,0.5847180818836087,0.28344677056198636,0.7159350416456086,0.6121264190484318,0.2280764027513985,1.277397041539272,1.3124554395848673,0.1605111043231294,1.210528016090393,0.9179931672064525,0.3725624996353062,0.0004911853212689028,-0.007817797786118935,0.20012689249988766,0.2830250500111205,-0.6868931528552743,0.349397217986678,0.0004621721796127088,0.0005382562206381889,0.00037580825536302607
Track_21,64.49095337832593,held-out (not trained on),0.4558041489931692,0.6697921962244673,0.2829751567065,0.8101862870839488,0.6049625090390109,0.227724490665526,1.265990436077118,1.3486731223145583,0.1602657720534422,0.8322380185127258,0.913979325408802,0.3722316282126722,-0.0026966093944935368,0.01799449059758973,0.20197241212820422,-1.0640152629441084,-0.6895988568240162,0.3493822505164461,0.00020881694573523412,0.0005206021633337497,0.000375597459760942
Track_21,64.52656729099964,held-out (not trained on),0.4555123552443489,0.6799362068512238,0.28760464987668244,0.8107794445185434,0.6079039989201501,0.22930631469747773,1.2662917997628924,1.3606353886753442,0.1613863893512893,0.8322380185127258,0.9409775930903583,0.3730655776577707,-0.0026402069175694783,0.02921198028195282,0.20988819869732422,-1.0778137199384632,-0.6950369423448036,0.3494059764267909,0.00023273295426356891,0.0005117451307745461,0.0003762351013673113
Track_21,64.5693470291888,held-out (not trained on),0.4504895288630786,0.6783426836166011,0.2888489818559592,0.812819800528872,0.6097848808901852,0.22996152451816404,1.2633093293919506,1.3625489201178478,0.16186437874354684,0.8322380185127258,0.9486614176437405,0.3735304456444786,-0.0026423604735111416,0.03460885050822762,0.21071896600426335,-1.0571427688729917,-0.6950492436874294,0.349419630727838,0.0002049117913194984,0.0005117569109429854,0.00037655871770825625
Track_21,64.5902192028911,held-out (not trained on),0.44587338774923296,0.6780621521327066,0.2876110304322007,0.815314499868287,0.6089416103088777,0.2294856217025366,1.26118788761752,1.3610004913351992,0.16153001721575933,0.8322380185127258,0.9449671962705681,0.37325059096373614,-0.0025972755944956107,0.02999101647927106,0.2090849806576033,-1.0733032156568787,-0.6950978266842304,0.3494123239817555,0.00019841483035301782,0.0005122969876825809,0.0003763607549791494
Track_21,64.61716478836635,held-out (not trained on),0.4418592189412668,0.7159327616057275,0.17805952042375162,0.8187214102878039,0.6050810444796959,0.17974230665262864,1.2605806292290707,1.3522430412822073,0.12677650204864538,0.8322380185127258,0.7566580125887814,0.33618641083124234,-0.002536074183527815,-0.030464056010922915,0.10618936381470048,-1.085739586859478,-0.6950623462419329,0.34577430067646137,0.00020028606701783742,0.00047332023708647616,0.0003443160272085647
Track_21,64.76017705324952,held-out (not trained on),0.4398444223688893,0.6813688108587312,0.19308027672797637,0.8220846928448317,0.6251692269467088,0.18376562712857147,1.2619291152137209,1.3453991522182427,0.1297957651755738,0.8322380185127258,0.8408763569877953,0.33704000265972583,-0.0017307104521556527,-0.02330677111151894,0.12221491495319478,-1.2413959557572793,-0.6805018114948092,0.3445719590057639,0.00021270297565745627,0.00043424528495125225,0.0003432042847813577
Track_21,64.92977041218874,held-out (not trained on),0.45169523750168394,0.7177879632992412,0.19839226543696611,0.8194194490691106,0.5909880289943593,0.19236892775285472,1.2711146865707945,1.3239992832721827,0.13543964349300608,0.8322380185127258,0.7345602857411078,0.3482561004888151,-0.0010012370133007343,-0.03290424306407477,0.12430080894016271,-1.287354879385828,-0.6808824316697224,0.3477237021873348,0.0002332046612995346,0.0004487096513881598,0.00035593693554915453
Track_21,65.39986935812777,held-out (not trained on),0.5266234689499752,0.5921218824685063,0.2881262513312513,0.7637666356991012,0.5977852046606192,0.23010750773938468,1.2903901046490764,1.3119836292382776,0.16192759232032045,0.7804719805717468,0.9327802009615174,0.3737435530000902,-0.0010437202896393198,0.02648090786133335,0.2098924135904358,-0.8873937367183673,-0.6950148364397046,0.3494353543890465,0.00040149463600417463,0.0004771472525503062,0.00037682259424950536
Track_21,65.67317400180585,held-out (not trained on),0.5073257634741446,0.6730160249421502,0.19396240851369756,0.7834268955306875,0.6083828569199353,0.1888459738269748,1.2907526590048322,1.3226973378020428,0.1329790114994199,0.7844539880752563,0.7971142374384383,0.3447674411280609,-0.0006563354908869126,-0.014509474747705985,0.12154184220679565,-0.3939411019068553,-0.6981708056021204,0.34714825752489376,0.0003757437642848572,0.0004478602959709419,0.0003523028362112508
Track_21,65.86744192061059,held-out (not trained on),0.48783466347541465,0.5386638259282148,0.27566226110295455,0.7991604297106485,0.6093483312693844,0.22517626759074813,1.2869950931860632,1.2889813215532369,0.1584725678684324,0.804364025592804,0.8621112250300045,0.3706107432242577,-0.0022075187295904006,0.013685176738522466,0.19162723092760922,-0.5324331758173318,-0.6949632950681051,0.3493181690188282,0.0004902208281852632,0.00046761768895325364,0.0003744854144652639
Track_21,65.90607011959257,held-out (not trained on),0.4851376900813019,0.5370181415986062,0.2712902073508555,0.7981292346856034,0.6128643554735379,0.22306630133163505,1.2832669247669053,1.2875037984173836,0.15698977172610368,0.804364025592804,0.8346418150442415,0.36905578574845244,-0.0023403908736634167,0.006203652480776587,0.18697100738876257,-0.6275607305787159,-0.6951315325463616,0.3492404535115905,0.0004729994042979135,0.0004621076399450332,0.0003732938637987535
Track_21,66.49021106154518,held-out (not trained on),0.48482039843897423,0.5503717769322246,0.15227031379684958,0.76256093180987,0.6190875678808222,0.16166458661191022,1.2473813302488441,1.2573884847822667,0.1139455227314648,1.246366024017334,0.5951190891235784,0.3160918683035415,-0.0004899054785234066,-0.055629267801890536,0.08787038443151825,-1.367002250233899,-0.7172031510937118,0.3406146763427538,0.00043252517420768984,0.00041833207640303125,0.00032484432161080415
Track_21,66.63380506792436,held-out (not trained on),0.5108065161097097,0.5105762575787935,0.2792309824907352,0.7394145646418233,0.6099040576720026,0.22702340173411503,1.250221080751533,1.2812948390535723,0.15978892474957512,1.246366024017334,0.8805028820642431,0.37193955362593817,0.0001835995621226636,0.015900839397562132,0.1941035792598525,-1.554337817834583,-0.6956500114033356,0.34937019529610847,0.0004743998462963932,0.0004897337546300789,0.0003754586417062553
Track_21,66.63813022928176,held-out (not trained on),0.5119328983276489,0.5122251024466187,0.2789861099316148,0.7389544930116114,0.6093785066230146,0.22687989197701222,1.2508873913392602,1.281454057526673,0.159687119622971,1.246366024017334,0.8795043520333683,0.37182965265879203,0.0002488497408757865,0.015942875303983604,0.1939246990709737,-1.5441191493799564,-0.6955549382084582,0.3493657056667993,0.0004733140188887537,0.0004888427618225242,0.0003753782494496122
Track_21,66.87059774682456,held-out (not trained on),0.5684741267645027,0.5309095659169618,0.2765538479632684,0.7239466359415853,0.6145479481367284,0.22521563958243446,1.292420762706088,1.2991527001195067,0.15851200849411742,1.246366024017334,0.878743784363849,0.37042391375708683,0.0031900955560204016,0.02608425221455614,0.19264616816971072,-0.6264466378444427,-0.6965735850122273,0.34930325356108455,0.0005355541616501795,0.0004726984590990545,0.0003743131404636569
Track_21,67.14713937277351,held-out (not trained on),0.5862900063811071,0.5210204088623194,0.2748888230623681,0.7291343421100145,0.6163206464855132,0.22464846066458044,1.3154243484911217,1.294605657599993,0.15811882935517427,0.7645440101623535,0.8687379930716423,0.37011359286374323,0.0026756873474477116,0.027141298885033433,0.19002133962933263,-0.6578399543866161,-0.6955558089999399,0.34929143574487787,0.00046512812281657075,0.00047802367068475616,0.00037407553537986774
Track_21,67.40218491212858,held-out (not trained on),0.5744867842510877,0.5003424678368484,0.2803011516479136,0.7532801765844641,0.6129296816166203,0.22774543974884767,1.3277669608355518,1.2824380869038607,0.16031308197448255,0.7645440101623535,0.8873518050250937,0.3725321427403342,0.0014312284105968006,0.02505591215646265,0.19388874228476194,-0.5827948958226726,-0.6937483867258671,0.34939595656264477,0.0004456131533829021,0.0005120048535491962,0.0003758783507986903
Track_21,67.41998821844274,held-out (not trained on),0.5727416844481966,0.5002274281634331,0.2806103807936498,0.7538513004542347,0.6125659351389878,0.227868461285375,1.3265929849024314,1.2816988386111074,0.16039840589382626,0.768526017665863,0.8868020926220256,0.3726062314328377,0.001286722167915886,0.023000822639562775,0.19429010575593514,-0.5695355792676338,-0.6938509170004687,0.34939870418524094,0.0004402772830730518,0.0005138952274380875,0.00037593566258802577
Track_21,67.67650966982407,held-out (not trained on),0.5543705436337991,0.5302455098772257,0.282192886261224,0.7631320575793901,0.6152002858080396,0.22805747718481698,1.3175026012131892,1.3024148431210905,0.16052102812751426,0.768526017665863,0.8994010963079753,0.37258320750339224,-0.0006082043035121387,0.031509157740451085,0.19787590936168414,-0.37146527512027655,-0.6946957364078713,0.34940103213430784,0.0003366381906925697,0.0005028277590358032,0.00037594188750274124
Track_21,67.80196066587717,held-out (not trained on),0.5261633878210151,0.5253434956467671,0.1770709192316067,0.7689226160486381,0.6156218785170715,0.18225152475641535,1.2950860038696532,1.2463058709971588,0.128508980067826,0.7725080251693726,0.6972608916569782,0.34056088034217363,-0.0017979669231150896,-0.035686565432466774,0.10200690847828976,-0.727993780314533,-0.6863696382708013,0.3469068861496009,0.0003337976129111711,0.0005024586763325314,0.0003487916631222619
Track_21,68.06241125980728,held-out (not trained on),0.5277730115349331,0.49421346138255856,0.2769664014038941,0.7594242874119017,0.6070828820385097,0.2262146346234625,1.2871972989468348,1.2664435540805095,0.15924057925582316,0.8163099884986877,0.8618156962805843,0.37153078744913864,0.0008776428763445964,0.004767867425476714,0.1898778410785547,-0.20301547057825642,-0.691495670745441,0.34936441101207805,0.00038009335439658166,0.0005482989881591606,0.00037513007583599855
Track_21,68.35281368205641,held-out (not trained on),0.48920133780865444,0.5027184629964931,0.2834465337910702,0.7787180252018429,0.5993562823544624,0.2290579274788874,1.2679193630104972,1.2687794213259354,0.16124874195584407,0.8123279809951782,0.8916587017122398,0.3734196402154717,0.0008648312251586089,0.0020652863957170355,0.19729506319290857,-0.9100409941627787,-0.6924930026584533,0.3494282424117291,0.00029324286872331473,0.000571826285181447,0.0003765057432947991
Track_21,68.57961280086715,held-out (not trained on),0.5013988373645273,0.5400570222455908,0.1761818962135221,0.759784639415988,0.5917488350730743,0.18179853456525866,1.2611834767805152,1.2333203869609817,0.12835791018789822,1.2423839569091797,0.6706178685451908,0.34069289032587474,0.0018805366047027873,-0.0494847745753106,0.10040071009157275,0.11952305508401519,-0.6769211349405685,0.34691285753574813,0.0003337922981206792,0.0005963466999841961,0.0003483761690318073
Track_21,70.2399074357325,held-out (not trained on),0.5009546347585807,0.6376516778418778,0.3036020076118873,0.7651468528456897,0.5956869802988141,0.2359671548270313,1.2661014876042704,1.3377165967374478,0.16609858426145033,0.7844539880752563,0.9724999371531485,0.3771132765012353,-0.002458431601487823,0.03155598765272495,0.22377667640493545,-0.8866219341152841,-0.6930308932817006,0.34949974420263236,0.00025167308163271594,0.0005453263904545876,0.0003790193309132693
Track_21,70.47178178619467,held-out (not trained on),0.5133607057461226,0.6661423331719356,0.291187957208208,0.755469481071153,0.5874206157375087,0.2311222539821946,1.2688301868172756,1.3349865399230922,0.16268141965798957,0.7924180030822754,0.9324762035920675,0.3743887662777578,-0.002745748320795406,0.008583142944593104,0.21044353856323628,-0.13991974697569232,-0.6938145951531085,0.3494465294347173,0.00038552721367024045,0.0005379555787003926,0.00037714481156032425
Track_21,70.57952625331285,held-out (not trained on),0.5198651673309357,0.6777722769027602,0.3032854947259215,0.7387799820102069,0.5869729603013332,0.23554548571944114,1.2586451493411426,1.3469139443758031,0.1657992568722082,0.8003820180892944,0.9716999835798031,0.376770420672125,-0.0019825720500642172,0.016807897692323395,0.2258491672774026,1.0718446817512417,-0.6947526843485361,0.3494921459804664,0.00042899598896668534,0.0005454633342060422,0.00037880087807335854
Track_21,70.75970096145754,held-out (not trained on),0.534746110914238,0.6849423094986936,0.2995771622071671,0.7169345063992231,0.5847677968041267,0.23425921340914718,1.251680617313461,1.3450898975566716,0.16489372949826409,1.1906180381774902,0.9606177329358719,0.37614737703971146,-0.0026957459569895716,0.009869854230206487,0.2212367901279673,1.0542767990134663,-0.6940642837707188,0.34948293775239037,0.0005135951447810011,0.0005432901684400837,0.0003783750290764951
Track_21,70.81765163192709,held-out (not trained on),0.533603862224822,0.6910496572861089,0.3024830350170399,0.7165378937683258,0.5859335923728647,0.23515250504522045,1.2501417559931478,1.3511119984892765,0.16551430800156341,1.1906180381774902,0.9723963355074506,0.37650492124767304,-0.002864173572517725,0.01761469881174283,0.22585695499220954,0.9472100399044281,-0.6948726390330685,0.3494863152092066,0.0005122344409954715,0.0005417922665262398,0.0003786290317828173
Track_21,71.19543019707466,held-out (not trained on),0.5078874433420569,0.7035790874180883,0.30637370083882737,0.7307366582739401,0.5838969695094238,0.23666891142848429,1.238624101615997,1.3541127675491382,0.1665921778625901,1.1906180381774902,0.9814820748599595,0.37740986367294665,-0.004202001071587739,0.009114178473153996,0.22937303193565783,-0.06106605381495981,-0.6931336121147503,0.34950288100825216,0.0005032963345497942,0.0005476648242497535,0.00037921473021199125
Track_21,71.4231136460951,held-out (not trained on),0.5035807852234159,0.5763123530276342,0.30464987303381064,0.725735298934437,0.6012906091669611,0.23654675037089745,1.229316084157853,1.3159100819887473,0.16647146068915494,1.1906180381774902,0.9747508941466067,0.3772970182831735,-0.004613008642703981,0.027565769293577597,0.2274273533833471,-0.54082170365044,-0.6964466023262347,0.34950279235418785,0.0004243027561510291,0.000491537143944426,0.0003792461911982969
Track_21,71.53086108260143,held-out (not trained on),0.48991241081366466,0.5747120584283391,0.2950091511945377,0.7338889191548029,0.6014199158596304,0.23310562798108703,1.2238013299684676,1.308010764931494,0.1640484178920418,1.1906180381774902,0.9418609397502915,0.3755580401357555,-0.0050324286061130185,0.02292972876872877,0.21577509536261938,-0.4011241925544712,-0.6960695891198365,0.3494760585207137,0.0004223175449114162,0.0004795012604793301,0.0003780868738579496
Track_21,71.9972590664925,held-out (not trained on),0.4607380185706682,0.5654950468702887,0.31581889898022225,0.7589596805582008,0.6027504737625867,0.24005136739873192,1.219697699128869,1.3242052939282507,0.16894484077711958,0.768526017665863,1.0092867781952055,0.3788055682532829,-0.006913196536452445,0.039654190727715116,0.24024235179316422,-0.34824628850441935,-0.6969023781558448,0.34951672011983415,0.00024489494789604746,0.0005071098449298814,0.0003801857813247852
Track_21,72.15978923014954,held-out (not trained on),0.49975679590115474,0.613134333723033,0.3313725875481135,0.7444601817026971,0.601500416486964,0.24347134412831783,1.2442169776038519,1.3532057126052497,0.171348224150457,0.7446339726448059,1.050033227068719,0.3798867978948602,-0.0057664943763206826,0.04179487071458424,0.2659008876955856,0.07531284674560781,-0.6977020906374889,0.3495215666595682,0.0003311000130897275,0.0005215768765103272,0.00038079466640351326
Track_21,72.74393738826055,held-out (not trained on),0.5579559351818495,0.5268948552109041,0.20015192010282012,0.7292453938746357,0.5979178573912861,0.19622996672230553,1.2872013290564852,1.244313780089084,0.1382732994357713,0.8163099884986877,0.7512957941388881,0.35260356341691873,-0.008147885948086955,-0.04325230944940406,0.12005242739362841,0.15306055506729227,-0.6894272419112434,0.34828853186486064,0.0005502983244025335,0.00047689522719284545,0.000359709849367878
Track_21,72.91849143684087,held-out (not trained on),0.5579400717974659,0.6020681366244388,0.31520899971884886,0.7362733865639128,0.6085188158996981,0.23896989526800597,1.2942134583613787,1.3515935312627556,0.1681986271360903,0.8163099884986877,1.0005468198586407,0.37813600115203455,-0.009260888047078076,0.005157045307158233,0.246229400590934,0.1853109693894956,-0.6944317539718262,0.349506194901812,0.0005657020531226769,0.0005308653014633411,0.000379703967383613
Track_21,72.93839433432194,held-out (not trained on),0.5546243831930883,0.5996114515719673,0.319719600495548,0.7395256178312568,0.6090435911495652,0.24036211185026474,1.294150001024345,1.35407135075395,0.16918144239250457,0.804364025592804,1.0111664780086413,0.37873700381000935,-0.009373984890143303,0.008668020552578771,0.25132918880812705,0.20575924244805333,-0.6949720419507471,0.3495126645376995,0.0005607458224542608,0.000533722492045921,0.00038008314264219723
Track_21,73.01228981582739,held-out (not trained on),0.5418851566742141,0.5894386688084374,0.3288799909303804,0.7524393553515355,0.6097204359446802,0.24295440303195914,1.2943245120257496,1.356210139728684,0.17100859794549556,0.7964000105857849,1.0292602153765709,0.37974593740875473,-0.01020238325313235,0.01261420300793098,0.2618402239111386,0.30722076219403016,-0.6958979991811896,0.3495206275712694,0.0006000439150560185,0.0005394772698967175,0.0003806952071479743
Track_21,73.12529918594365,held-out (not trained on),0.5260840738674559,0.5397337994531564,0.315793566383826,0.7558660964329404,0.6096734989062792,0.23981554908226208,1.2819501703003964,1.3273226896202261,0.16879312390800383,0.7884359955787659,0.9944297530867562,0.3786660651530604,-0.01185295404614629,0.016875533333808496,0.24140970644284962,0.08136146315570589,-0.6959879112066071,0.3495141405486225,0.0006494037440017331,0.0005421683128748349,0.00038006329855158844
Track_21,73.16719569998034,held-out (not trained on),0.5065514860408646,0.5244475830804647,0.3211112461148247,0.7574964928485098,0.6092045586073612,0.24148854590690055,1.2640479788893746,1.3248310578361635,0.16997448963246084,0.7884359955787659,1.0089788853026975,0.3793510249207929,-0.012358640085237668,0.027111667334511133,0.24663146902001623,-0.6279454239086376,-0.6966164978943828,0.34951953302223393,0.00042749494242776554,0.0005460552665202083,0.00038048048070639503
Track_21,73.44416633180114,held-out (not trained on),0.5110444867041006,0.5026837386487082,0.2887487361735629,0.7392876492553498,0.5961157172761798,0.2310644165016074,1.2503321359594504,1.2773035198160176,0.16265912044723196,0.7446339726448059,0.9140641975031417,0.37449771630223083,-0.012601763304408597,0.014113081734864596,0.2044932190379059,-0.9025718554923174,-0.6944980316665741,0.3494509874029081,0.00030532877291061263,0.0005386362204858677,0.00037727223726461887
Track_21,73.55418972632211,held-out (not trained on),0.5226097412080879,0.4899208245641529,0.2867004672125818,0.7324341675674773,0.6004280141769196,0.23032895840132472,1.2550439087755652,1.2722387790231495,0.16214719548934975,0.7964000105857849,0.9065345321143244,0.3741073561457886,-0.011716830481654379,0.007949425346101801,0.20149718315560305,-0.7392140920389505,-0.6934869816580863,0.3494411353347029,0.00044114024567176903,0.0005440511242810396,0.000376978688898776
Track_21,73.74336148710675,held-out (not trained on),0.5355234769473513,0.5347751515626384,0.24382596631590922,0.7258821110801393,0.5908538742380797,0.22003012964604549,1.2614055880274906,1.272863902811352,0.15508647267816994,0.7964000105857849,0.9064499938851759,0.3703472557124937,-0.011403752990779193,-0.03052359420686108,0.15221546337786762,-0.5083957884341899,-0.6948360454214526,0.34937548852076405,0.0005129483300437166,0.0005621241443296968,0.00037413975638707684
Track_21,74.16586802929692,held-out (not trained on),0.5725195886366871,0.5231280096695774,0.22349036345378773,0.7080027712768767,0.586192365523442,0.20998332244293932,1.2805223599135638,1.2514683481287112,0.1481180391349209,0.804364025592804,0.8411426460107768,0.36394694528535587,-0.011294640452714166,-0.04129153185609691,0.13522960062822711,0.2028683026623936,-0.6896843424157633,0.3491029213538024,0.0006338647569140305,0.0005938318119695898,0.0003688440178988333
Track_21,74.40414407704165,held-out (not trained on),0.5030646241043668,0.5439387770170183,0.3019768885177618,0.773348819687072,0.6064535274484767,0.23597146294981963,1.276413443791439,1.3148874777684625,0.16610236783086454,0.7764899730682373,0.967861213350148,0.3771643331731292,-0.014122169343349726,0.04382539350840291,0.21960986639759802,0.1608297770986546,-0.6943314416754065,0.34950235653842776,0.00037795393877446186,0.0005468824654681218,0.0003791137198849929
Track_21,74.54301338017063,held-out (not trained on),0.4781414253778192,0.5416380341113327,0.3018741581980296,0.7908950027716587,0.6100431651124997,0.23569322974647292,1.269036428149478,1.3143974343045917,0.16589610653977083,0.8083459734916687,0.9641357173238394,0.3769799098945325,-0.016299987866998066,0.03507909394186283,0.22041248106172603,-0.27407285349953464,-0.6939312871852149,0.34949774040580794,0.000402721128761861,0.0005443200515661415,0.0003789700741049927
Track_21,74.58616784343423,held-out (not trained on),0.46944765669416144,0.5407407937998463,0.30692552384741717,0.7956226361225326,0.6087523662347382,0.23744089430173101,1.2650702928166941,1.3172568377750413,0.16712948629292104,0.8083459734916687,0.97920902257565,0.37780953953891616,-0.016853549772180444,0.03592869291901597,0.22641287941689223,-0.429079735423764,-0.6945691082703803,0.34950811609423227,0.00036133892270356357,0.000549940190916108,0.00037951547868748817
Track_21,75.46052407216398,held-out (not trained on),0.5591616334905662,0.6121368529011934,0.32123429007494103,0.712000636109318,0.6021461692217503,0.2412689268058344,1.271162269599884,1.3536146159467008,0.169828356636096,0.7764899730682373,1.0277348123797208,0.3792587783743824,-0.02009903713572754,0.05091510826972115,0.2476133321590604,0.8988304093637557,-0.6960712649157935,0.34951913690062747,0.0005536816637363621,0.0005454522596635347,0.0003804146340312245
Track_21,75.62098913546492,held-out (not trained on),0.5620331138491156,0.6399229981581653,0.2718809388750334,0.703402055568429,0.5962759042492407,0.23124412789344115,1.2654351694175447,1.3419048761943397,0.1628388777595449,0.7804719805717468,0.9934554665248908,0.3760457760615321,-0.020218677780290774,-0.0267873411282467,0.17937552055081182,1.5531282998572986,-0.6950930257765443,0.349492790242224,0.0005893037336629462,0.0005508377559856967,0.000378401829548076
Track_21,75.70267854752078,held-out (not trained on),0.5595423808373303,0.6178611279662941,0.3155717546457271,0.699562837046931,0.5981841635289052,0.23964818009315464,1.2591052178842612,1.347466524592454,0.1686872675170316,0.8601120114326477,1.0121329726493085,0.3786364640266428,-0.020054676479137525,0.04301383849736165,0.23993499860594517,1.8118467001415826,-0.6955557018196402,0.34951460558598946,0.00063487321362709,0.0005496878565617909,0.00038002657741604217
Track_21,75.88506709873005,held-out (not trained on),0.526988344244748,0.5988847286670624,0.2911185895150031,0.7113660579896068,0.5988723719802346,0.23109933261031534,1.238354402234355,1.3163087051878597,0.16265527647965028,0.8601120114326477,0.9496064202176692,0.3744351318445246,-0.020336320949339768,0.013526884866744597,0.20953524850587063,1.6561699707096014,-0.6885291682808464,0.34944700879181373,0.0004294829551826581,0.0005349066119740874,0.00037713909972507024
Track_21,75.9285739190245,held-out (not trained on),0.5247355788589949,0.6009511571183095,0.1974313540730244,0.710699747876817,0.5897130260445292,0.19376733159475226,1.2354353267358118,1.2780764496219192,0.13665719241191707,0.8601120114326477,0.8052334335482922,0.35163442294370467,-0.02051389683795169,-0.031496458886019554,0.11848779609445269,1.6170859997756113,-0.6635343648392321,0.3481245129179176,0.0004355116073503779,0.000520201598666287,0.00035784565177792257
Track_21,76.31066640695701,held-out (not trained on),0.4891038184384426,0.6607706581402706,0.3172251254562613,0.7236293481878076,0.6058888018523916,0.23926918358800495,1.2127331666262502,1.3627304908312639,0.168401888215683,1.0273560285568237,1.024099624981322,0.3783230579697226,-0.02140488638820876,-0.0017660729349409715,0.2491613202808613,1.8505216284306085,-0.6965588662212693,0.34950946950195905,0.00037878434121961697,0.0005107962194884397,0.00037976459962896344
Track_21,77.10925318410256,held-out (not trained on),0.4949373158197554,0.7291297128071157,0.16656359683325608,0.723665290881717,0.5606587884271615,0.17284171553322228,1.2186026067014724,1.3183067032066598,0.12192740259048247,0.8879860043525696,0.6878777679713579,0.33094362583631254,-0.021952110175711224,-0.020236481630112227,0.09738326335987167,2.251694023658299,-0.6361428863568037,0.3449963210609454,0.0004198396919432787,0.0005410353695824654,0.0003388515295082738
Track_21,77.22489276000441,held-out (not trained on),0.5042128463586172,0.6958661340819301,0.30404403746073866,0.7179609172874026,0.5913799739868738,0.23556794775530465,1.22217376364602,1.358118579726903,0.16579377152466213,0.7486159801483154,0.9857031984576528,0.37673514447587014,-0.022146625898867137,0.031817504876659054,0.22792246448455067,2.5606914550666775,-0.6896474250622677,0.34949074958878296,0.0004894078826757284,0.0005406971231628171,0.0003787461482998208
Track_21,77.42550079498167,held-out (not trained on),0.5277657118214079,0.6811705069739376,0.2582374352818597,0.7078599888252547,0.5957265104796877,0.22311751414485945,1.2356257006466627,1.3492872864936785,0.15721300493477422,0.7486159801483154,0.9353364910425165,0.37151269487646676,-0.021874754521322537,-0.020528259613543393,0.17226797092225074,2.0543061496997255,-0.6859975212684954,0.3493647112899455,0.0006127801318569411,0.0005203168430206626,0.0003746327754908107
Track_21,77.65134327715892,held-out (not trained on),0.5146298685159342,0.705585064682223,0.3165651513257385,0.7284045716918323,0.5935052145296266,0.23964314122438415,1.2430344402077664,1.3697958966172197,0.16867169116137026,0.7406520247459412,1.0132400862570223,0.37861644664049915,-0.023250543651667153,0.04170183459391849,0.2435813022972892,-0.850374613209405,-0.6927876723147359,0.3495140056048014,0.00035295501846841875,0.0005451153969958586,0.00037998756715098707
Track_21,78.0127717375432,held-out (not trained on),0.4980514205072031,0.5655949265447563,0.29682460832180546,0.7298323821973991,0.5993169761902982,0.23384353880433875,1.2278838027046022,1.3037728061966471,0.16458372564996362,0.760562002658844,0.9493342371140923,0.37599136986931936,-0.02219055290078069,0.03611928501040698,0.2185175949160966,-0.6155530857548488,-0.6958336921094062,0.34948321676957783,0.0003893107328143561,0.0004802218933400295,0.00037836531386679787
Track_21,78.9476282902304,held-out (not trained on),0.5209915503800153,0.5502694860241002,0.30141838744027766,0.7210275603243079,0.601102321584974,0.2355313262175945,1.2420191107043232,1.3046123702269128,0.16578350496713223,0.7764899730682373,0.9576864919073221,0.3768326532612694,-0.022805351253238418,0.02957974265137418,0.22241227664045354,0.3479111697031746,-0.6964351050749283,0.3494955527632748,0.0004174415006510604,0.000493003702855806,0.0003789157261175335
Track_21,79.39817193087487,held-out (not trained on),0.5796586291723518,0.5350838928861668,0.3070848078450405,0.6883307386679478,0.6000863496644152,0.23750960041699382,1.2679893678402996,1.3050131405067782,0.16717977436142395,0.8441839814186096,0.9757460851988037,0.3777635175576861,-0.022842861906004448,0.032938839485256416,0.2278096567959876,1.2910386651720942,-0.6966601137571022,0.3495068693109585,0.0004563864315074448,0.0005115163300594968,0.00037951012684438775
Track_21,79.4958046441486,held-out (not trained on),0.5605101276678868,0.5209078694401614,0.2764482664309406,0.6925824355794139,0.6001327495087352,0.2255097042215648,1.2530925632473007,1.2726406727984039,0.15872812825331023,0.8521479964256287,0.8565928364183537,0.37081443062051483,-0.02351779333572574,0.01879946778968762,0.19220008374498182,1.3374581338566325,-0.6952028950753387,0.3493257830764775,0.00045550833575413584,0.0004720632740257336,0.00037461416467611964
Track_21,79.55626004571639,held-out (not trained on),0.5475646625477004,0.5281020016422476,0.29002111814237697,0.6972148817373937,0.5989657616879985,0.2314259233385718,1.2447795442850942,1.287850313814593,0.1628964900463865,0.8800219893455505,0.9197557964044594,0.3746501646826462,-0.023932775595651466,0.028649706883384213,0.20732004131924647,1.6376517305984657,-0.6961008962431886,0.34945422508074975,0.0004845510618120239,0.0004951590643450232,0.0003774102678338037
Track_21,79.69804797552794,held-out (not trained on),0.5369036889883626,0.5181726749721185,0.1997571658852361,0.6968341318972082,0.5674372714386855,0.19614720255434012,1.233737820885571,1.2090113791085626,0.13835676279238138,1.0592119693756104,0.7517526442480338,0.3528744894101153,-0.025636040132432696,-0.03338383962567093,0.11831392703542905,1.4769908122593343,-0.6882937624564905,0.348322198339826,0.00045626373634948133,0.00047903756411616483,0.0003595382800231787
Track_21,80.43721645879606,held-out (not trained on),0.4543604762311951,0.5229800125835555,0.2963656283512672,0.7450623391752699,0.6034776843689147,0.2338658780075902,1.199422815406465,1.2965259405236964,0.1646233676397149,0.768526017665863,0.9406645961802464,0.3760288526771055,-0.030197134823538363,0.03627630141640209,0.21400287626343756,1.1354076155221604,-0.6940147249313999,0.34948121053967035,0.0003717045161675607,0.0005250452305135619,0.0003783295849888095
Track_21,80.47088468457902,held-out (not trained on),0.4559627956009481,0.514597224000757,0.3291733815673254,0.7454430881843149,0.5894961078211901,0.24389298155860045,1.201405883785263,1.3094138587905122,0.1716559709831969,0.760562002658844,1.0490988243182835,0.38017929392152744,-0.03037538614976032,-0.03579042048741364,0.2577105276388915,0.9325585444735923,-0.6967338382752633,0.349523562384619,0.000351827500683597,0.000564072164770247,0.0003809632507529435
Track_21,80.6751890890792,held-out (not trained on),0.4799182526025164,0.5917280237102407,0.26873674794925856,0.7382564521524536,0.5953455582048245,0.2304042650101861,1.21817470475497,1.3117935603992799,0.16227741882917482,0.760562002658844,0.9841294868245434,0.3757545671863692,-0.030890538192847195,-0.038569900008730076,0.17519586163327694,0.66170192019173,-0.6968255430727609,0.3494903833018057,0.0004233708066324809,0.0005377425936326416,0.0003781908864276875
Track_21,80.97610154995247,held-out (not trained on),0.48978599450654453,0.6014492247989021,0.3010190398691286,0.7434646823694782,0.598727958990626,0.2349053717894765,1.2332506768760227,1.335575080078894,0.16532641990702582,0.760562002658844,0.9692977962089614,0.3763651364090677,-0.029870514740021184,0.041550972789083235,0.2238472346271173,0.02412500141752115,-0.6978028991472403,0.34948635411256385,0.000455168603084991,0.0005229091546637871,0.00037859127851534453
Track_21,81.26059892453586,held-out (not trained on),0.4977817276559503,0.5490944046580919,0.29325621282870523,0.7192665963058927,0.5991247860152565,0.2325425368989532,1.217048323961843,1.2992821834329864,0.16368507766635182,0.760562002658844,0.9334130486532901,0.3753458725024851,-0.02889784704476194,0.03015423265174468,0.2111509323924252,-0.393338755536184,-0.6915567543085585,0.349468606286524,0.0003333269327605516,0.0005424278504650637,0.00037784024515128897
Track_21,81.5229756164749,held-out (not trained on),0.45647046195558344,0.5760543716116338,0.3067720930914072,0.7593880241135677,0.6022661052274985,0.2370015707118706,1.215858486069151,1.3246452294188111,0.16680867911388753,0.7804719805717468,0.9765324212669814,0.37752646652253835,-0.030835060364542862,0.027959703736874515,0.22931396221134542,-1.1019333554466173,-0.6941965295612185,0.3495032481497318,0.00042393704033815945,0.0005388472014757914,0.0003793202212309014
Track_21,81.67452649819388,held-out (not trained on),0.44828435909225645,0.555557497557387,0.29095041512197,0.7609744784366562,0.5947994661722245,0.23169931397717433,1.2092588375289126,1.296025056793359,0.16310415822641278,0.7725080251693726,0.932868392814519,0.37491321050393545,-0.031628155773703724,0.03340691612890016,0.20714057457675902,-1.0291454650197367,-0.6902526191814138,0.34946206953808523,0.00036281799156276216,0.0005546298522140822,0.00037752221851710787
Track_21,81.94344124163968,held-out (not trained on),0.45459586405564867,0.6121048948545569,0.21444932168635775,0.7502909688249467,0.5787555496820058,0.2051149962596787,1.2048868328805953,1.2832678905561574,0.14467629679355593,1.1985820531845093,0.8277067659447684,0.36067457516555607,-0.031160074279264167,-0.02131941188564693,0.1290366721384675,-0.5541317006335236,-0.6833959470329306,0.3489635642597829,0.00022875590418738558,0.0005874518027085223,0.0003662726084726007
Track_21,82.01975084962002,held-out (not trained on),0.46805157461964275,0.5411161778341979,0.30028522909947647,0.7549935465314949,0.5942638179607483,0.23527915816214387,1.2230451211511377,1.2945565514047528,0.16563045383906583,0.7804719805717468,0.9770731714476939,0.3768404262490792,-0.0309545572524016,-0.003735639870725422,0.21886517662711613,-0.5173009856453606,-0.6935649126350237,0.34949626629997727,0.00033912637417293003,0.000572336703452828,0.0003788415126151131
Track_21,82.04839890854191,held-out (not trained on),0.46951111213144553,0.5971547690362016,0.17902817773767965,0.7594038891602323,0.5698219488621454,0.18295419755743186,1.2289150012916779,1.2447041284223643,0.1292159979371918,0.7804719805717468,0.7299558570987784,0.34257451144737444,-0.031022811617335506,-0.01936480065445113,0.10305779228822562,0.2852568560919665,-0.6587919480546979,0.3471690960024193,0.0004560504071081583,0.0005609826819894866,0.00034941646062361387
Track_21,82.06753759036049,held-out (not trained on),0.47160523179992736,0.5952786023181649,0.16469514652383055,0.7603874907075646,0.5656060494685087,0.17247389532823143,1.231992722507492,1.2317278419613262,0.12188319290572969,0.7804719805717468,0.6900458866499382,0.33210194978418567,-0.031051280006220202,-0.020474174820885337,0.09337373913280672,1.2670299795087432,-0.6470381552016036,0.34535743009677516,0.0005862783838079972,0.0005448005297065787,0.00033912644949465583
Track_21,82.10505743746765,held-out (not trained on),0.47696744588266804,0.595925502032418,0.14422607408531274,0.7611489889631233,0.5590176318040493,0.15575531705733442,1.2381164348457914,1.2141399913405004,0.1101251479694326,0.7804719805717468,0.6433504230369027,0.3129090987605841,-0.030974611806634224,-0.025528349436168583,0.0804880061455049,1.472562856493522,-0.627001439699109,0.3402655880573773,0.0006604281430061056,0.0004981580475896722,0.0003195016078997434
Track_21,82.20264070881595,held-out (not trained on),0.4893909552031093,0.5999356877606498,0.29825194150031037,0.7546048030730278,0.5949232544425336,0.23412009824314725,1.2439957582761372,1.3189585276687221,0.1647943031089519,0.7804719805717468,0.9641137255021679,0.3762126415466964,-0.030386522587837347,0.031661982900936345,0.21764401729907293,1.5381037353514715,-0.6914020335204589,0.3494849312234761,0.0007121567082427353,0.0005433066055225145,0.00037839389417743943
Track_21,82.35907116508676,held-out (not trained on),0.5050952775307386,0.6094142777148356,0.2984937082018129,0.7524710856823332,0.5928713692624048,0.23402909662027946,1.2575663632130718,1.3209328529237645,0.16473085100286225,0.7804719805717468,0.9658009520953941,0.37612837609230393,-0.02977554181815831,0.02772252611038311,0.21837479683256228,0.8647987081421901,-0.6911128457085662,0.3494823655348255,0.000641217086029247,0.0005416827650797687,0.00037832201272914977
Track_21,82.44975311325351,held-out (not trained on),0.52913005786588,0.6150544139176811,0.29454724222946865,0.7340047593373227,0.5913022073679318,0.23246472807986185,1.2631348172032026,1.3186097544041813,0.1636291552896621,0.760562002658844,0.9574404679622088,0.3752608886259199,-0.029249052749946713,0.025954262699293303,0.21373433106955816,0.5212720655803249,-0.6899336576068871,0.3494641584012306,0.0005928070459793904,0.0005390897185247957,0.0003777030955701039
Track_21,82.51721905146869,held-out (not trained on),0.5387235121831061,0.6218329917964431,0.2872676140770624,0.7243289617555482,0.5889045133024811,0.22934527709560137,1.2630524739386544,1.3128421034841788,0.1614234278341748,0.760562002658844,0.9361413492724513,0.37333543640462397,-0.028664382881131666,0.01814104390827396,0.20580098887372317,0.19445249374116422,-0.6873990794176054,0.3494117776902337,0.000566329219144986,0.0005284118291523034,0.00037631338280937955
Track_21,82.61865155274869,held-out (not trained on),0.5239740832155919,0.624194046941789,0.30053751389367533,0.7296102803304376,0.5898136271473898,0.23482593766159576,1.2535843635460295,1.324437861511884,0.1652990843056183,0.7565799951553345,0.9781942614796206,0.3765625402062238,-0.02807947985180046,0.014305859007296674,0.22076413499629452,-0.11603176672068387,-0.6922340526868518,0.34949004487208,0.00052490869171411,0.0005509794120285348,0.0003786193925927528
Track_21,82.68571452929723,held-out (not trained on),0.5089820938043861,0.6453096532259336,0.28806638653054906,0.7436186700940607,0.5858105639872109,0.22950233720328722,1.2526007638984467,1.3199472703416326,0.16153044317132967,0.760562002658844,0.9410361955909952,0.37337761901606437,-0.02802497660462371,0.0112017966041886,0.20748120718754978,-0.23042280791710895,-0.6872412787501975,0.3494093715063114,0.0004300517310975323,0.000526974292810591,0.00037633020811612315
Track_21,83.45708536827938,held-out (not trained on),0.5075542930350361,0.7118334611979902,0.29436945573583234,0.7185209601286398,0.579440324932701,0.23197052347014863,1.2260752531636758,1.346963542220481,0.16326581881462757,0.7725080251693726,0.9620682225782381,0.3748433393806556,-0.027794940919380322,0.011483631700203743,0.21607207524964073,1.5513576436622822,-0.6878412868973467,0.34945027649968036,0.0004737502709792459,0.0005380685856809778,0.00037740566109569336
Track_21,83.86323392424389,held-out (not trained on),0.5385536063477337,0.7500811999371617,0.29793023431790955,0.6867442839886563,0.5786640961818872,0.2327739435211383,1.22529789033639,1.3674954216767707,0.16382286384771882,1.0472660064697266,0.9636055146484879,0.37492279487914343,-0.027471556673308768,0.029931709715082955,0.22325612028277445,2.231538706156238,-0.6923933714478627,0.349438482738999,0.0006516685003157606,0.0005374519940200841,0.00037746798850346234
Track_21,84.02687302016582,held-out (not trained on),0.5183897733213417,0.7574187377961844,0.32286930145490766,0.697405256835588,0.5878713647878531,0.2408949968129441,1.2157950301569296,1.3848437090223025,0.16953843615236205,1.0472660064697266,1.0295783012610622,0.3788874756453481,-0.027404127976452686,0.030183097566243884,0.25770483095737967,2.3165646696535696,-0.6956741234920493,0.34951393561802824,0.0005657779009126878,0.0005382809102064073,0.0003801910060493763
Track_21,84.04530516851764,held-out (not trained on),0.514090482932163,0.7558754501963214,0.32161942091499823,0.7015776316008245,0.5882178391724412,0.2405509606478104,1.2156681145329875,1.3843232326105706,0.1692960450176114,1.0472660064697266,1.0275109433488874,0.37875161709988353,-0.027376881084475384,0.02968999021287183,0.25604912986961426,2.0736530394651513,-0.6956233291837745,0.3495128327312806,0.0005290758589779582,0.0005374612895637044,0.00038010914019709406
Track_21,84.07676300752443,held-out (not trained on),0.5145981480400875,0.7529524426928554,0.32021948717882465,0.6980398392297357,0.590070440046007,0.24016036747587105,1.2126379872698232,1.384080077782673,0.1690273291771713,1.0472660064697266,1.0250020424538107,0.37862654414302216,-0.027310134034114055,0.026247277023051983,0.25466541086180344,2.297605017106533,-0.6956863348459278,0.3495126220248267,0.0005458628430055789,0.0005340447082326763,0.0003800347222196502
Track_21,84.34866608219019,held-out (not trained on),0.5149737336332836,0.587710082055247,0.2978250255112215,0.6980667213598887,0.5933781385328994,0.23402775028014045,1.2130404549931724,1.3057168218850101,0.16469799398107926,0.8362200260162354,0.9509454561694329,0.37600338072488654,-0.02621733355600902,0.04524204029079752,0.22035661610355387,2.2390277443142557,-0.6966614427743448,0.34948409422373977,0.0006157356627014384,0.00048057136931897807,0.00037839806001613616
Track_21,84.79848929376705,held-out (not trained on),0.5306647084062062,0.5996147849350586,0.32779723373297803,0.6875112600742824,0.595730392683586,0.24309536684927396,1.2181759684804887,1.334632674996166,0.17109339649324362,1.0034639835357666,1.0321133887408869,0.3798777240275338,-0.023711318728992663,0.05196793459864869,0.2573523319700213,1.3277561579195154,-0.6970792377949387,0.3495225399317492,0.0004247467810658684,0.0005146935690246161,0.0003808070900449079
Track_21,84.99719570454496,held-out (not trained on),0.5503092275197763,0.5706524590431924,0.3073820621807383,0.6720537187093758,0.5989914295065436,0.23758994119252097,1.222362946229152,1.314103127850236,0.16722956758478358,1.0034639835357666,0.9821986364570874,0.3778030805910631,-0.021907395150512456,0.05252334753562386,0.2290855838088316,1.2337827108960084,-0.6964803019883156,0.34950753187646655,0.00043907945796133307,0.0004960877824112334,0.00037954977214884456
Track_21,85.48007485340187,held-out (not trained on),0.5605894483893041,0.5820792420667998,0.2997579924878848,0.6548882841588967,0.5990718128136242,0.23446397588749116,1.2154777325482007,1.3194598212497783,0.16504001096214724,1.0432840585708618,0.9495500692025499,0.37617407171542294,-0.01739776792425302,0.03133717541075923,0.2237406871585385,1.386156183771672,-0.6923283595802309,0.3494805659070693,0.0004524072635724274,0.0005096851880371784,0.0003784333361290174
Track_21,85.62842575398622,held-out (not trained on),0.5398068976592257,0.5535966652448943,0.23701148040096395,0.6732118312581127,0.5925611854326268,0.21634189136736443,1.2130187289173384,1.2694101197180505,0.15244503399422957,0.7446339726448059,0.8703567270946213,0.36780959187232154,-0.016633467760500537,-0.019405615564359782,0.14784493490857226,0.5881531230965932,-0.689968774586089,0.3492882824362905,0.00044281175763453235,0.00048126097216007787,0.000372271000041251
Track_21,85.7553461059095,held-out (not trained on),0.5110286165518589,0.5404061993934226,0.2567164572031397,0.7024184536648936,0.572576501331485,0.22486751462783386,1.2134470702167526,1.259615013044513,0.15844227078817635,0.7565799951553345,0.9307244143082334,0.37274455276395274,-0.01637660215298335,-0.02579700602652672,0.16497583361326248,-0.34238137356612586,-0.6951144174261739,0.3494309561842679,0.00036549053139046803,0.0005202704243470844,0.0003759147262307649
Track_21,85.8597721541588,held-out (not trained on),0.49042057468596684,0.5982916838492968,0.31518208496304273,0.7183781833762667,0.5882124496465755,0.23925234831492537,1.2087987580622335,1.3320477286945431,0.1683919158306811,0.7565799951553345,1.0097163614229223,0.378282581100312,-0.01612450658756109,0.03624693781148601,0.24232513275023648,-0.9278729788871712,-0.6987672179413024,0.34950745113673326,0.00029636225243622155,0.0005212101346812584,0.0003798003810520748
Track_21,85.99992534927432,held-out (not trained on),0.4738421276271106,0.5990578538910034,0.24112227909956646,0.7358767741704842,0.5794306509474252,0.21798675855998315,1.2097189017975947,1.2875520304114234,0.1536235198897505,0.7565799951553345,0.9100369040534344,0.36867051714733146,-0.015989841239407977,-0.021289166748428408,0.15154493466562838,-1.0720294176233272,-0.6998328122783485,0.3492866541208538,0.0002944627422263699,0.000508308723378829,0.0003727702045885388
Track_21,86.0280838394917,held-out (not trained on),0.4675756327184548,0.5726383248967433,0.30853301492258284,0.7385896111864493,0.5914352423856856,0.23755963726431448,1.206165243904904,1.3201956071272485,0.1672097083901359,0.7565799951553345,0.9875663105917251,0.3776609556429103,-0.016003436568307685,0.04181939573477582,0.2317493816019018,-0.9791519737241496,-0.6978970044074405,0.34950275487748683,0.00028258477283384803,0.0005218810033467806,0.0003794137321295685
Track_21,86.13123745078278,held-out (not trained on),0.42845367257338596,0.5662168119216162,0.30082573299978776,0.7567227825937993,0.5903272246423173,0.23496952421052672,1.1851764551671853,1.312057973097928,0.1653865322887698,0.760562002658844,0.9633413261059304,0.3764130137804336,-0.01582065733253128,0.03932196166774489,0.22234368252807996,-0.7457402414031612,-0.697914634791504,0.34948433523419126,0.0002957507624434371,0.0005177504578921033,0.0003785848233048989
Track_21,86.2206833148617,held-out (not trained on),0.41490535254022515,0.5777377605727264,0.3126466496527679,0.763734910948818,0.5925207001085241,0.23879974583617541,1.1786402634890432,1.3275175305674822,0.1680798707954949,0.7725080251693726,0.9998057534333181,0.37819053635143984,-0.01532313814498933,0.043420059372913364,0.23729106187753873,-0.7349818363880322,-0.6978893695978163,0.3495085946960747,0.00029451412758455165,0.0005275602053267156,0.00037975415396044606
Track_21,86.25330707671193,held-out (not trained on),0.4141755824782459,0.5777169885277448,0.30901461767740546,0.7655593338478134,0.591949378657674,0.2376030954243294,1.1797349163260593,1.3253914906376307,0.16723510608157763,0.7725080251693726,0.9896427192591548,0.3776408454467912,-0.015211383655038943,0.043810522468756066,0.23305778808215194,-0.8286803067140684,-0.6980449915401118,0.34950202624404436,0.0003130493528973058,0.0005261754673415783,0.0003794019269676743
Track_21,86.31415442262369,held-out (not trained on),0.4181575845199752,0.5739182999361856,0.3050085189981184,0.767003006787889,0.5908964940679922,0.2363094461403162,1.1851605913078642,1.319631760533311,0.16632736839471307,0.7725080251693726,0.9756343829145586,0.3770531529990467,-0.01503545398184334,0.04103274830827704,0.22787769031325691,-1.0623002557704626,-0.6977798379879822,0.3494945567489807,0.0003346074821618539,0.0005250151770771537,0.0003790165915755175
Track_21,87.10296695390616,held-out (not trained on),0.5098070518903999,0.615977539280012,0.29363742815777194,0.6857765485565975,0.5966116852623519,0.23196175371433095,1.1955836004469975,1.3293594065080288,0.16324470984696648,0.7127779722213745,0.940655116887614,0.3748269507942671,-0.009783150888923666,0.052706898825709655,0.21631762585840053,-0.5461974134727364,-0.6931324637815677,0.3494536049276914,0.00039196783783779107,0.0005088832043727226,0.00037747945787590853
Track_21,87.6921885547475,held-out (not trained on),0.43481536316444197,0.5711657548227527,0.16186952438458344,0.6733704765598137,0.5581504022127382,0.16978528229887113,1.1081858397242557,1.2092633642640251,0.11991759067026599,0.6968500018119812,0.7506991682765223,0.32860751567439983,-0.009321215987026767,-0.004421943918885316,0.09245123425174571,-0.7397605123372981,-0.6346045741573574,0.34449816701252434,0.0006033962287367325,0.0005279312733126695,0.0003358386105679781
Track_21,87.86930154046678,held-out (not trained on),0.4238529655919132,0.6146400954822102,0.28375122778900463,0.6873154088676688,0.5849273092389558,0.22841916831468748,1.111168374459582,1.3076938323908252,0.1607729053973719,0.6968500018119812,0.9330570668999268,0.3728546631851608,-0.009633738093682388,0.05985504617454719,0.200471690458202,-0.9051700056116536,-0.6848001454777941,0.3494045260455955,0.00041672544028324926,0.0005359298625288891,0.00037602393746930457
Track_21,88.11969139133095,held-out (not trained on),0.3927484521908419,0.6822488150522314,0.3140881978806592,0.7084799674413507,0.5894269796492988,0.2388180705091052,1.1012284196321926,1.3623117098671025,0.168077547734429,0.7207419872283936,1.0096672389987287,0.3781592670946607,-0.008247767219636742,0.055303536688143,0.24286160418360267,-1.1812446602428137,-0.694786360464803,0.3495094295188445,0.0003795204067628904,0.0005399098268664738,0.0003797491915458549
Track_21,88.19437924062998,held-out (not trained on),0.393170938964384,0.676197800330535,0.30841950251990013,0.7057658727781706,0.5873159498511269,0.23710554355617064,1.0989368117425546,1.3563827379922906,0.16687222330059956,0.7207419872283936,0.9964936614893053,0.3773869665313388,-0.0072162519435450025,0.06135299855386932,0.23435430761828743,-1.2564910915572896,-0.6939997322558259,0.3494991738609001,0.00039136395200485124,0.0005441185885272388,0.00037923246306984854
Track_21,88.27436272998781,held-out (not trained on),0.4049265648858006,0.6795726450749517,0.2891990978133391,0.707733075397898,0.5808333126398693,0.22983894669195698,1.1126596402836986,1.3422513526273219,0.16173846849102988,0.7326880097389221,0.9395983469185174,0.37331877773687494,-0.005493940192489742,0.05707951805453808,0.2117186115718345,-1.3877879600518912,-0.6903493438250097,0.34940586769796644,0.0003864325456094585,0.0005357175263154406,0.00037638905303303817
Track_21,88.96775999149577,held-out (not trained on),0.5002308513910051,0.7073484684966788,0.3178174828878256,0.6876060685941151,0.584660989778752,0.23985137771312712,1.1878369199851202,1.3674792549301453,0.16883013660152768,0.7446339726448059,1.023431827141929,0.37865540412920684,0.005188559769350521,0.06686767052376061,0.24622879424717414,1.529618580067578,-0.6940586181565986,0.3495129419225765,0.0005179925381375751,0.0005505206600046919,0.00037999574928046417
Track_21,88.98712256775775,held-out (not trained on),0.5023665831858418,0.7107888322838779,0.31773327078661673,0.6848722682056199,0.5843401429007989,0.23978644983851133,1.1872388513914618,1.3684787299100478,0.16878373458002421,0.7446339726448059,1.0229993002104205,0.3786109708761758,0.005229482399097168,0.06602744786969095,0.24641124205337564,1.5331695363786177,-0.6941369622998869,0.34951215298707433,0.0005500205129795371,0.0005502527293683679,0.0003799662984235696
Track_21,89.51914361691172,held-out (not trained on),0.4952751305473753,0.7503465271969799,0.3093627238474724,0.7143803162878728,0.5824160820321921,0.2369483710306896,1.209655446835248,1.3784423763926785,0.1667599475131184,0.7247239947319031,1.0051539330353436,0.3771641079989588,0.0060832465400751596,0.06445503098128516,0.23791868599463192,-1.048285199973878,-0.6934103865818508,0.34949048728012727,0.00044952852521202316,0.0005445211890628714,0.0003790411918667116
Track_21,89.55367825846884,held-out (not trained on),0.485692947746748,0.7418790981269812,0.31009077197402507,0.7217414633211386,0.582706996798069,0.23751238049552245,1.2074344110678867,1.3747047509505035,0.1671765880694597,0.7247239947319031,1.0077372743366708,0.37763211485155934,0.006007111992622758,0.0689432765025556,0.23707792495630498,-1.1459690428256546,-0.692726980219936,0.349501536165738,0.00048053658909812005,0.0005494406358208555,0.0003793393004364036
Track_21,90.78469115885477,held-out (not trained on),0.5141539371821034,0.6699894489278483,0.3334701123090329,0.667056387401672,0.5955186672812657,0.24417647259064043,1.1812103245837755,1.3545790615031,0.17184367323475291,1.178671956062317,1.0464119000552232,0.38016952539642684,0.020463767621642464,0.0593012808219526,0.2688898748202035,2.0773136552119564,-0.6968114684013081,0.34952361467787435,0.000542984731297053,0.0005132161282351357,0.00038097115210833414
Track_21,90.85368033043832,held-out (not trained on),0.5164384305239673,0.6229500436688473,0.31144209820237456,0.6621859729052539,0.5961709460797509,0.23818773796411105,1.1786244034292213,1.3271571193307437,0.16764641420726528,1.1348700523376465,0.9855948899845902,0.3779421623539677,0.020984642862618624,0.05682612089511917,0.23933531445206824,1.33630030023131,-0.6957543939799259,0.34950861258344523,0.0004945857186268946,0.0004919531621276181,0.00037962453024991517
Track_21,90.96626298998876,held-out (not trained on),0.5352061831381216,0.6437525493787779,0.3129117035907774,0.6574742037699042,0.5963614947695277,0.23849218631822808,1.1926803869080258,1.3382957664027082,0.16791432655692878,1.178671956062317,0.9927663550601384,0.378117912820162,0.022564460266975388,0.056283982548690464,0.24154052008239146,1.1894066321006167,-0.6950176159567475,0.3495090633186405,0.00041138297539372544,0.0004971187921274476,0.0003796876565848233
Track_21,90.99164484810967,held-out (not trained on),0.5380776644465458,0.654434791764301,0.3165479766864368,0.6551738456188445,0.5952884334067448,0.23945360258525322,1.1932515100653902,1.34469231357823,0.16861286152761895,1.178671956062317,1.003127028907347,0.37852325317392455,0.023143424686017655,0.05564086742741241,0.24654216253301395,1.5106032465778452,-0.6951042100818582,0.34951201249489505,0.0004231073151737917,0.0005037359992188879,0.00037991509456944395
Track_21,91.2032756563747,held-out (not trained on),0.5211819269030218,0.6354521172445502,0.2632708378972881,0.6690394558992044,0.5964411091631323,0.22687738356645404,1.1902213828022261,1.3102712743808203,0.15983438922636004,0.7446339726448059,0.9435765163301624,0.3737076957579134,0.02440510353812113,-0.0033108014019651057,0.17344087841788802,0.40977743179540665,-0.6937111915985241,0.3494544362138145,0.0003418342701597071,0.0004672552305031238,0.0003767085456743567
Track_21,91.7055526905751,held-out (not trained on),0.5262903059383788,0.6015828913191322,0.2901010108029234,0.6703720792118771,0.5970376003331413,0.23083849874227874,1.1966623851502558,1.3063377609950662,0.16244971188382906,0.7287060022354126,0.9104320846994413,0.37416690256342133,0.027991862401431877,0.06339505549988822,0.21239712357506838,-0.6251185969437585,-0.6952117923462393,0.34944517131843217,0.0004685770264298508,0.0004614342970581454,0.00037711905328475327
Track_21,91.7095096496634,held-out (not trained on),0.5262268478889389,0.6023504318348571,0.2913328804590466,0.6711018483239816,0.596984524092349,0.23134191945369248,1.1973286962129206,1.3073983700954062,0.16280479471653828,0.7326880097389221,0.9155195724560529,0.3744659193491094,0.028023871440633105,0.06319530638661876,0.2137725668017855,-0.6255374247509333,-0.6953176556347165,0.3494524211695329,0.0004704655070712368,0.00046327360505283774,0.0003773294045526621
Track_21,92.17170214821957,held-out (not trained on),0.5145981425783074,0.5789237531845901,0.3100485985501503,0.6844597912404642,0.5983078534252289,0.23830600849766642,1.1990579338187715,1.3165509450356785,0.1677233767263434,0.7366700172424316,0.9830193709877578,0.37807882893060824,0.03085626114681723,0.05650420666655109,0.23400510894362886,-0.4681199320199843,-0.6970689723781699,0.349510293828101,0.0004062971161697236,0.0004920436363749443,0.00037973195865743855
Track_21,92.75113643370736,held-out (not trained on),0.5045400242881471,0.5958172926314829,0.3114974044834971,0.6817628166590078,0.6023844567448271,0.2384974757785318,1.186302840947155,1.3328300283807504,0.16790149194951384,0.7048140168190002,0.9827629963343684,0.37817257715421054,0.032346749659344025,0.0626394710140747,0.2363792862877684,-0.5681544034676789,-0.6948282004265462,0.3495096821991086,0.00025266982376675334,0.000502755735124191,0.00037973134897687535
Track_21,93.13777874110664,held-out (not trained on),0.5300343435599034,0.5781460940615655,0.291648345986564,0.661836953277132,0.5963238188855768,0.23177742137600713,1.1918712968370353,1.3070579826635809,0.16312067238402572,0.6968500018119812,0.9263094467910283,0.3747195703867464,0.03339212902427949,0.062244233396914345,0.2113550917556537,-0.1036218050848299,-0.6992191288954247,0.3494518891462412,0.0004717576310399522,0.00048387182661471567,0.0003774733113441583
Track_21,93.43703826953248,held-out (not trained on),0.5137731905477455,0.5707019766021281,0.2951367865853154,0.6602187702855266,0.5980026572433043,0.23338808127326355,1.173991960833272,1.3069274783910538,0.1642869130091796,0.6968500018119812,0.9384053114208072,0.3757713784889461,0.03432437334665839,0.0663167850054005,0.2134474924367357,-0.11009824813963386,-0.6937247724499177,0.34947537218019264,0.000619127444005584,0.0005024271402539863,0.00037815129010336984
Track_21,93.43964568569587,held-out (not trained on),0.5138518209495242,0.5706604599710823,0.294763478551452,0.6602377196153005,0.5979038960082568,0.2332455554636688,1.1740895405648246,1.3065398801789658,0.16418637394694513,0.6968500018119812,0.9369142249468405,0.37569340220116204,0.0343322897433932,0.06635045383494768,0.21301910575318536,-0.11099035585836704,-0.6936735361292968,0.3494738311163812,0.0006194804275203031,0.0005020230492898828,0.00037809786490484293
Track_21,93.46134180571124,held-out (not trained on),0.5103305856070196,0.5480089169347682,0.29907665304519565,0.6624080771469025,0.5926419350130484,0.23483607568618659,1.172738662753922,1.2962831316793955,0.16529902948859762,0.6968500018119812,0.952322423064379,0.3764875150135809,0.034350261747387784,0.04836103601367575,0.2190114703199099,-0.09320993896610631,-0.6940097250585922,0.3494889547868544,0.0005755340582880886,0.0005215148558795345,0.00037864870763954634
Track_21,93.58959837143436,held-out (not trained on),0.48221861793700443,0.6038130357367146,0.30224314087611115,0.687553375840662,0.5966177063106891,0.23566804007640885,1.1697719937776665,1.3252214092696035,0.16589316303893897,0.6968500018119812,0.9607008959642376,0.3769115105753581,0.034957434982061386,0.06342242520490232,0.22351296555563804,-0.06878706402655993,-0.693221024352441,0.3494931737807613,0.000551969748676483,0.0005139353925959243,0.0003788962943255982
Track_21,93.65178720944752,held-out (not trained on),0.4692572901448406,0.6094024046359832,0.29713401222557706,0.6971355586412893,0.5935853476641207,0.23375084226882226,1.16639284878613,1.3217155545245247,0.1645352775031226,0.716759979724884,0.9421502358845054,0.37590522907707613,0.03530708310956305,0.06513951966960371,0.2179009085304586,-0.04272726230627163,-0.6920867327692631,0.34947522867161124,0.0005722982108225592,0.0005119011931247077,0.00037821523198007414
Track_21,94.07757566446506,held-out (not trained on),0.4323246383750106,0.6134091193401578,0.2901810192763746,0.7006416215424044,0.5849317421377237,0.23132801826887625,1.132966259917415,1.308559933856289,0.1628286870496701,0.7048140168190002,0.9271099724385239,0.37463581471405716,0.03740085330791772,0.06892388436705235,0.20743014713969374,-0.3253336940170265,-0.689046480076418,0.3494520397902907,0.00037240743512779187,0.0005340409999484747,0.00037734463756228275
Track_21,94.31308327796066,held-out (not trained on),0.43751234098140934,0.6334448737837368,0.28610430313803864,0.7126828077364253,0.5808609112456292,0.22947483558061854,1.1501951487178346,1.3111866329046318,0.16151854236576613,0.7127779722213745,0.9151568823763383,0.37344805969845907,0.03656180511260855,0.06851832535743592,0.2031781374266769,-0.5880719693096274,-0.6883005566778758,0.3494242321243915,0.00032877823156262823,0.0005392747344218153,0.00037651098486597175
Track_21,94.37309028259838,held-out (not trained on),0.4460157340919354,0.6749990415926919,0.20386060508269527,0.706939844407171,0.5652015994043649,0.1980629412307194,1.1529555784991063,1.2905756288141388,0.13971696495584957,0.7087960243225098,0.8023287944336388,0.35471053938365094,0.03663356303745373,0.010714944834784537,0.12282552726345429,-0.5790027255814655,-0.6767882327204938,0.3484888795748555,0.00034535543317189624,0.000575661666106146,0.00036109844566722753
Track_21,94.4521013353764,held-out (not trained on),0.458009328945462,0.6753277890847316,0.30384432674449346,0.6974845767555484,0.5848083943206298,0.2357636844433476,1.1554939057010103,1.3468069422557456,0.16592718278385918,0.7048140168190002,0.976537333747637,0.376738140853742,0.036826287541603074,0.05956539107509436,0.22678032773530749,-0.6202521742034137,-0.6941738315447366,0.349490873123299,0.00034315192382349663,0.0005440447326304963,0.0003788220047067014
Track_21,95.62739359397202,held-out (not trained on),0.5152803215966282,0.7136977344708482,0.2979098807334621,0.6557766970291555,0.579451700230135,0.23280104807616642,1.1710570186257838,1.3504536875558204,0.1638202968016465,1.1707079410552979,0.9648594821274222,0.3750243948427119,0.03717132821222957,0.07965505006718164,0.22406350515864862,-0.6203340069355524,-0.687152339716826,0.3494444270234256,0.00026854224842423776,0.0005242787448890695,0.0003775137408901631
Track_21,95.83978307307757,held-out (not trained on),0.5082206026135213,0.7363950437020815,0.32350593836130925,0.6566968417143917,0.589891449493903,0.24112078431407102,1.1649174443279129,1.3733526819729034,0.1696976253789959,1.1627440452575684,1.0197050774751462,0.3790483953955772,0.03630317962831921,0.06018698030079106,0.2584213944244092,-1.0788784557923576,-0.695322561180953,0.3495145770350577,0.00034524913174502,0.0005171561188122832,0.00038021608932103126
Track_21,96.06871031389781,held-out (not trained on),0.5193892409245806,0.7791411955213918,0.3177020749584677,0.6628364190993556,0.5800054025429184,0.2392919247407165,1.1822256600239363,1.3875597451745167,0.1684071797497204,0.6649940013885498,1.0226279550503599,0.3781359658305336,0.03751477746422901,0.07480139184939129,0.25020925400047755,-0.6114667575658149,-0.6942601973435995,0.3495023177470768,0.00025649607564874957,0.0005460294467953846,0.0003796709737662546
Track_21,96.32902157058726,held-out (not trained on),0.4923243311296896,0.8278533204416899,0.20013158131006978,0.6897744123204296,0.5458096222328777,0.19127804175201363,1.1820987434501191,1.3646057809326217,0.13463891974222422,0.6928679943084717,0.797394593157654,0.34461825892821435,0.037594695272313995,0.029422329818804036,0.127438393905885,-0.929931695588594,-0.6714581095078577,0.34647158697902375,0.00023185424363011305,0.0005219877942677993,0.0003520597957013077
Track_21,96.66697870513752,held-out (not trained on),0.4939901059070431,0.7878428392843752,0.301789570652663,0.6778442779207134,0.5719814621257352,0.23502374889156286,1.1718343838277565,1.3767677916212533,0.16539596466081907,0.7247239947319031,0.979136697901527,0.37644553856764784,0.040329532171397106,0.0848978846490399,0.22768180492618353,-0.8162567543405767,-0.6898261971293854,0.3494872569363469,0.00033949628827923425,0.0005537704169812505,0.0003786108234581196
Track_21,96.76661502601985,held-out (not trained on),0.4978293233599321,0.8047564560102858,0.22495964334266097,0.6782884853354013,0.5462825576420873,0.20783512214570546,1.1761178086953334,1.3480578159845966,0.14633620556833632,0.6809219717979431,0.808448840119437,0.3610669225682591,0.04102000602802565,0.03954615432158734,0.1447107418620229,-0.9354314814748129,-0.6622618209367587,0.348804511788557,0.0003622062190601702,0.0005716277121678967,0.0003665507536784987
Track_21,96.89656942458882,held-out (not trained on),0.49667121223600735,0.7922873200121573,0.3672447602543688,0.6764164691961619,0.5967053494803333,0.2502869993901455,1.1730876814321693,1.40364016507072,0.17616116653537908,0.6888859868049622,1.1029225268395857,0.38162021388484807,0.04181204747453512,-0.03282486844944675,0.32400411181515365,-0.7986535523124776,-0.6972660485746678,0.3495262252248338,0.0004300999695287321,0.0005388523544307969,0.0003816731896927154
Track_21,97.01521780928493,held-out (not trained on),0.49002396808083787,0.6663313843462138,0.2626918705749596,0.675337679980998,0.584663433247718,0.2240658496539955,1.1653616480618358,1.3200843283673858,0.15776196255437333,0.6888859868049622,0.9628165219140993,0.37128624425399104,0.04260167196393013,0.062430355029910733,0.18001588861987136,-0.532900412573468,-0.6910290521890107,0.3493671628497619,0.0003358111852375141,0.00048100948611654135,0.0003749019894366751
Track_21,97.10320341357803,held-out (not trained on),0.4914451651570816,0.6949935823416771,0.27487611391463335,0.6727367773474682,0.5762625425074948,0.22807551562185233,1.1641819425045499,1.3349157702558925,0.16066249907599853,0.6888859868049622,0.9765479954651777,0.3736691039800468,0.04348326201529004,0.06144715268974711,0.19373026849819444,-0.2742170314034335,-0.694155954056696,0.3494350949975066,0.00037889245441498473,0.0004967972612587589,0.0003765406294765337
Track_21,97.3991856118341,held-out (not trained on),0.5042861894485485,0.6506739573550937,0.3116050635668708,0.6575376641049803,0.5918574126819446,0.23784161342518553,1.1618238535535288,1.3340132403211138,0.16738092965043747,1.150797963142395,1.0066386987289089,0.37766807041070877,0.04250173915177584,0.08687694339306383,0.24328261585532207,-0.23305789300281418,-0.695411476374503,0.3495036220590744,0.0003664417127081629,0.0004993412982538779,0.0003794366984086638
Track_21,97.70705125848019,held-out (not trained on),0.5041909996731823,0.6965148387736021,0.32202866335912916,0.6654223412631517,0.5930026126159782,0.2405214766192902,1.169613340936334,1.3542111028931654,0.16924956439157532,0.6729580163955688,1.026137351208934,0.3786337690244826,0.039660224507998866,0.05163437167289717,0.26431709412604526,-0.26845793370825544,-0.6980333045623917,0.34951046257740015,0.0002447364876253406,0.0005252526121875113,0.00038004928142714074
Track_21,98.70549484805247,held-out (not trained on),0.32650813522685573,0.5836819883520696,0.19538765837494043,0.7262311328157961,0.5884052724163826,0.18764050592404108,1.0527392680426517,1.2644981711310679,0.13274476725981887,0.9795719981193542,0.7523099704344387,0.34338351508043824,0.021752201529268763,0.06410015215713454,0.12027266673779406,0.2663084724906411,-0.6731586606975641,0.3464166237508646,0.00041897934698123984,0.00037763676875174844,0.00034944602333756783
